from,to,cost,time_consumption,capacity_consumption,time_min_out_i,time_max_out_i,time_avg_out_i,time_min_in_j,time_max_in_j,time_avg_in_j,cap_min_out_i,cap_max_out_i,cap_avg_out_i,cap_min_in_j,cap_max_in_j,cap_avg_in_j,ready_i,due_i,ready_j,due_j,label
0,1,18.681541692269406,18.681541692269406,10.0,10.0,41.23105625617661,24.114638385342396,100.0,131.2310562561766,114.11463838534239,10.0,40.0,17.2,0.0,0.0,0.0,0,1236,912,967,1
0,2,20.615528128088304,20.615528128088304,30.0,10.0,41.23105625617661,24.114638385342396,100.0,131.2310562561766,114.11463838534239,10.0,40.0,17.2,0.0,0.0,0.0,0,1236,825,870,1
0,3,16.1245154965971,16.1245154965971,10.0,10.0,41.23105625617661,24.114638385342396,100.0,131.2310562561766,114.11463838534239,10.0,40.0,17.2,0.0,0.0,0.0,0,1236,65,146,1
0,4,18.110770276274835,18.110770276274835,10.0,10.0,41.23105625617661,24.114638385342396,100.0,131.2310562561766,114.11463838534239,10.0,40.0,17.2,0.0,0.0,0.0,0,1236,727,782,1
0,5,15.132745950421556,15.132745950421556,10.0,10.0,41.23105625617661,24.114638385342396,100.0,131.2310562561766,114.11463838534239,10.0,40.0,17.2,0.0,0.0,0.0,0,1236,15,67,1
0,6,19.0,19.0,20.0,10.0,41.23105625617661,24.114638385342396,100.0,131.2310562561766,114.11463838534239,10.0,40.0,17.2,0.0,0.0,0.0,0,1236,621,702,1
0,7,16.0,16.0,20.0,10.0,41.23105625617661,24.114638385342396,100.0,131.2310562561766,114.11463838534239,10.0,40.0,17.2,0.0,0.0,0.0,0,1236,170,225,1
0,8,18.110770276274835,18.110770276274835,20.0,10.0,41.23105625617661,24.114638385342396,100.0,131.2310562561766,114.11463838534239,10.0,40.0,17.2,0.0,0.0,0.0,0,1236,255,324,1
0,9,20.09975124224178,20.09975124224178,10.0,10.0,41.23105625617661,24.114638385342396,100.0,131.2310562561766,114.11463838534239,10.0,40.0,17.2,0.0,0.0,0.0,0,1236,534,605,1
0,10,16.76305461424021,16.76305461424021,10.0,10.0,41.23105625617661,24.114638385342396,100.0,131.2310562561766,114.11463838534239,10.0,40.0,17.2,0.0,0.0,0.0,0,1236,357,410,1
0,11,19.6468827043885,19.6468827043885,10.0,10.0,41.23105625617661,24.114638385342396,100.0,131.2310562561766,114.11463838534239,10.0,40.0,17.2,0.0,0.0,0.0,0,1236,448,505,1
0,12,38.07886552931954,38.07886552931954,20.0,10.0,41.23105625617661,24.114638385342396,100.0,131.2310562561766,114.11463838534239,10.0,40.0,17.2,0.0,0.0,0.0,0,1236,652,721,1
0,13,30.805843601498726,30.805843601498726,30.0,10.0,41.23105625617661,24.114638385342396,100.0,131.2310562561766,114.11463838534239,10.0,40.0,17.2,0.0,0.0,0.0,0,1236,30,92,1
0,14,39.35733730830886,39.35733730830886,10.0,10.0,41.23105625617661,24.114638385342396,100.0,131.2310562561766,114.11463838534239,10.0,40.0,17.2,0.0,0.0,0.0,0,1236,567,620,1
0,15,36.05551275463989,36.05551275463989,40.0,10.0,41.23105625617661,24.114638385342396,100.0,131.2310562561766,114.11463838534239,10.0,40.0,17.2,0.0,0.0,0.0,0,1236,384,429,1
0,16,40.311288741492746,40.311288741492746,40.0,10.0,41.23105625617661,24.114638385342396,100.0,131.2310562561766,114.11463838534239,10.0,40.0,17.2,0.0,0.0,0.0,0,1236,475,528,1
0,17,33.301651610693426,33.301651610693426,20.0,10.0,41.23105625617661,24.114638385342396,100.0,131.2310562561766,114.11463838534239,10.0,40.0,17.2,0.0,0.0,0.0,0,1236,99,148,1
0,18,35.35533905932738,35.35533905932738,20.0,10.0,41.23105625617661,24.114638385342396,100.0,131.2310562561766,114.11463838534239,10.0,40.0,17.2,0.0,0.0,0.0,0,1236,179,254,1
0,19,39.05124837953327,39.05124837953327,10.0,10.0,41.23105625617661,24.114638385342396,100.0,131.2310562561766,114.11463838534239,10.0,40.0,17.2,0.0,0.0,0.0,0,1236,278,345,1
0,20,10.0,10.0,10.0,10.0,41.23105625617661,24.114638385342396,100.0,131.2310562561766,114.11463838534239,10.0,40.0,17.2,0.0,0.0,0.0,0,1236,10,73,1
0,21,10.198039027185569,10.198039027185569,20.0,10.0,41.23105625617661,24.114638385342396,100.0,131.2310562561766,114.11463838534239,10.0,40.0,17.2,0.0,0.0,0.0,0,1236,914,965,1
0,22,12.165525060596439,12.165525060596439,20.0,10.0,41.23105625617661,24.114638385342396,100.0,131.2310562561766,114.11463838534239,10.0,40.0,17.2,0.0,0.0,0.0,0,1236,812,883,1
0,23,13.0,13.0,10.0,10.0,41.23105625617661,24.114638385342396,100.0,131.2310562561766,114.11463838534239,10.0,40.0,17.2,0.0,0.0,0.0,0,1236,732,777,1
0,24,15.0,15.0,10.0,10.0,41.23105625617661,24.114638385342396,100.0,131.2310562561766,114.11463838534239,10.0,40.0,17.2,0.0,0.0,0.0,0,1236,65,144,1
0,25,15.132745950421556,15.132745950421556,40.0,10.0,41.23105625617661,24.114638385342396,100.0,131.2310562561766,114.11463838534239,10.0,40.0,17.2,0.0,0.0,0.0,0,1236,169,224,1
0,26,15.811388300841896,15.811388300841896,10.0,10.0,41.23105625617661,24.114638385342396,100.0,131.2310562561766,114.11463838534239,10.0,40.0,17.2,0.0,0.0,0.0,0,1236,622,701,1
0,27,17.11724276862369,17.11724276862369,10.0,10.0,41.23105625617661,24.114638385342396,100.0,131.2310562561766,114.11463838534239,10.0,40.0,17.2,0.0,0.0,0.0,0,1236,261,316,1
0,28,17.72004514666935,17.72004514666935,20.0,10.0,41.23105625617661,24.114638385342396,100.0,131.2310562561766,114.11463838534239,10.0,40.0,17.2,0.0,0.0,0.0,0,1236,546,593,1
0,29,20.0,20.0,10.0,10.0,41.23105625617661,24.114638385342396,100.0,131.2310562561766,114.11463838534239,10.0,40.0,17.2,0.0,0.0,0.0,0,1236,358,405,1
0,30,20.615528128088304,20.615528128088304,10.0,10.0,41.23105625617661,24.114638385342396,100.0,131.2310562561766,114.11463838534239,10.0,40.0,17.2,0.0,0.0,0.0,0,1236,449,504,1
0,31,33.54101966249684,33.54101966249684,20.0,10.0,41.23105625617661,24.114638385342396,100.0,131.2310562561766,114.11463838534239,10.0,40.0,17.2,0.0,0.0,0.0,0,1236,200,237,1
0,32,31.622776601683793,31.622776601683793,30.0,10.0,41.23105625617661,24.114638385342396,100.0,131.2310562561766,114.11463838534239,10.0,40.0,17.2,0.0,0.0,0.0,0,1236,31,100,1
0,33,33.52610922848042,33.52610922848042,40.0,10.0,41.23105625617661,24.114638385342396,100.0,131.2310562561766,114.11463838534239,10.0,40.0,17.2,0.0,0.0,0.0,0,1236,87,158,1
0,34,32.38826948140329,32.38826948140329,20.0,10.0,41.23105625617661,24.114638385342396,100.0,131.2310562561766,114.11463838534239,10.0,40.0,17.2,0.0,0.0,0.0,0,1236,751,816,1
0,35,38.07886552931954,38.07886552931954,10.0,10.0,41.23105625617661,24.114638385342396,100.0,131.2310562561766,114.11463838534239,10.0,40.0,17.2,0.0,0.0,0.0,0,1236,283,344,1
0,36,35.35533905932738,35.35533905932738,10.0,10.0,41.23105625617661,24.114638385342396,100.0,131.2310562561766,114.11463838534239,10.0,40.0,17.2,0.0,0.0,0.0,0,1236,665,716,1
0,37,39.293765408777,39.293765408777,20.0,10.0,41.23105625617661,24.114638385342396,100.0,131.2310562561766,114.11463838534239,10.0,40.0,17.2,0.0,0.0,0.0,0,1236,383,434,1
0,38,41.23105625617661,41.23105625617661,30.0,10.0,41.23105625617661,24.114638385342396,100.0,131.2310562561766,114.11463838534239,10.0,40.0,17.2,0.0,0.0,0.0,0,1236,479,522,1
0,39,40.311288741492746,40.311288741492746,20.0,10.0,41.23105625617661,24.114638385342396,100.0,131.2310562561766,114.11463838534239,10.0,40.0,17.2,0.0,0.0,0.0,0,1236,567,624,1
0,40,20.615528128088304,20.615528128088304,10.0,10.0,41.23105625617661,24.114638385342396,100.0,131.2310562561766,114.11463838534239,10.0,40.0,17.2,0.0,0.0,0.0,0,1236,264,321,1
0,41,18.681541692269406,18.681541692269406,10.0,10.0,41.23105625617661,24.114638385342396,100.0,131.2310562561766,114.11463838534239,10.0,40.0,17.2,0.0,0.0,0.0,0,1236,166,235,1
0,42,19.313207915827967,19.313207915827967,20.0,10.0,41.23105625617661,24.114638385342396,100.0,131.2310562561766,114.11463838534239,10.0,40.0,17.2,0.0,0.0,0.0,0,1236,68,149,1
0,43,16.55294535724685,16.55294535724685,10.0,10.0,41.23105625617661,24.114638385342396,100.0,131.2310562561766,114.11463838534239,10.0,40.0,17.2,0.0,0.0,0.0,0,1236,16,80,1
0,44,21.540659228538015,21.540659228538015,10.0,10.0,41.23105625617661,24.114638385342396,100.0,131.2310562561766,114.11463838534239,10.0,40.0,17.2,0.0,0.0,0.0,0,1236,359,412,1
0,45,22.360679774997898,22.360679774997898,10.0,10.0,41.23105625617661,24.114638385342396,100.0,131.2310562561766,114.11463838534239,10.0,40.0,17.2,0.0,0.0,0.0,0,1236,541,600,1
0,46,20.591260281974,20.591260281974,30.0,10.0,41.23105625617661,24.114638385342396,100.0,131.2310562561766,114.11463838534239,10.0,40.0,17.2,0.0,0.0,0.0,0,1236,448,509,1
0,47,18.027756377319946,18.027756377319946,10.0,10.0,41.23105625617661,24.114638385342396,100.0,131.2310562561766,114.11463838534239,10.0,40.0,17.2,0.0,0.0,0.0,0,1236,1054,1127,1
0,48,23.323807579381203,23.323807579381203,10.0,10.0,41.23105625617661,24.114638385342396,100.0,131.2310562561766,114.11463838534239,10.0,40.0,17.2,0.0,0.0,0.0,0,1236,632,693,1
0,49,19.209372712298546,19.209372712298546,10.0,10.0,41.23105625617661,24.114638385342396,100.0,131.2310562561766,114.11463838534239,10.0,40.0,17.2,0.0,0.0,0.0,0,1236,1001,1066,1
0,50,22.80350850198276,22.80350850198276,10.0,10.0,41.23105625617661,24.114638385342396,100.0,131.2310562561766,114.11463838534239,10.0,40.0,17.2,0.0,0.0,0.0,0,1236,815,880,1
1,0,18.681541692269406,108.6815416922694,0.0,92.0,143.0,118.87615047932033,18.681541692269406,143.0,117.07615047932033,0.0,40.0,17.0,10.0,10.0,10.0,912,967,0,1236,1
1,2,2.0,92.0,30.0,92.0,143.0,118.87615047932033,18.681541692269406,143.0,117.07615047932033,0.0,40.0,17.0,10.0,10.0,10.0,912,967,825,870,0
1,3,3.605551275463989,93.605551275464,10.0,92.0,143.0,118.87615047932033,18.681541692269406,143.0,117.07615047932033,0.0,40.0,17.0,10.0,10.0,10.0,912,967,65,146,0
1,4,3.0,93.0,10.0,92.0,143.0,118.87615047932033,18.681541692269406,143.0,117.07615047932033,0.0,40.0,17.0,10.0,10.0,10.0,912,967,727,782,0
1,5,4.242640687119285,94.24264068711929,10.0,92.0,143.0,118.87615047932033,18.681541692269406,143.0,117.07615047932033,0.0,40.0,17.0,10.0,10.0,10.0,912,967,15,67,0
1,6,5.0990195135927845,95.09901951359278,20.0,92.0,143.0,118.87615047932033,18.681541692269406,143.0,117.07615047932033,0.0,40.0,17.0,10.0,10.0,10.0,912,967,621,702,0
1,7,5.385164807134504,95.3851648071345,20.0,92.0,143.0,118.87615047932033,18.681541692269406,143.0,117.07615047932033,0.0,40.0,17.0,10.0,10.0,10.0,912,967,170,225,0
1,8,7.0,97.0,20.0,92.0,143.0,118.87615047932033,18.681541692269406,143.0,117.07615047932033,0.0,40.0,17.0,10.0,10.0,10.0,912,967,255,324,0
1,9,7.280109889280518,97.28010988928052,10.0,92.0,143.0,118.87615047932033,18.681541692269406,143.0,117.07615047932033,0.0,40.0,17.0,10.0,10.0,10.0,912,967,534,605,0
1,10,10.198039027185569,100.19803902718557,10.0,92.0,143.0,118.87615047932033,18.681541692269406,143.0,117.07615047932033,0.0,40.0,17.0,10.0,10.0,10.0,912,967,357,410,0
1,11,10.04987562112089,100.04987562112089,10.0,92.0,143.0,118.87615047932033,18.681541692269406,143.0,117.07615047932033,0.0,40.0,17.0,10.0,10.0,10.0,912,967,448,505,0
1,12,26.248809496813376,116.24880949681338,20.0,92.0,143.0,118.87615047932033,18.681541692269406,143.0,117.07615047932033,0.0,40.0,17.0,10.0,10.0,10.0,912,967,652,721,0
1,13,24.041630560342615,114.04163056034261,30.0,92.0,143.0,118.87615047932033,18.681541692269406,143.0,117.07615047932033,0.0,40.0,17.0,10.0,10.0,10.0,912,967,30,92,0
1,14,28.600699292150182,118.60069929215018,10.0,92.0,143.0,118.87615047932033,18.681541692269406,143.0,117.07615047932033,0.0,40.0,17.0,10.0,10.0,10.0,912,967,567,620,0
1,15,27.730849247724095,117.7308492477241,40.0,92.0,143.0,118.87615047932033,18.681541692269406,143.0,117.07615047932033,0.0,40.0,17.0,10.0,10.0,10.0,912,967,384,429,0
1,16,30.23243291566195,120.23243291566195,40.0,92.0,143.0,118.87615047932033,18.681541692269406,143.0,117.07615047932033,0.0,40.0,17.0,10.0,10.0,10.0,912,967,475,528,0
1,17,27.892651361962706,117.8926513619627,20.0,92.0,143.0,118.87615047932033,18.681541692269406,143.0,117.07615047932033,0.0,40.0,17.0,10.0,10.0,10.0,912,967,99,148,0
1,18,30.805843601498726,120.80584360149872,20.0,92.0,143.0,118.87615047932033,18.681541692269406,143.0,117.07615047932033,0.0,40.0,17.0,10.0,10.0,10.0,912,967,179,254,0
1,19,32.31098884280702,122.31098884280702,10.0,92.0,143.0,118.87615047932033,18.681541692269406,143.0,117.07615047932033,0.0,40.0,17.0,10.0,10.0,10.0,912,967,278,345,0
1,20,23.430749027719962,113.43074902771997,10.0,92.0,143.0,118.87615047932033,18.681541692269406,143.0,117.07615047932033,0.0,40.0,17.0,10.0,10.0,10.0,912,967,10,73,0
1,21,21.93171219946131,111.93171219946132,20.0,92.0,143.0,118.87615047932033,18.681541692269406,143.0,117.07615047932033,0.0,40.0,17.0,10.0,10.0,10.0,912,967,914,965,0
1,22,23.345235059857504,113.3452350598575,20.0,92.0,143.0,118.87615047932033,18.681541692269406,143.0,117.07615047932033,0.0,40.0,17.0,10.0,10.0,10.0,912,967,812,883,0
1,23,21.400934559032695,111.40093455903269,10.0,92.0,143.0,118.87615047932033,18.681541692269406,143.0,117.07615047932033,0.0,40.0,17.0,10.0,10.0,10.0,912,967,732,777,0
1,24,26.90724809414742,116.90724809414742,10.0,92.0,143.0,118.87615047932033,18.681541692269406,143.0,117.07615047932033,0.0,40.0,17.0,10.0,10.0,10.0,912,967,65,144,0
1,25,25.612496949731394,115.6124969497314,40.0,92.0,143.0,118.87615047932033,18.681541692269406,143.0,117.07615047932033,0.0,40.0,17.0,10.0,10.0,10.0,912,967,169,224,0
1,26,23.853720883753127,113.85372088375313,10.0,92.0,143.0,118.87615047932033,18.681541692269406,143.0,117.07615047932033,0.0,40.0,17.0,10.0,10.0,10.0,912,967,622,701,0
1,27,27.202941017470888,117.20294101747089,10.0,92.0,143.0,118.87615047932033,18.681541692269406,143.0,117.07615047932033,0.0,40.0,17.0,10.0,10.0,10.0,912,967,261,316,0
1,28,25.553864678361276,115.55386467836128,20.0,92.0,143.0,118.87615047932033,18.681541692269406,143.0,117.07615047932033,0.0,40.0,17.0,10.0,10.0,10.0,912,967,546,593,0
1,29,30.805843601498726,120.80584360149872,10.0,92.0,143.0,118.87615047932033,18.681541692269406,143.0,117.07615047932033,0.0,40.0,17.0,10.0,10.0,10.0,912,967,358,405,0
1,30,28.178005607210743,118.17800560721074,10.0,92.0,143.0,118.87615047932033,18.681541692269406,143.0,117.07615047932033,0.0,40.0,17.0,10.0,10.0,10.0,912,967,449,504,0
1,31,48.104053883222775,138.10405388322278,20.0,92.0,143.0,118.87615047932033,18.681541692269406,143.0,117.07615047932033,0.0,40.0,17.0,10.0,10.0,10.0,912,967,200,237,0
1,32,44.82186966202994,134.82186966202994,30.0,92.0,143.0,118.87615047932033,18.681541692269406,143.0,117.07615047932033,0.0,40.0,17.0,10.0,10.0,10.0,912,967,31,100,0
1,33,46.400431032480725,136.40043103248072,40.0,92.0,143.0,118.87615047932033,18.681541692269406,143.0,117.07615047932033,0.0,40.0,17.0,10.0,10.0,10.0,912,967,87,158,0
1,34,43.56604182158393,133.56604182158392,20.0,92.0,143.0,118.87615047932033,18.681541692269406,143.0,117.07615047932033,0.0,40.0,17.0,10.0,10.0,10.0,912,967,751,816,0
1,35,51.85556864985669,141.8555686498567,10.0,92.0,143.0,118.87615047932033,18.681541692269406,143.0,117.07615047932033,0.0,40.0,17.0,10.0,10.0,10.0,912,967,283,344,0
1,36,46.14108798023731,136.1410879802373,10.0,92.0,143.0,118.87615047932033,18.681541692269406,143.0,117.07615047932033,0.0,40.0,17.0,10.0,10.0,10.0,912,967,665,716,0
1,37,51.31276644267,141.31276644267,20.0,92.0,143.0,118.87615047932033,18.681541692269406,143.0,117.07615047932033,0.0,40.0,17.0,10.0,10.0,10.0,912,967,383,434,0
1,38,53.0,143.0,30.0,92.0,143.0,118.87615047932033,18.681541692269406,143.0,117.07615047932033,0.0,40.0,17.0,10.0,10.0,10.0,912,967,479,522,0
1,39,50.53711507397311,140.5371150739731,20.0,92.0,143.0,118.87615047932033,18.681541692269406,143.0,117.07615047932033,0.0,40.0,17.0,10.0,10.0,10.0,912,967,567,624,0
1,40,39.293765408777,129.293765408777,10.0,92.0,143.0,118.87615047932033,18.681541692269406,143.0,117.07615047932033,0.0,40.0,17.0,10.0,10.0,10.0,912,967,264,321,0
1,41,37.36308338453881,127.36308338453881,10.0,92.0,143.0,118.87615047932033,18.681541692269406,143.0,117.07615047932033,0.0,40.0,17.0,10.0,10.0,10.0,912,967,166,235,0
1,42,37.94733192202055,127.94733192202055,20.0,92.0,143.0,118.87615047932033,18.681541692269406,143.0,117.07615047932033,0.0,40.0,17.0,10.0,10.0,10.0,912,967,68,149,0
1,43,35.11409973215888,125.11409973215888,10.0,92.0,143.0,118.87615047932033,18.681541692269406,143.0,117.07615047932033,0.0,40.0,17.0,10.0,10.0,10.0,912,967,16,80,0
1,44,40.162171256046406,130.1621712560464,10.0,92.0,143.0,118.87615047932033,18.681541692269406,143.0,117.07615047932033,0.0,40.0,17.0,10.0,10.0,10.0,912,967,359,412,0
1,45,40.85339643163099,130.85339643163098,10.0,92.0,143.0,118.87615047932033,18.681541692269406,143.0,117.07615047932033,0.0,40.0,17.0,10.0,10.0,10.0,912,967,541,600,0
1,46,39.0,129.0,30.0,92.0,143.0,118.87615047932033,18.681541692269406,143.0,117.07615047932033,0.0,40.0,17.0,10.0,10.0,10.0,912,967,448,509,0
1,47,36.24913792078372,126.24913792078371,10.0,92.0,143.0,118.87615047932033,18.681541692269406,143.0,117.07615047932033,0.0,40.0,17.0,10.0,10.0,10.0,912,967,1054,1127,0
1,48,41.6293165929973,131.6293165929973,10.0,92.0,143.0,118.87615047932033,18.681541692269406,143.0,117.07615047932033,0.0,40.0,17.0,10.0,10.0,10.0,912,967,632,693,0
1,49,37.12142238654117,127.12142238654117,10.0,92.0,143.0,118.87615047932033,18.681541692269406,143.0,117.07615047932033,0.0,40.0,17.0,10.0,10.0,10.0,912,967,1001,1066,0
1,50,40.70626487409524,130.70626487409524,10.0,92.0,143.0,118.87615047932033,18.681541692269406,143.0,117.07615047932033,0.0,40.0,17.0,10.0,10.0,10.0,912,967,815,880,0
2,0,20.615528128088304,110.6155281280883,0.0,92.0,144.08326913195984,119.79286435847433,20.615528128088304,144.08326913195984,117.99286435847432,0.0,40.0,16.6,30.0,30.0,30.0,825,870,0,1236,1
2,1,2.0,92.0,10.0,92.0,144.08326913195984,119.79286435847433,20.615528128088304,144.08326913195984,117.99286435847432,0.0,40.0,16.6,30.0,30.0,30.0,825,870,912,967,1
2,3,5.0,95.0,10.0,92.0,144.08326913195984,119.79286435847433,20.615528128088304,144.08326913195984,117.99286435847432,0.0,40.0,16.6,30.0,30.0,30.0,825,870,65,146,0
2,4,3.605551275463989,93.605551275464,10.0,92.0,144.08326913195984,119.79286435847433,20.615528128088304,144.08326913195984,117.99286435847432,0.0,40.0,16.6,30.0,30.0,30.0,825,870,727,782,0
2,5,5.830951894845301,95.8309518948453,10.0,92.0,144.08326913195984,119.79286435847433,20.615528128088304,144.08326913195984,117.99286435847432,0.0,40.0,16.6,30.0,30.0,30.0,825,870,15,67,0
2,6,5.0990195135927845,95.09901951359278,20.0,92.0,144.08326913195984,119.79286435847433,20.615528128088304,144.08326913195984,117.99286435847432,0.0,40.0,16.6,30.0,30.0,30.0,825,870,621,702,0
2,7,6.4031242374328485,96.40312423743285,20.0,92.0,144.08326913195984,119.79286435847433,20.615528128088304,144.08326913195984,117.99286435847432,0.0,40.0,16.6,30.0,30.0,30.0,825,870,170,225,0
2,8,7.280109889280518,97.28010988928052,20.0,92.0,144.08326913195984,119.79286435847433,20.615528128088304,144.08326913195984,117.99286435847432,0.0,40.0,16.6,30.0,30.0,30.0,825,870,255,324,0
2,9,7.0,97.0,10.0,92.0,144.08326913195984,119.79286435847433,20.615528128088304,144.08326913195984,117.99286435847432,0.0,40.0,16.6,30.0,30.0,30.0,825,870,534,605,0
2,10,10.770329614269007,100.770329614269,10.0,92.0,144.08326913195984,119.79286435847433,20.615528128088304,144.08326913195984,117.99286435847432,0.0,40.0,16.6,30.0,30.0,30.0,825,870,357,410,0
2,11,10.04987562112089,100.04987562112089,10.0,92.0,144.08326913195984,119.79286435847433,20.615528128088304,144.08326913195984,117.99286435847432,0.0,40.0,16.6,30.0,30.0,30.0,825,870,448,505,0
2,12,25.0,115.0,20.0,92.0,144.08326913195984,119.79286435847433,20.615528128088304,144.08326913195984,117.99286435847432,0.0,40.0,16.6,30.0,30.0,30.0,825,870,652,721,0
2,13,23.53720459187964,113.53720459187964,30.0,92.0,144.08326913195984,119.79286435847433,20.615528128088304,144.08326913195984,117.99286435847432,0.0,40.0,16.6,30.0,30.0,30.0,825,870,30,92,0
2,14,27.459060435491963,117.45906043549196,10.0,92.0,144.08326913195984,119.79286435847433,20.615528128088304,144.08326913195984,117.99286435847432,0.0,40.0,16.6,30.0,30.0,30.0,825,870,567,620,0
2,15,26.92582403567252,116.92582403567252,40.0,92.0,144.08326913195984,119.79286435847433,20.615528128088304,144.08326913195984,117.99286435847432,0.0,40.0,16.6,30.0,30.0,30.0,825,870,384,429,0
2,16,29.154759474226502,119.1547594742265,40.0,92.0,144.08326913195984,119.79286435847433,20.615528128088304,144.08326913195984,117.99286435847432,0.0,40.0,16.6,30.0,30.0,30.0,825,870,475,528,0
2,17,27.459060435491963,117.45906043549196,20.0,92.0,144.08326913195984,119.79286435847433,20.615528128088304,144.08326913195984,117.99286435847432,0.0,40.0,16.6,30.0,30.0,30.0,825,870,99,148,0
2,18,30.4138126514911,120.4138126514911,20.0,92.0,144.08326913195984,119.79286435847433,20.615528128088304,144.08326913195984,117.99286435847432,0.0,40.0,16.6,30.0,30.0,30.0,825,870,179,254,0
2,19,31.622776601683793,121.6227766016838,10.0,92.0,144.08326913195984,119.79286435847433,20.615528128088304,144.08326913195984,117.99286435847432,0.0,40.0,16.6,30.0,30.0,30.0,825,870,278,345,0
2,20,25.0,115.0,10.0,92.0,144.08326913195984,119.79286435847433,20.615528128088304,144.08326913195984,117.99286435847432,0.0,40.0,16.6,30.0,30.0,30.0,825,870,10,73,0
2,21,23.430749027719962,113.43074902771997,20.0,92.0,144.08326913195984,119.79286435847433,20.615528128088304,144.08326913195984,117.99286435847432,0.0,40.0,16.6,30.0,30.0,30.0,825,870,914,965,0
2,22,24.758836806279895,114.7588368062799,20.0,92.0,144.08326913195984,119.79286435847433,20.615528128088304,144.08326913195984,117.99286435847432,0.0,40.0,16.6,30.0,30.0,30.0,825,870,812,883,0
2,23,22.67156809750927,112.67156809750927,10.0,92.0,144.08326913195984,119.79286435847433,20.615528128088304,144.08326913195984,117.99286435847432,0.0,40.0,16.6,30.0,30.0,30.0,825,870,732,777,0
2,24,28.284271247461902,118.2842712474619,10.0,92.0,144.08326913195984,119.79286435847433,20.615528128088304,144.08326913195984,117.99286435847432,0.0,40.0,16.6,30.0,30.0,30.0,825,870,65,144,0
2,25,26.90724809414742,116.90724809414742,40.0,92.0,144.08326913195984,119.79286435847433,20.615528128088304,144.08326913195984,117.99286435847432,0.0,40.0,16.6,30.0,30.0,30.0,825,870,169,224,0
2,26,25.0,115.0,10.0,92.0,144.08326913195984,119.79286435847433,20.615528128088304,144.08326913195984,117.99286435847432,0.0,40.0,16.6,30.0,30.0,30.0,825,870,622,701,0
2,27,28.42534080710379,118.4253408071038,10.0,92.0,144.08326913195984,119.79286435847433,20.615528128088304,144.08326913195984,117.99286435847432,0.0,40.0,16.6,30.0,30.0,30.0,825,870,261,316,0
2,28,26.627053911388696,116.6270539113887,20.0,92.0,144.08326913195984,119.79286435847433,20.615528128088304,144.08326913195984,117.99286435847432,0.0,40.0,16.6,30.0,30.0,30.0,825,870,546,593,0
2,29,32.01562118716424,122.01562118716424,10.0,92.0,144.08326913195984,119.79286435847433,20.615528128088304,144.08326913195984,117.99286435847432,0.0,40.0,16.6,30.0,30.0,30.0,825,870,358,405,0
2,30,29.154759474226502,119.1547594742265,10.0,92.0,144.08326913195984,119.79286435847433,20.615528128088304,144.08326913195984,117.99286435847432,0.0,40.0,16.6,30.0,30.0,30.0,825,870,449,504,0
2,31,49.49747468305833,139.49747468305833,20.0,92.0,144.08326913195984,119.79286435847433,20.615528128088304,144.08326913195984,117.99286435847432,0.0,40.0,16.6,30.0,30.0,30.0,825,870,200,237,0
2,32,46.09772228646444,136.09772228646443,30.0,92.0,144.08326913195984,119.79286435847433,20.615528128088304,144.08326913195984,117.99286435847432,0.0,40.0,16.6,30.0,30.0,30.0,825,870,31,100,0
2,33,47.634021455258214,137.63402145525822,40.0,92.0,144.08326913195984,119.79286435847433,20.615528128088304,144.08326913195984,117.99286435847432,0.0,40.0,16.6,30.0,30.0,30.0,825,870,87,158,0
2,34,44.654227123532216,134.65422712353222,20.0,92.0,144.08326913195984,119.79286435847433,20.615528128088304,144.08326913195984,117.99286435847432,0.0,40.0,16.6,30.0,30.0,30.0,825,870,751,816,0
2,35,53.150729063673246,143.15072906367325,10.0,92.0,144.08326913195984,119.79286435847433,20.615528128088304,144.08326913195984,117.99286435847432,0.0,40.0,16.6,30.0,30.0,30.0,825,870,283,344,0
2,36,47.16990566028302,137.169905660283,10.0,92.0,144.08326913195984,119.79286435847433,20.615528128088304,144.08326913195984,117.99286435847432,0.0,40.0,16.6,30.0,30.0,30.0,825,870,665,716,0
2,37,52.43090691567332,142.43090691567332,20.0,92.0,144.08326913195984,119.79286435847433,20.615528128088304,144.08326913195984,117.99286435847432,0.0,40.0,16.6,30.0,30.0,30.0,825,870,383,434,0
2,38,54.08326913195984,144.08326913195984,30.0,92.0,144.08326913195984,119.79286435847433,20.615528128088304,144.08326913195984,117.99286435847432,0.0,40.0,16.6,30.0,30.0,30.0,825,870,479,522,0
2,39,51.478150704935004,141.478150704935,20.0,92.0,144.08326913195984,119.79286435847433,20.615528128088304,144.08326913195984,117.99286435847432,0.0,40.0,16.6,30.0,30.0,30.0,825,870,567,624,0
2,40,41.23105625617661,131.2310562561766,10.0,92.0,144.08326913195984,119.79286435847433,20.615528128088304,144.08326913195984,117.99286435847432,0.0,40.0,16.6,30.0,30.0,30.0,825,870,264,321,0
2,41,39.293765408777,129.293765408777,10.0,92.0,144.08326913195984,119.79286435847433,20.615528128088304,144.08326913195984,117.99286435847432,0.0,40.0,16.6,30.0,30.0,30.0,825,870,166,235,0
2,42,39.84971769034255,129.84971769034254,20.0,92.0,144.08326913195984,119.79286435847433,20.615528128088304,144.08326913195984,117.99286435847432,0.0,40.0,16.6,30.0,30.0,30.0,825,870,68,149,0
2,43,37.0,127.0,10.0,92.0,144.08326913195984,119.79286435847433,20.615528128088304,144.08326913195984,117.99286435847432,0.0,40.0,16.6,30.0,30.0,30.0,825,870,16,80,0
2,44,42.05948168962618,132.05948168962618,10.0,92.0,144.08326913195984,119.79286435847433,20.615528128088304,144.08326913195984,117.99286435847432,0.0,40.0,16.6,30.0,30.0,30.0,825,870,359,412,0
2,45,42.720018726587654,132.72001872658765,10.0,92.0,144.08326913195984,119.79286435847433,20.615528128088304,144.08326913195984,117.99286435847432,0.0,40.0,16.6,30.0,30.0,30.0,825,870,541,600,0
2,46,40.85339643163099,130.85339643163098,30.0,92.0,144.08326913195984,119.79286435847433,20.615528128088304,144.08326913195984,117.99286435847432,0.0,40.0,16.6,30.0,30.0,30.0,825,870,448,509,0
2,47,38.07886552931954,128.07886552931956,10.0,92.0,144.08326913195984,119.79286435847433,20.615528128088304,144.08326913195984,117.99286435847432,0.0,40.0,16.6,30.0,30.0,30.0,825,870,1054,1127,0
2,48,43.46262762420146,133.46262762420145,10.0,92.0,144.08326913195984,119.79286435847433,20.615528128088304,144.08326913195984,117.99286435847432,0.0,40.0,16.6,30.0,30.0,30.0,825,870,632,693,0
2,49,38.91015291668744,128.91015291668742,10.0,92.0,144.08326913195984,119.79286435847433,20.615528128088304,144.08326913195984,117.99286435847432,0.0,40.0,16.6,30.0,30.0,30.0,825,870,1001,1066,0
2,50,42.485291572496,132.485291572496,10.0,92.0,144.08326913195984,119.79286435847433,20.615528128088304,144.08326913195984,117.99286435847432,0.0,40.0,16.6,30.0,30.0,30.0,825,870,815,880,0
3,0,16.1245154965971,106.1245154965971,0.0,91.0,139.39635614091387,116.17694306190036,16.1245154965971,139.39635614091387,114.37694306190036,0.0,40.0,17.0,10.0,10.0,10.0,65,146,0,1236,1
3,1,3.605551275463989,93.605551275464,10.0,91.0,139.39635614091387,116.17694306190036,16.1245154965971,139.39635614091387,114.37694306190036,0.0,40.0,17.0,10.0,10.0,10.0,65,146,912,967,0
3,2,5.0,95.0,30.0,91.0,139.39635614091387,116.17694306190036,16.1245154965971,139.39635614091387,114.37694306190036,0.0,40.0,17.0,10.0,10.0,10.0,65,146,825,870,0
3,4,2.0,92.0,10.0,91.0,139.39635614091387,116.17694306190036,16.1245154965971,139.39635614091387,114.37694306190036,0.0,40.0,17.0,10.0,10.0,10.0,65,146,727,782,0
3,5,1.0,91.0,10.0,91.0,139.39635614091387,116.17694306190036,16.1245154965971,139.39635614091387,114.37694306190036,0.0,40.0,17.0,10.0,10.0,10.0,65,146,15,67,0
3,6,3.605551275463989,93.605551275464,20.0,91.0,139.39635614091387,116.17694306190036,16.1245154965971,139.39635614091387,114.37694306190036,0.0,40.0,17.0,10.0,10.0,10.0,65,146,621,702,1
3,7,2.0,92.0,20.0,91.0,139.39635614091387,116.17694306190036,16.1245154965971,139.39635614091387,114.37694306190036,0.0,40.0,17.0,10.0,10.0,10.0,65,146,170,225,1
3,8,4.47213595499958,94.47213595499957,20.0,91.0,139.39635614091387,116.17694306190036,16.1245154965971,139.39635614091387,114.37694306190036,0.0,40.0,17.0,10.0,10.0,10.0,65,146,255,324,1
3,9,5.656854249492381,95.65685424949238,10.0,91.0,139.39635614091387,116.17694306190036,16.1245154965971,139.39635614091387,114.37694306190036,0.0,40.0,17.0,10.0,10.0,10.0,65,146,534,605,1
3,10,7.0,97.0,10.0,91.0,139.39635614091387,116.17694306190036,16.1245154965971,139.39635614091387,114.37694306190036,0.0,40.0,17.0,10.0,10.0,10.0,65,146,357,410,1
3,11,7.615773105863909,97.61577310586391,10.0,91.0,139.39635614091387,116.17694306190036,16.1245154965971,139.39635614091387,114.37694306190036,0.0,40.0,17.0,10.0,10.0,10.0,65,146,448,505,0
3,12,25.495097567963924,115.49509756796392,20.0,91.0,139.39635614091387,116.17694306190036,16.1245154965971,139.39635614091387,114.37694306190036,0.0,40.0,17.0,10.0,10.0,10.0,65,146,652,721,0
3,13,21.93171219946131,111.93171219946132,30.0,91.0,139.39635614091387,116.17694306190036,16.1245154965971,139.39635614091387,114.37694306190036,0.0,40.0,17.0,10.0,10.0,10.0,65,146,30,92,0
3,14,27.586228448267445,117.58622844826745,10.0,91.0,139.39635614091387,116.17694306190036,16.1245154965971,139.39635614091387,114.37694306190036,0.0,40.0,17.0,10.0,10.0,10.0,65,146,567,620,0
3,15,26.076809620810597,116.0768096208106,40.0,91.0,139.39635614091387,116.17694306190036,16.1245154965971,139.39635614091387,114.37694306190036,0.0,40.0,17.0,10.0,10.0,10.0,65,146,384,429,1
3,16,29.068883707497267,119.06888370749726,40.0,91.0,139.39635614091387,116.17694306190036,16.1245154965971,139.39635614091387,114.37694306190036,0.0,40.0,17.0,10.0,10.0,10.0,65,146,475,528,0
3,17,25.632011235952593,115.63201123595259,20.0,91.0,139.39635614091387,116.17694306190036,16.1245154965971,139.39635614091387,114.37694306190036,0.0,40.0,17.0,10.0,10.0,10.0,65,146,99,148,0
3,18,28.460498941515414,118.46049894151541,20.0,91.0,139.39635614091387,116.17694306190036,16.1245154965971,139.39635614091387,114.37694306190036,0.0,40.0,17.0,10.0,10.0,10.0,65,146,179,254,1
3,19,30.4138126514911,120.4138126514911,10.0,91.0,139.39635614091387,116.17694306190036,16.1245154965971,139.39635614091387,114.37694306190036,0.0,40.0,17.0,10.0,10.0,10.0,65,146,278,345,0
3,20,20.0,110.0,10.0,91.0,139.39635614091387,116.17694306190036,16.1245154965971,139.39635614091387,114.37694306190036,0.0,40.0,17.0,10.0,10.0,10.0,65,146,10,73,0
3,21,18.439088914585774,108.43908891458577,20.0,91.0,139.39635614091387,116.17694306190036,16.1245154965971,139.39635614091387,114.37694306190036,0.0,40.0,17.0,10.0,10.0,10.0,65,146,914,965,0
3,22,19.79898987322333,109.79898987322333,20.0,91.0,139.39635614091387,116.17694306190036,16.1245154965971,139.39635614091387,114.37694306190036,0.0,40.0,17.0,10.0,10.0,10.0,65,146,812,883,0
3,23,17.804493814764857,107.80449381476485,10.0,91.0,139.39635614091387,116.17694306190036,16.1245154965971,139.39635614091387,114.37694306190036,0.0,40.0,17.0,10.0,10.0,10.0,65,146,732,777,0
3,24,23.345235059857504,113.3452350598575,10.0,91.0,139.39635614091387,116.17694306190036,16.1245154965971,139.39635614091387,114.37694306190036,0.0,40.0,17.0,10.0,10.0,10.0,65,146,65,144,0
3,25,22.02271554554524,112.02271554554524,40.0,91.0,139.39635614091387,116.17694306190036,16.1245154965971,139.39635614091387,114.37694306190036,0.0,40.0,17.0,10.0,10.0,10.0,65,146,169,224,1
3,26,20.248456731316587,110.2484567313166,10.0,91.0,139.39635614091387,116.17694306190036,16.1245154965971,139.39635614091387,114.37694306190036,0.0,40.0,17.0,10.0,10.0,10.0,65,146,622,701,0
3,27,23.600847442411894,113.60084744241189,10.0,91.0,139.39635614091387,116.17694306190036,16.1245154965971,139.39635614091387,114.37694306190036,0.0,40.0,17.0,10.0,10.0,10.0,65,146,261,316,0
3,28,21.95449840010015,111.95449840010015,20.0,91.0,139.39635614091387,116.17694306190036,16.1245154965971,139.39635614091387,114.37694306190036,0.0,40.0,17.0,10.0,10.0,10.0,65,146,546,593,0
3,29,27.202941017470888,117.20294101747089,10.0,91.0,139.39635614091387,116.17694306190036,16.1245154965971,139.39635614091387,114.37694306190036,0.0,40.0,17.0,10.0,10.0,10.0,65,146,358,405,0
3,30,24.596747752497688,114.59674775249769,10.0,91.0,139.39635614091387,116.17694306190036,16.1245154965971,139.39635614091387,114.37694306190036,0.0,40.0,17.0,10.0,10.0,10.0,65,146,449,504,0
3,31,44.553338819890925,134.55333881989094,20.0,91.0,139.39635614091387,116.17694306190036,16.1245154965971,139.39635614091387,114.37694306190036,0.0,40.0,17.0,10.0,10.0,10.0,65,146,200,237,0
3,32,41.23105625617661,131.2310562561766,30.0,91.0,139.39635614091387,116.17694306190036,16.1245154965971,139.39635614091387,114.37694306190036,0.0,40.0,17.0,10.0,10.0,10.0,65,146,31,100,0
3,33,42.80186911806539,132.80186911806538,40.0,91.0,139.39635614091387,116.17694306190036,16.1245154965971,139.39635614091387,114.37694306190036,0.0,40.0,17.0,10.0,10.0,10.0,65,146,87,158,0
3,34,39.96248240537617,129.96248240537616,20.0,91.0,139.39635614091387,116.17694306190036,16.1245154965971,139.39635614091387,114.37694306190036,0.0,40.0,17.0,10.0,10.0,10.0,65,146,751,816,0
3,35,48.27007354458868,138.27007354458868,10.0,91.0,139.39635614091387,116.17694306190036,16.1245154965971,139.39635614091387,114.37694306190036,0.0,40.0,17.0,10.0,10.0,10.0,65,146,283,344,0
3,36,42.5440947723653,132.5440947723653,10.0,91.0,139.39635614091387,116.17694306190036,16.1245154965971,139.39635614091387,114.37694306190036,0.0,40.0,17.0,10.0,10.0,10.0,65,146,665,716,0
3,37,47.70744176750625,137.70744176750625,20.0,91.0,139.39635614091387,116.17694306190036,16.1245154965971,139.39635614091387,114.37694306190036,0.0,40.0,17.0,10.0,10.0,10.0,65,146,383,434,0
3,38,49.39635614091387,139.39635614091387,30.0,91.0,139.39635614091387,116.17694306190036,16.1245154965971,139.39635614091387,114.37694306190036,0.0,40.0,17.0,10.0,10.0,10.0,65,146,479,522,0
3,39,46.95742752749558,136.95742752749558,20.0,91.0,139.39635614091387,116.17694306190036,16.1245154965971,139.39635614091387,114.37694306190036,0.0,40.0,17.0,10.0,10.0,10.0,65,146,567,624,0
3,40,36.6742416417845,126.6742416417845,10.0,91.0,139.39635614091387,116.17694306190036,16.1245154965971,139.39635614091387,114.37694306190036,0.0,40.0,17.0,10.0,10.0,10.0,65,146,264,321,0
3,41,34.713109915419565,124.71310991541957,10.0,91.0,139.39635614091387,116.17694306190036,16.1245154965971,139.39635614091387,114.37694306190036,0.0,40.0,17.0,10.0,10.0,10.0,65,146,166,235,1
3,42,35.17101079013795,125.17101079013796,20.0,91.0,139.39635614091387,116.17694306190036,16.1245154965971,139.39635614091387,114.37694306190036,0.0,40.0,17.0,10.0,10.0,10.0,65,146,68,149,0
3,43,32.28002478313795,122.28002478313795,10.0,91.0,139.39635614091387,116.17694306190036,16.1245154965971,139.39635614091387,114.37694306190036,0.0,40.0,17.0,10.0,10.0,10.0,65,146,16,80,0
3,44,37.36308338453881,127.36308338453881,10.0,91.0,139.39635614091387,116.17694306190036,16.1245154965971,139.39635614091387,114.37694306190036,0.0,40.0,17.0,10.0,10.0,10.0,65,146,359,412,0
3,45,37.94733192202055,127.94733192202055,10.0,91.0,139.39635614091387,116.17694306190036,16.1245154965971,139.39635614091387,114.37694306190036,0.0,40.0,17.0,10.0,10.0,10.0,65,146,541,600,0
3,46,36.05551275463989,126.05551275463989,30.0,91.0,139.39635614091387,116.17694306190036,16.1245154965971,139.39635614091387,114.37694306190036,0.0,40.0,17.0,10.0,10.0,10.0,65,146,448,509,0
3,47,33.24154027718932,123.24154027718933,10.0,91.0,139.39635614091387,116.17694306190036,16.1245154965971,139.39635614091387,114.37694306190036,0.0,40.0,17.0,10.0,10.0,10.0,65,146,1054,1127,0
3,48,38.62641583165593,128.62641583165595,10.0,91.0,139.39635614091387,116.17694306190036,16.1245154965971,139.39635614091387,114.37694306190036,0.0,40.0,17.0,10.0,10.0,10.0,65,146,632,693,0
3,49,34.0147027033899,124.0147027033899,10.0,91.0,139.39635614091387,116.17694306190036,16.1245154965971,139.39635614091387,114.37694306190036,0.0,40.0,17.0,10.0,10.0,10.0,65,146,1001,1066,0
3,50,37.57658845611187,127.57658845611186,10.0,91.0,139.39635614091387,116.17694306190036,16.1245154965971,139.39635614091387,114.37694306190036,0.0,40.0,17.0,10.0,10.0,10.0,65,146,815,880,0
4,0,18.110770276274835,108.11077027627483,0.0,92.0,140.47771785649584,116.92433632973908,18.110770276274835,140.47771785649584,115.12433632973907,0.0,40.0,17.0,10.0,10.0,10.0,727,782,0,1236,1
4,1,3.0,93.0,10.0,92.0,140.47771785649584,116.92433632973908,18.110770276274835,140.47771785649584,115.12433632973907,0.0,40.0,17.0,10.0,10.0,10.0,727,782,912,967,1
4,2,3.605551275463989,93.605551275464,30.0,92.0,140.47771785649584,116.92433632973908,18.110770276274835,140.47771785649584,115.12433632973907,0.0,40.0,17.0,10.0,10.0,10.0,727,782,825,870,1
4,3,2.0,92.0,10.0,92.0,140.47771785649584,116.92433632973908,18.110770276274835,140.47771785649584,115.12433632973907,0.0,40.0,17.0,10.0,10.0,10.0,727,782,65,146,0
4,5,3.0,93.0,10.0,92.0,140.47771785649584,116.92433632973908,18.110770276274835,140.47771785649584,115.12433632973907,0.0,40.0,17.0,10.0,10.0,10.0,727,782,15,67,0
4,6,2.23606797749979,92.23606797749979,20.0,92.0,140.47771785649584,116.92433632973908,18.110770276274835,140.47771785649584,115.12433632973907,0.0,40.0,17.0,10.0,10.0,10.0,727,782,621,702,0
4,7,2.8284271247461903,92.82842712474618,20.0,92.0,140.47771785649584,116.92433632973908,18.110770276274835,140.47771785649584,115.12433632973907,0.0,40.0,17.0,10.0,10.0,10.0,727,782,170,225,0
4,8,4.0,94.0,20.0,92.0,140.47771785649584,116.92433632973908,18.110770276274835,140.47771785649584,115.12433632973907,0.0,40.0,17.0,10.0,10.0,10.0,727,782,255,324,0
4,9,4.47213595499958,94.47213595499957,10.0,92.0,140.47771785649584,116.92433632973908,18.110770276274835,140.47771785649584,115.12433632973907,0.0,40.0,17.0,10.0,10.0,10.0,727,782,534,605,0
4,10,7.280109889280518,97.28010988928052,10.0,92.0,140.47771785649584,116.92433632973908,18.110770276274835,140.47771785649584,115.12433632973907,0.0,40.0,17.0,10.0,10.0,10.0,727,782,357,410,0
4,11,7.0710678118654755,97.07106781186548,10.0,92.0,140.47771785649584,116.92433632973908,18.110770276274835,140.47771785649584,115.12433632973907,0.0,40.0,17.0,10.0,10.0,10.0,727,782,448,505,0
4,12,24.041630560342615,114.04163056034261,20.0,92.0,140.47771785649584,116.92433632973908,18.110770276274835,140.47771785649584,115.12433632973907,0.0,40.0,17.0,10.0,10.0,10.0,727,782,652,721,0
4,13,21.18962010041709,111.18962010041709,30.0,92.0,140.47771785649584,116.92433632973908,18.110770276274835,140.47771785649584,115.12433632973907,0.0,40.0,17.0,10.0,10.0,10.0,727,782,30,92,0
4,14,26.248809496813376,116.24880949681338,10.0,92.0,140.47771785649584,116.92433632973908,18.110770276274835,140.47771785649584,115.12433632973907,0.0,40.0,17.0,10.0,10.0,10.0,727,782,567,620,0
4,15,25.059928172283335,115.05992817228334,40.0,92.0,140.47771785649584,116.92433632973908,18.110770276274835,140.47771785649584,115.12433632973907,0.0,40.0,17.0,10.0,10.0,10.0,727,782,384,429,0
4,16,27.80287754891569,117.80287754891569,40.0,92.0,140.47771785649584,116.92433632973908,18.110770276274835,140.47771785649584,115.12433632973907,0.0,40.0,17.0,10.0,10.0,10.0,727,782,475,528,0
4,17,25.0,115.0,20.0,92.0,140.47771785649584,116.92433632973908,18.110770276274835,140.47771785649584,115.12433632973907,0.0,40.0,17.0,10.0,10.0,10.0,727,782,99,148,0
4,18,27.892651361962706,117.8926513619627,20.0,92.0,140.47771785649584,116.92433632973908,18.110770276274835,140.47771785649584,115.12433632973907,0.0,40.0,17.0,10.0,10.0,10.0,727,782,179,254,0
4,19,29.546573405388315,119.54657340538832,10.0,92.0,140.47771785649584,116.92433632973908,18.110770276274835,140.47771785649584,115.12433632973907,0.0,40.0,17.0,10.0,10.0,10.0,727,782,278,345,0
4,20,21.633307652783937,111.63330765278394,10.0,92.0,140.47771785649584,116.92433632973908,18.110770276274835,140.47771785649584,115.12433632973907,0.0,40.0,17.0,10.0,10.0,10.0,727,782,10,73,0
4,21,20.0,110.0,20.0,92.0,140.47771785649584,116.92433632973908,18.110770276274835,140.47771785649584,115.12433632973907,0.0,40.0,17.0,10.0,10.0,10.0,727,782,914,965,0
4,22,21.2602916254693,111.2602916254693,20.0,92.0,140.47771785649584,116.92433632973908,18.110770276274835,140.47771785649584,115.12433632973907,0.0,40.0,17.0,10.0,10.0,10.0,727,782,812,883,0
4,23,19.1049731745428,109.1049731745428,10.0,92.0,140.47771785649584,116.92433632973908,18.110770276274835,140.47771785649584,115.12433632973907,0.0,40.0,17.0,10.0,10.0,10.0,727,782,732,777,0
4,24,24.758836806279895,114.7588368062799,10.0,92.0,140.47771785649584,116.92433632973908,18.110770276274835,140.47771785649584,115.12433632973907,0.0,40.0,17.0,10.0,10.0,10.0,727,782,65,144,0
4,25,23.345235059857504,113.3452350598575,40.0,92.0,140.47771785649584,116.92433632973908,18.110770276274835,140.47771785649584,115.12433632973907,0.0,40.0,17.0,10.0,10.0,10.0,727,782,169,224,0
4,26,21.400934559032695,111.40093455903269,10.0,92.0,140.47771785649584,116.92433632973908,18.110770276274835,140.47771785649584,115.12433632973907,0.0,40.0,17.0,10.0,10.0,10.0,727,782,622,701,0
4,27,24.839484696748443,114.83948469674844,10.0,92.0,140.47771785649584,116.92433632973908,18.110770276274835,140.47771785649584,115.12433632973907,0.0,40.0,17.0,10.0,10.0,10.0,727,782,261,316,0
4,28,23.021728866442675,113.02172886644267,20.0,92.0,140.47771785649584,116.92433632973908,18.110770276274835,140.47771785649584,115.12433632973907,0.0,40.0,17.0,10.0,10.0,10.0,727,782,546,593,0
4,29,28.42534080710379,118.4253408071038,10.0,92.0,140.47771785649584,116.92433632973908,18.110770276274835,140.47771785649584,115.12433632973907,0.0,40.0,17.0,10.0,10.0,10.0,727,782,358,405,0
4,30,25.553864678361276,115.55386467836128,10.0,92.0,140.47771785649584,116.92433632973908,18.110770276274835,140.47771785649584,115.12433632973907,0.0,40.0,17.0,10.0,10.0,10.0,727,782,449,504,0
4,31,45.967379738244816,135.9673797382448,20.0,92.0,140.47771785649584,116.92433632973908,18.110770276274835,140.47771785649584,115.12433632973907,0.0,40.0,17.0,10.0,10.0,10.0,727,782,200,237,0
4,32,42.5205832509386,132.5205832509386,30.0,92.0,140.47771785649584,116.92433632973908,18.110770276274835,140.47771785649584,115.12433632973907,0.0,40.0,17.0,10.0,10.0,10.0,727,782,31,100,0
4,33,44.04543109109048,134.04543109109048,40.0,92.0,140.47771785649584,116.92433632973908,18.110770276274835,140.47771785649584,115.12433632973907,0.0,40.0,17.0,10.0,10.0,10.0,727,782,87,158,0
4,34,41.048751503547585,131.04875150354758,20.0,92.0,140.47771785649584,116.92433632973908,18.110770276274835,140.47771785649584,115.12433632973907,0.0,40.0,17.0,10.0,10.0,10.0,727,782,751,816,0
4,35,49.57822102496216,139.57822102496215,10.0,92.0,140.47771785649584,116.92433632973908,18.110770276274835,140.47771785649584,115.12433632973907,0.0,40.0,17.0,10.0,10.0,10.0,727,782,283,344,0
4,36,43.56604182158393,133.56604182158392,10.0,92.0,140.47771785649584,116.92433632973908,18.110770276274835,140.47771785649584,115.12433632973907,0.0,40.0,17.0,10.0,10.0,10.0,727,782,665,716,0
4,37,48.82622246293481,138.82622246293482,20.0,92.0,140.47771785649584,116.92433632973908,18.110770276274835,140.47771785649584,115.12433632973907,0.0,40.0,17.0,10.0,10.0,10.0,727,782,383,434,0
4,38,50.47771785649585,140.47771785649584,30.0,92.0,140.47771785649584,116.92433632973908,18.110770276274835,140.47771785649584,115.12433632973907,0.0,40.0,17.0,10.0,10.0,10.0,727,782,479,522,0
4,39,47.885279575251516,137.8852795752515,20.0,92.0,140.47771785649584,116.92433632973908,18.110770276274835,140.47771785649584,115.12433632973907,0.0,40.0,17.0,10.0,10.0,10.0,727,782,567,624,0
4,40,38.63935817272331,128.63935817272332,10.0,92.0,140.47771785649584,116.92433632973908,18.110770276274835,140.47771785649584,115.12433632973907,0.0,40.0,17.0,10.0,10.0,10.0,727,782,264,321,0
4,41,36.6742416417845,126.6742416417845,10.0,92.0,140.47771785649584,116.92433632973908,18.110770276274835,140.47771785649584,115.12433632973907,0.0,40.0,17.0,10.0,10.0,10.0,727,782,166,235,0
4,42,37.107950630558946,127.10795063055895,20.0,92.0,140.47771785649584,116.92433632973908,18.110770276274835,140.47771785649584,115.12433632973907,0.0,40.0,17.0,10.0,10.0,10.0,727,782,68,149,0
4,43,34.20526275297414,124.20526275297414,10.0,92.0,140.47771785649584,116.92433632973908,18.110770276274835,140.47771785649584,115.12433632973907,0.0,40.0,17.0,10.0,10.0,10.0,727,782,16,80,0
4,44,39.293765408777,129.293765408777,10.0,92.0,140.47771785649584,116.92433632973908,18.110770276274835,140.47771785649584,115.12433632973907,0.0,40.0,17.0,10.0,10.0,10.0,727,782,359,412,0
4,45,39.84971769034255,129.84971769034254,10.0,92.0,140.47771785649584,116.92433632973908,18.110770276274835,140.47771785649584,115.12433632973907,0.0,40.0,17.0,10.0,10.0,10.0,727,782,541,600,0
4,46,37.94733192202055,127.94733192202055,30.0,92.0,140.47771785649584,116.92433632973908,18.110770276274835,140.47771785649584,115.12433632973907,0.0,40.0,17.0,10.0,10.0,10.0,727,782,448,509,0
4,47,35.11409973215888,125.11409973215888,10.0,92.0,140.47771785649584,116.92433632973908,18.110770276274835,140.47771785649584,115.12433632973907,0.0,40.0,17.0,10.0,10.0,10.0,727,782,1054,1127,0
4,48,40.496913462633174,130.4969134626332,10.0,92.0,140.47771785649584,116.92433632973908,18.110770276274835,140.47771785649584,115.12433632973907,0.0,40.0,17.0,10.0,10.0,10.0,727,782,632,693,0
4,49,35.84689665786984,125.84689665786985,10.0,92.0,140.47771785649584,116.92433632973908,18.110770276274835,140.47771785649584,115.12433632973907,0.0,40.0,17.0,10.0,10.0,10.0,727,782,1001,1066,0
4,50,39.395431207184416,129.3954312071844,10.0,92.0,140.47771785649584,116.92433632973908,18.110770276274835,140.47771785649584,115.12433632973907,0.0,40.0,17.0,10.0,10.0,10.0,727,782,815,880,0
5,0,15.132745950421556,105.13274595042155,0.0,91.0,138.87739763939976,115.90619706558513,15.132745950421556,138.87739763939976,114.10619706558514,0.0,40.0,17.0,10.0,10.0,10.0,15,67,0,1236,1
5,1,4.242640687119285,94.24264068711929,10.0,91.0,138.87739763939976,115.90619706558513,15.132745950421556,138.87739763939976,114.10619706558514,0.0,40.0,17.0,10.0,10.0,10.0,15,67,912,967,0
5,2,5.830951894845301,95.8309518948453,30.0,91.0,138.87739763939976,115.90619706558513,15.132745950421556,138.87739763939976,114.10619706558514,0.0,40.0,17.0,10.0,10.0,10.0,15,67,825,870,0
5,3,1.0,91.0,10.0,91.0,138.87739763939976,115.90619706558513,15.132745950421556,138.87739763939976,114.10619706558514,0.0,40.0,17.0,10.0,10.0,10.0,15,67,65,146,1
5,4,3.0,93.0,10.0,91.0,138.87739763939976,115.90619706558513,15.132745950421556,138.87739763939976,114.10619706558514,0.0,40.0,17.0,10.0,10.0,10.0,15,67,727,782,0
5,6,4.47213595499958,94.47213595499957,20.0,91.0,138.87739763939976,115.90619706558513,15.132745950421556,138.87739763939976,114.10619706558514,0.0,40.0,17.0,10.0,10.0,10.0,15,67,621,702,1
5,7,2.23606797749979,92.23606797749979,20.0,91.0,138.87739763939976,115.90619706558513,15.132745950421556,138.87739763939976,114.10619706558514,0.0,40.0,17.0,10.0,10.0,10.0,15,67,170,225,1
5,8,5.0,95.0,20.0,91.0,138.87739763939976,115.90619706558513,15.132745950421556,138.87739763939976,114.10619706558514,0.0,40.0,17.0,10.0,10.0,10.0,15,67,255,324,0
5,9,6.4031242374328485,96.40312423743285,10.0,91.0,138.87739763939976,115.90619706558513,15.132745950421556,138.87739763939976,114.10619706558514,0.0,40.0,17.0,10.0,10.0,10.0,15,67,534,605,0
5,10,7.0710678118654755,97.07106781186548,10.0,91.0,138.87739763939976,115.90619706558513,15.132745950421556,138.87739763939976,114.10619706558514,0.0,40.0,17.0,10.0,10.0,10.0,15,67,357,410,0
5,11,8.06225774829855,98.06225774829855,10.0,91.0,138.87739763939976,115.90619706558513,15.132745950421556,138.87739763939976,114.10619706558514,0.0,40.0,17.0,10.0,10.0,10.0,15,67,448,505,0
5,12,26.248809496813376,116.24880949681338,20.0,91.0,138.87739763939976,115.90619706558513,15.132745950421556,138.87739763939976,114.10619706558514,0.0,40.0,17.0,10.0,10.0,10.0,15,67,652,721,0
5,13,22.360679774997898,112.36067977499789,30.0,91.0,138.87739763939976,115.90619706558513,15.132745950421556,138.87739763939976,114.10619706558514,0.0,40.0,17.0,10.0,10.0,10.0,15,67,30,92,0
5,14,28.284271247461902,118.2842712474619,10.0,91.0,138.87739763939976,115.90619706558513,15.132745950421556,138.87739763939976,114.10619706558514,0.0,40.0,17.0,10.0,10.0,10.0,15,67,567,620,0
5,15,26.627053911388696,116.6270539113887,40.0,91.0,138.87739763939976,115.90619706558513,15.132745950421556,138.87739763939976,114.10619706558514,0.0,40.0,17.0,10.0,10.0,10.0,15,67,384,429,0
5,16,29.732137494637012,119.73213749463702,40.0,91.0,138.87739763939976,115.90619706558513,15.132745950421556,138.87739763939976,114.10619706558514,0.0,40.0,17.0,10.0,10.0,10.0,15,67,475,528,0
5,17,26.0,116.0,20.0,91.0,138.87739763939976,115.90619706558513,15.132745950421556,138.87739763939976,114.10619706558514,0.0,40.0,17.0,10.0,10.0,10.0,15,67,99,148,1
5,18,28.792360097775937,118.79236009777594,20.0,91.0,138.87739763939976,115.90619706558513,15.132745950421556,138.87739763939976,114.10619706558514,0.0,40.0,17.0,10.0,10.0,10.0,15,67,179,254,0
5,19,30.886890422961002,120.886890422961,10.0,91.0,138.87739763939976,115.90619706558513,15.132745950421556,138.87739763939976,114.10619706558514,0.0,40.0,17.0,10.0,10.0,10.0,15,67,278,345,0
5,20,19.209372712298546,109.20937271229855,10.0,91.0,138.87739763939976,115.90619706558513,15.132745950421556,138.87739763939976,114.10619706558514,0.0,40.0,17.0,10.0,10.0,10.0,15,67,10,73,0
5,21,17.69180601295413,107.69180601295413,20.0,91.0,138.87739763939976,115.90619706558513,15.132745950421556,138.87739763939976,114.10619706558514,0.0,40.0,17.0,10.0,10.0,10.0,15,67,914,965,0
5,22,19.1049731745428,109.1049731745428,20.0,91.0,138.87739763939976,115.90619706558513,15.132745950421556,138.87739763939976,114.10619706558514,0.0,40.0,17.0,10.0,10.0,10.0,15,67,812,883,0
5,23,17.204650534085253,107.20465053408526,10.0,91.0,138.87739763939976,115.90619706558513,15.132745950421556,138.87739763939976,114.10619706558514,0.0,40.0,17.0,10.0,10.0,10.0,15,67,732,777,0
5,24,22.67156809750927,112.67156809750927,10.0,91.0,138.87739763939976,115.90619706558513,15.132745950421556,138.87739763939976,114.10619706558514,0.0,40.0,17.0,10.0,10.0,10.0,15,67,65,144,0
5,25,21.400934559032695,111.40093455903269,40.0,91.0,138.87739763939976,115.90619706558513,15.132745950421556,138.87739763939976,114.10619706558514,0.0,40.0,17.0,10.0,10.0,10.0,15,67,169,224,0
5,26,19.72308292331602,109.72308292331601,10.0,91.0,138.87739763939976,115.90619706558513,15.132745950421556,138.87739763939976,114.10619706558514,0.0,40.0,17.0,10.0,10.0,10.0,15,67,622,701,0
5,27,23.021728866442675,113.02172886644267,10.0,91.0,138.87739763939976,115.90619706558513,15.132745950421556,138.87739763939976,114.10619706558514,0.0,40.0,17.0,10.0,10.0,10.0,15,67,261,316,0
5,28,21.470910553583888,111.47091055358389,20.0,91.0,138.87739763939976,115.90619706558513,15.132745950421556,138.87739763939976,114.10619706558514,0.0,40.0,17.0,10.0,10.0,10.0,15,67,546,593,0
5,29,26.627053911388696,116.6270539113887,10.0,91.0,138.87739763939976,115.90619706558513,15.132745950421556,138.87739763939976,114.10619706558514,0.0,40.0,17.0,10.0,10.0,10.0,15,67,358,405,0
5,30,24.166091947189145,114.16609194718914,10.0,91.0,138.87739763939976,115.90619706558513,15.132745950421556,138.87739763939976,114.10619706558514,0.0,40.0,17.0,10.0,10.0,10.0,15,67,449,504,0
5,31,43.86342439892262,133.86342439892263,20.0,91.0,138.87739763939976,115.90619706558513,15.132745950421556,138.87739763939976,114.10619706558514,0.0,40.0,17.0,10.0,10.0,10.0,15,67,200,237,0
5,32,40.607881008493905,130.6078810084939,30.0,91.0,138.87739763939976,115.90619706558513,15.132745950421556,138.87739763939976,114.10619706558514,0.0,40.0,17.0,10.0,10.0,10.0,15,67,31,100,0
5,33,42.20189569201838,132.20189569201838,40.0,91.0,138.87739763939976,115.90619706558513,15.132745950421556,138.87739763939976,114.10619706558514,0.0,40.0,17.0,10.0,10.0,10.0,15,67,87,158,0
5,34,39.44616584663204,129.44616584663203,20.0,91.0,138.87739763939976,115.90619706558513,15.132745950421556,138.87739763939976,114.10619706558514,0.0,40.0,17.0,10.0,10.0,10.0,15,67,751,816,0
5,35,47.634021455258214,137.63402145525822,10.0,91.0,138.87739763939976,115.90619706558513,15.132745950421556,138.87739763939976,114.10619706558514,0.0,40.0,17.0,10.0,10.0,10.0,15,67,283,344,0
5,36,42.05948168962618,132.05948168962618,10.0,91.0,138.87739763939976,115.90619706558513,15.132745950421556,138.87739763939976,114.10619706558514,0.0,40.0,17.0,10.0,10.0,10.0,15,67,665,716,0
5,37,47.16990566028302,137.169905660283,20.0,91.0,138.87739763939976,115.90619706558513,15.132745950421556,138.87739763939976,114.10619706558514,0.0,40.0,17.0,10.0,10.0,10.0,15,67,383,434,0
5,38,48.877397639399746,138.87739763939976,30.0,91.0,138.87739763939976,115.90619706558513,15.132745950421556,138.87739763939976,114.10619706558514,0.0,40.0,17.0,10.0,10.0,10.0,15,67,479,522,0
5,39,46.51881339845203,136.51881339845204,20.0,91.0,138.87739763939976,115.90619706558513,15.132745950421556,138.87739763939976,114.10619706558514,0.0,40.0,17.0,10.0,10.0,10.0,15,67,567,624,0
5,40,35.6931365951495,125.6931365951495,10.0,91.0,138.87739763939976,115.90619706558513,15.132745950421556,138.87739763939976,114.10619706558514,0.0,40.0,17.0,10.0,10.0,10.0,15,67,264,321,0
5,41,33.734255586866,123.734255586866,10.0,91.0,138.87739763939976,115.90619706558513,15.132745950421556,138.87739763939976,114.10619706558514,0.0,40.0,17.0,10.0,10.0,10.0,15,67,166,235,0
5,42,34.20526275297414,124.20526275297414,20.0,91.0,138.87739763939976,115.90619706558513,15.132745950421556,138.87739763939976,114.10619706558514,0.0,40.0,17.0,10.0,10.0,10.0,15,67,68,149,0
5,43,31.32091952673165,121.32091952673164,10.0,91.0,138.87739763939976,115.90619706558513,15.132745950421556,138.87739763939976,114.10619706558514,0.0,40.0,17.0,10.0,10.0,10.0,15,67,16,80,0
5,44,36.40054944640259,126.4005494464026,10.0,91.0,138.87739763939976,115.90619706558513,15.132745950421556,138.87739763939976,114.10619706558514,0.0,40.0,17.0,10.0,10.0,10.0,15,67,359,412,0
5,45,37.0,127.0,10.0,91.0,138.87739763939976,115.90619706558513,15.132745950421556,138.87739763939976,114.10619706558514,0.0,40.0,17.0,10.0,10.0,10.0,15,67,541,600,0
5,46,35.11409973215888,125.11409973215888,30.0,91.0,138.87739763939976,115.90619706558513,15.132745950421556,138.87739763939976,114.10619706558514,0.0,40.0,17.0,10.0,10.0,10.0,15,67,448,509,0
5,47,32.31098884280702,122.31098884280702,10.0,91.0,138.87739763939976,115.90619706558513,15.132745950421556,138.87739763939976,114.10619706558514,0.0,40.0,17.0,10.0,10.0,10.0,15,67,1054,1127,0
5,48,37.69615364994153,127.69615364994152,10.0,91.0,138.87739763939976,115.90619706558513,15.132745950421556,138.87739763939976,114.10619706558514,0.0,40.0,17.0,10.0,10.0,10.0,15,67,632,693,0
5,49,33.1058907144937,123.1058907144937,10.0,91.0,138.87739763939976,115.90619706558513,15.132745950421556,138.87739763939976,114.10619706558514,0.0,40.0,17.0,10.0,10.0,10.0,15,67,1001,1066,0
5,50,36.6742416417845,126.6742416417845,10.0,91.0,138.87739763939976,115.90619706558513,15.132745950421556,138.87739763939976,114.10619706558514,0.0,40.0,17.0,10.0,10.0,10.0,15,67,815,880,0
6,0,19.0,109.0,0.0,92.23606797749979,139.40647730814248,116.35200665003805,19.0,139.40647730814248,114.55200665003805,0.0,40.0,16.8,20.0,20.0,20.0,621,702,0,1236,1
6,1,5.0990195135927845,95.09901951359278,10.0,92.23606797749979,139.40647730814248,116.35200665003805,19.0,139.40647730814248,114.55200665003805,0.0,40.0,16.8,20.0,20.0,20.0,621,702,912,967,1
6,2,5.0990195135927845,95.09901951359278,30.0,92.23606797749979,139.40647730814248,116.35200665003805,19.0,139.40647730814248,114.55200665003805,0.0,40.0,16.8,20.0,20.0,20.0,621,702,825,870,1
6,3,3.605551275463989,93.605551275464,10.0,92.23606797749979,139.40647730814248,116.35200665003805,19.0,139.40647730814248,114.55200665003805,0.0,40.0,16.8,20.0,20.0,20.0,621,702,65,146,0
6,4,2.23606797749979,92.23606797749979,10.0,92.23606797749979,139.40647730814248,116.35200665003805,19.0,139.40647730814248,114.55200665003805,0.0,40.0,16.8,20.0,20.0,20.0,621,702,727,782,1
6,5,4.47213595499958,94.47213595499957,10.0,92.23606797749979,139.40647730814248,116.35200665003805,19.0,139.40647730814248,114.55200665003805,0.0,40.0,16.8,20.0,20.0,20.0,621,702,15,67,0
6,7,3.0,93.0,20.0,92.23606797749979,139.40647730814248,116.35200665003805,19.0,139.40647730814248,114.55200665003805,0.0,40.0,16.8,20.0,20.0,20.0,621,702,170,225,0
6,8,2.23606797749979,92.23606797749979,20.0,92.23606797749979,139.40647730814248,116.35200665003805,19.0,139.40647730814248,114.55200665003805,0.0,40.0,16.8,20.0,20.0,20.0,621,702,255,324,0
6,9,2.23606797749979,92.23606797749979,10.0,92.23606797749979,139.40647730814248,116.35200665003805,19.0,139.40647730814248,114.55200665003805,0.0,40.0,16.8,20.0,20.0,20.0,621,702,534,605,0
6,10,5.830951894845301,95.8309518948453,10.0,92.23606797749979,139.40647730814248,116.35200665003805,19.0,139.40647730814248,114.55200665003805,0.0,40.0,16.8,20.0,20.0,20.0,621,702,357,410,0
6,11,5.0,95.0,10.0,92.23606797749979,139.40647730814248,116.35200665003805,19.0,139.40647730814248,114.55200665003805,0.0,40.0,16.8,20.0,20.0,20.0,621,702,448,505,0
6,12,21.93171219946131,111.93171219946132,20.0,92.23606797749979,139.40647730814248,116.35200665003805,19.0,139.40647730814248,114.55200665003805,0.0,40.0,16.8,20.0,20.0,20.0,621,702,652,721,0
6,13,18.973665961010276,108.97366596101028,30.0,92.23606797749979,139.40647730814248,116.35200665003805,19.0,139.40647730814248,114.55200665003805,0.0,40.0,16.8,20.0,20.0,20.0,621,702,30,92,0
6,14,24.08318915758459,114.0831891575846,10.0,92.23606797749979,139.40647730814248,116.35200665003805,19.0,139.40647730814248,114.55200665003805,0.0,40.0,16.8,20.0,20.0,20.0,621,702,567,620,0
6,15,22.825424421026653,112.82542442102665,40.0,92.23606797749979,139.40647730814248,116.35200665003805,19.0,139.40647730814248,114.55200665003805,0.0,40.0,16.8,20.0,20.0,20.0,621,702,384,429,0
6,16,25.612496949731394,115.6124969497314,40.0,92.23606797749979,139.40647730814248,116.35200665003805,19.0,139.40647730814248,114.55200665003805,0.0,40.0,16.8,20.0,20.0,20.0,621,702,475,528,0
6,17,22.80350850198276,112.80350850198276,20.0,92.23606797749979,139.40647730814248,116.35200665003805,19.0,139.40647730814248,114.55200665003805,0.0,40.0,16.8,20.0,20.0,20.0,621,702,99,148,0
6,18,25.709920264364882,115.70992026436488,20.0,92.23606797749979,139.40647730814248,116.35200665003805,19.0,139.40647730814248,114.55200665003805,0.0,40.0,16.8,20.0,20.0,20.0,621,702,179,254,0
6,19,27.313000567495326,117.31300056749532,10.0,92.23606797749979,139.40647730814248,116.35200665003805,19.0,139.40647730814248,114.55200665003805,0.0,40.0,16.8,20.0,20.0,20.0,621,702,278,345,0
6,20,21.470910553583888,111.47091055358389,10.0,92.23606797749979,139.40647730814248,116.35200665003805,19.0,139.40647730814248,114.55200665003805,0.0,40.0,16.8,20.0,20.0,20.0,621,702,10,73,0
6,21,19.72308292331602,109.72308292331601,20.0,92.23606797749979,139.40647730814248,116.35200665003805,19.0,139.40647730814248,114.55200665003805,0.0,40.0,16.8,20.0,20.0,20.0,621,702,914,965,0
6,22,20.808652046684813,110.80865204668481,20.0,92.23606797749979,139.40647730814248,116.35200665003805,19.0,139.40647730814248,114.55200665003805,0.0,40.0,16.8,20.0,20.0,20.0,621,702,812,883,0
6,23,18.439088914585774,108.43908891458577,10.0,92.23606797749979,139.40647730814248,116.35200665003805,19.0,139.40647730814248,114.55200665003805,0.0,40.0,16.8,20.0,20.0,20.0,621,702,732,777,1
6,24,24.20743687382041,114.20743687382041,10.0,92.23606797749979,139.40647730814248,116.35200665003805,19.0,139.40647730814248,114.55200665003805,0.0,40.0,16.8,20.0,20.0,20.0,621,702,65,144,0
6,25,22.67156809750927,112.67156809750927,40.0,92.23606797749979,139.40647730814248,116.35200665003805,19.0,139.40647730814248,114.55200665003805,0.0,40.0,16.8,20.0,20.0,20.0,621,702,169,224,0
6,26,20.518284528683193,110.5182845286832,10.0,92.23606797749979,139.40647730814248,116.35200665003805,19.0,139.40647730814248,114.55200665003805,0.0,40.0,16.8,20.0,20.0,20.0,621,702,622,701,0
6,27,24.041630560342615,114.04163056034261,10.0,92.23606797749979,139.40647730814248,116.35200665003805,19.0,139.40647730814248,114.55200665003805,0.0,40.0,16.8,20.0,20.0,20.0,621,702,261,316,0
6,28,22.02271554554524,112.02271554554524,20.0,92.23606797749979,139.40647730814248,116.35200665003805,19.0,139.40647730814248,114.55200665003805,0.0,40.0,16.8,20.0,20.0,20.0,621,702,546,593,0
6,29,27.586228448267445,117.58622844826745,10.0,92.23606797749979,139.40647730814248,116.35200665003805,19.0,139.40647730814248,114.55200665003805,0.0,40.0,16.8,20.0,20.0,20.0,621,702,358,405,0
6,30,24.413111231467404,114.41311123146741,10.0,92.23606797749979,139.40647730814248,116.35200665003805,19.0,139.40647730814248,114.55200665003805,0.0,40.0,16.8,20.0,20.0,20.0,621,702,449,504,0
6,31,45.34313619501854,135.34313619501853,20.0,92.23606797749979,139.40647730814248,116.35200665003805,19.0,139.40647730814248,114.55200665003805,0.0,40.0,16.8,20.0,20.0,20.0,621,702,200,237,0
6,32,41.72529209005013,131.72529209005012,30.0,92.23606797749979,139.40647730814248,116.35200665003805,19.0,139.40647730814248,114.55200665003805,0.0,40.0,16.8,20.0,20.0,20.0,621,702,31,100,0
6,33,43.18564576337837,133.18564576337837,40.0,92.23606797749979,139.40647730814248,116.35200665003805,19.0,139.40647730814248,114.55200665003805,0.0,40.0,16.8,20.0,20.0,20.0,621,702,87,158,0
6,34,40.0,130.0,20.0,92.23606797749979,139.40647730814248,116.35200665003805,19.0,139.40647730814248,114.55200665003805,0.0,40.0,16.8,20.0,20.0,20.0,621,702,751,816,0
6,35,48.79549159502341,138.7954915950234,10.0,92.23606797749979,139.40647730814248,116.35200665003805,19.0,139.40647730814248,114.55200665003805,0.0,40.0,16.8,20.0,20.0,20.0,621,702,283,344,0
6,36,42.43819034784589,132.43819034784588,10.0,92.23606797749979,139.40647730814248,116.35200665003805,19.0,139.40647730814248,114.55200665003805,0.0,40.0,16.8,20.0,20.0,20.0,621,702,665,716,0
6,37,47.80167361086848,137.80167361086848,20.0,92.23606797749979,139.40647730814248,116.35200665003805,19.0,139.40647730814248,114.55200665003805,0.0,40.0,16.8,20.0,20.0,20.0,621,702,383,434,0
6,38,49.4064773081425,139.40647730814248,30.0,92.23606797749979,139.40647730814248,116.35200665003805,19.0,139.40647730814248,114.55200665003805,0.0,40.0,16.8,20.0,20.0,20.0,621,702,479,522,0
6,39,46.647615158762406,136.6476151587624,20.0,92.23606797749979,139.40647730814248,116.35200665003805,19.0,139.40647730814248,114.55200665003805,0.0,40.0,16.8,20.0,20.0,20.0,621,702,567,624,0
6,40,39.319206502675,129.319206502675,10.0,92.23606797749979,139.40647730814248,116.35200665003805,19.0,139.40647730814248,114.55200665003805,0.0,40.0,16.8,20.0,20.0,20.0,621,702,264,321,0
6,41,37.33630940518894,127.33630940518894,10.0,92.23606797749979,139.40647730814248,116.35200665003805,19.0,139.40647730814248,114.55200665003805,0.0,40.0,16.8,20.0,20.0,20.0,621,702,166,235,0
6,42,37.656340767525464,127.65634076752546,20.0,92.23606797749979,139.40647730814248,116.35200665003805,19.0,139.40647730814248,114.55200665003805,0.0,40.0,16.8,20.0,20.0,20.0,621,702,68,149,0
6,43,34.713109915419565,124.71310991541957,10.0,92.23606797749979,139.40647730814248,116.35200665003805,19.0,139.40647730814248,114.55200665003805,0.0,40.0,16.8,20.0,20.0,20.0,621,702,16,80,0
6,44,39.81205847478876,129.81205847478876,10.0,92.23606797749979,139.40647730814248,116.35200665003805,19.0,139.40647730814248,114.55200665003805,0.0,40.0,16.8,20.0,20.0,20.0,621,702,359,412,0
6,45,40.26164427839479,130.26164427839478,10.0,92.23606797749979,139.40647730814248,116.35200665003805,19.0,139.40647730814248,114.55200665003805,0.0,40.0,16.8,20.0,20.0,20.0,621,702,541,600,0
6,46,38.3275357934736,128.3275357934736,30.0,92.23606797749979,139.40647730814248,116.35200665003805,19.0,139.40647730814248,114.55200665003805,0.0,40.0,16.8,20.0,20.0,20.0,621,702,448,509,0
6,47,35.4400902933387,125.4400902933387,10.0,92.23606797749979,139.40647730814248,116.35200665003805,19.0,139.40647730814248,114.55200665003805,0.0,40.0,16.8,20.0,20.0,20.0,621,702,1054,1127,0
6,48,40.80441152620633,130.80441152620634,10.0,92.23606797749979,139.40647730814248,116.35200665003805,19.0,139.40647730814248,114.55200665003805,0.0,40.0,16.8,20.0,20.0,20.0,621,702,632,693,0
6,49,36.05551275463989,126.05551275463989,10.0,92.23606797749979,139.40647730814248,116.35200665003805,19.0,139.40647730814248,114.55200665003805,0.0,40.0,16.8,20.0,20.0,20.0,621,702,1001,1066,0
6,50,39.56008088970496,129.56008088970498,10.0,92.23606797749979,139.40647730814248,116.35200665003805,19.0,139.40647730814248,114.55200665003805,0.0,40.0,16.8,20.0,20.0,20.0,621,702,815,880,0
7,0,16.0,106.0,0.0,92.0,137.70744176750625,115.12588418842492,16.0,137.70744176750625,113.32588418842492,0.0,40.0,16.8,20.0,20.0,20.0,170,225,0,1236,1
7,1,5.385164807134504,95.3851648071345,10.0,92.0,137.70744176750625,115.12588418842492,16.0,137.70744176750625,113.32588418842492,0.0,40.0,16.8,20.0,20.0,20.0,170,225,912,967,0
7,2,6.4031242374328485,96.40312423743285,30.0,92.0,137.70744176750625,115.12588418842492,16.0,137.70744176750625,113.32588418842492,0.0,40.0,16.8,20.0,20.0,20.0,170,225,825,870,0
7,3,2.0,92.0,10.0,92.0,137.70744176750625,115.12588418842492,16.0,137.70744176750625,113.32588418842492,0.0,40.0,16.8,20.0,20.0,20.0,170,225,65,146,0
7,4,2.8284271247461903,92.82842712474618,10.0,92.0,137.70744176750625,115.12588418842492,16.0,137.70744176750625,113.32588418842492,0.0,40.0,16.8,20.0,20.0,20.0,170,225,727,782,0
7,5,2.23606797749979,92.23606797749979,10.0,92.0,137.70744176750625,115.12588418842492,16.0,137.70744176750625,113.32588418842492,0.0,40.0,16.8,20.0,20.0,20.0,170,225,15,67,0
7,6,3.0,93.0,20.0,92.0,137.70744176750625,115.12588418842492,16.0,137.70744176750625,113.32588418842492,0.0,40.0,16.8,20.0,20.0,20.0,170,225,621,702,1
7,8,2.8284271247461903,92.82842712474618,20.0,92.0,137.70744176750625,115.12588418842492,16.0,137.70744176750625,113.32588418842492,0.0,40.0,16.8,20.0,20.0,20.0,170,225,255,324,1
7,9,4.47213595499958,94.47213595499957,10.0,92.0,137.70744176750625,115.12588418842492,16.0,137.70744176750625,113.32588418842492,0.0,40.0,16.8,20.0,20.0,20.0,170,225,534,605,1
7,10,5.0,95.0,10.0,92.0,137.70744176750625,115.12588418842492,16.0,137.70744176750625,113.32588418842492,0.0,40.0,16.8,20.0,20.0,20.0,170,225,357,410,1
7,11,5.830951894845301,95.8309518948453,10.0,92.0,137.70744176750625,115.12588418842492,16.0,137.70744176750625,113.32588418842492,0.0,40.0,16.8,20.0,20.0,20.0,170,225,448,505,0
7,12,24.20743687382041,114.20743687382041,20.0,92.0,137.70744176750625,115.12588418842492,16.0,137.70744176750625,113.32588418842492,0.0,40.0,16.8,20.0,20.0,20.0,170,225,652,721,0
7,13,20.12461179749811,110.1246117974981,30.0,92.0,137.70744176750625,115.12588418842492,16.0,137.70744176750625,113.32588418842492,0.0,40.0,16.8,20.0,20.0,20.0,170,225,30,92,0
7,14,26.1725046566048,116.1725046566048,10.0,92.0,137.70744176750625,115.12588418842492,16.0,137.70744176750625,113.32588418842492,0.0,40.0,16.8,20.0,20.0,20.0,170,225,567,620,0
7,15,24.413111231467404,114.41311123146741,40.0,92.0,137.70744176750625,115.12588418842492,16.0,137.70744176750625,113.32588418842492,0.0,40.0,16.8,20.0,20.0,20.0,170,225,384,429,1
7,16,27.586228448267445,117.58622844826745,40.0,92.0,137.70744176750625,115.12588418842492,16.0,137.70744176750625,113.32588418842492,0.0,40.0,16.8,20.0,20.0,20.0,170,225,475,528,0
7,17,23.769728648009426,113.76972864800942,20.0,92.0,137.70744176750625,115.12588418842492,16.0,137.70744176750625,113.32588418842492,0.0,40.0,16.8,20.0,20.0,20.0,170,225,99,148,0
7,18,26.570660511172846,116.57066051117285,20.0,92.0,137.70744176750625,115.12588418842492,16.0,137.70744176750625,113.32588418842492,0.0,40.0,16.8,20.0,20.0,20.0,170,225,179,254,0
7,19,28.653097563788805,118.6530975637888,10.0,92.0,137.70744176750625,115.12588418842492,16.0,137.70744176750625,113.32588418842492,0.0,40.0,16.8,20.0,20.0,20.0,170,225,278,345,1
7,20,18.867962264113206,108.8679622641132,10.0,92.0,137.70744176750625,115.12588418842492,16.0,137.70744176750625,113.32588418842492,0.0,40.0,16.8,20.0,20.0,20.0,170,225,10,73,0
7,21,17.204650534085253,107.20465053408526,20.0,92.0,137.70744176750625,115.12588418842492,16.0,137.70744176750625,113.32588418842492,0.0,40.0,16.8,20.0,20.0,20.0,170,225,914,965,0
7,22,18.439088914585774,108.43908891458577,20.0,92.0,137.70744176750625,115.12588418842492,16.0,137.70744176750625,113.32588418842492,0.0,40.0,16.8,20.0,20.0,20.0,170,225,812,883,0
7,23,16.278820596099706,106.2788205960997,10.0,92.0,137.70744176750625,115.12588418842492,16.0,137.70744176750625,113.32588418842492,0.0,40.0,16.8,20.0,20.0,20.0,170,225,732,777,0
7,24,21.93171219946131,111.93171219946132,10.0,92.0,137.70744176750625,115.12588418842492,16.0,137.70744176750625,113.32588418842492,0.0,40.0,16.8,20.0,20.0,20.0,170,225,65,144,0
7,25,20.518284528683193,110.5182845286832,40.0,92.0,137.70744176750625,115.12588418842492,16.0,137.70744176750625,113.32588418842492,0.0,40.0,16.8,20.0,20.0,20.0,170,225,169,224,0
7,26,18.601075237738275,108.60107523773827,10.0,92.0,137.70744176750625,115.12588418842492,16.0,137.70744176750625,113.32588418842492,0.0,40.0,16.8,20.0,20.0,20.0,170,225,622,701,0
7,27,22.02271554554524,112.02271554554524,10.0,92.0,137.70744176750625,115.12588418842492,16.0,137.70744176750625,113.32588418842492,0.0,40.0,16.8,20.0,20.0,20.0,170,225,261,316,1
7,28,20.248456731316587,110.2484567313166,20.0,92.0,137.70744176750625,115.12588418842492,16.0,137.70744176750625,113.32588418842492,0.0,40.0,16.8,20.0,20.0,20.0,170,225,546,593,0
7,29,25.612496949731394,115.6124969497314,10.0,92.0,137.70744176750625,115.12588418842492,16.0,137.70744176750625,113.32588418842492,0.0,40.0,16.8,20.0,20.0,20.0,170,225,358,405,0
7,30,22.825424421026653,112.82542442102665,10.0,92.0,137.70744176750625,115.12588418842492,16.0,137.70744176750625,113.32588418842492,0.0,40.0,16.8,20.0,20.0,20.0,170,225,449,504,0
7,31,43.139309220245984,133.139309220246,20.0,92.0,137.70744176750625,115.12588418842492,16.0,137.70744176750625,113.32588418842492,0.0,40.0,16.8,20.0,20.0,20.0,170,225,200,237,0
7,32,39.698866482558415,129.6988664825584,30.0,92.0,137.70744176750625,115.12588418842492,16.0,137.70744176750625,113.32588418842492,0.0,40.0,16.8,20.0,20.0,20.0,170,225,31,100,0
7,33,41.23105625617661,131.2310562561766,40.0,92.0,137.70744176750625,115.12588418842492,16.0,137.70744176750625,113.32588418842492,0.0,40.0,16.8,20.0,20.0,20.0,170,225,87,158,0
7,34,38.27531841800928,128.27531841800928,20.0,92.0,137.70744176750625,115.12588418842492,16.0,137.70744176750625,113.32588418842492,0.0,40.0,16.8,20.0,20.0,20.0,170,225,751,816,0
7,35,46.75467891024384,136.75467891024385,10.0,92.0,137.70744176750625,115.12588418842492,16.0,137.70744176750625,113.32588418842492,0.0,40.0,16.8,20.0,20.0,20.0,170,225,283,344,0
7,36,40.8166632639171,130.8166632639171,10.0,92.0,137.70744176750625,115.12588418842492,16.0,137.70744176750625,113.32588418842492,0.0,40.0,16.8,20.0,20.0,20.0,170,225,665,716,0
7,37,46.04345773288535,136.04345773288534,20.0,92.0,137.70744176750625,115.12588418842492,16.0,137.70744176750625,113.32588418842492,0.0,40.0,16.8,20.0,20.0,20.0,170,225,383,434,0
7,38,47.70744176750625,137.70744176750625,30.0,92.0,137.70744176750625,115.12588418842492,16.0,137.70744176750625,113.32588418842492,0.0,40.0,16.8,20.0,20.0,20.0,170,225,479,522,0
7,39,45.17742799230607,135.17742799230606,20.0,92.0,137.70744176750625,115.12588418842492,16.0,137.70744176750625,113.32588418842492,0.0,40.0,16.8,20.0,20.0,20.0,170,225,567,624,0
7,40,36.345563690772494,126.3455636907725,10.0,92.0,137.70744176750625,115.12588418842492,16.0,137.70744176750625,113.32588418842492,0.0,40.0,16.8,20.0,20.0,20.0,170,225,264,321,0
7,41,34.36568055487916,124.36568055487916,10.0,92.0,137.70744176750625,115.12588418842492,16.0,137.70744176750625,113.32588418842492,0.0,40.0,16.8,20.0,20.0,20.0,170,225,166,235,0
7,42,34.713109915419565,124.71310991541957,20.0,92.0,137.70744176750625,115.12588418842492,16.0,137.70744176750625,113.32588418842492,0.0,40.0,16.8,20.0,20.0,20.0,170,225,68,149,0
7,43,31.78049716414141,121.78049716414141,10.0,92.0,137.70744176750625,115.12588418842492,16.0,137.70744176750625,113.32588418842492,0.0,40.0,16.8,20.0,20.0,20.0,170,225,16,80,0
7,44,36.87817782917155,126.87817782917155,10.0,92.0,137.70744176750625,115.12588418842492,16.0,137.70744176750625,113.32588418842492,0.0,40.0,16.8,20.0,20.0,20.0,170,225,359,412,0
7,45,37.36308338453881,127.36308338453881,10.0,92.0,137.70744176750625,115.12588418842492,16.0,137.70744176750625,113.32588418842492,0.0,40.0,16.8,20.0,20.0,20.0,170,225,541,600,0
7,46,35.4400902933387,125.4400902933387,30.0,92.0,137.70744176750625,115.12588418842492,16.0,137.70744176750625,113.32588418842492,0.0,40.0,16.8,20.0,20.0,20.0,170,225,448,509,0
7,47,32.57299494980466,122.57299494980467,10.0,92.0,137.70744176750625,115.12588418842492,16.0,137.70744176750625,113.32588418842492,0.0,40.0,16.8,20.0,20.0,20.0,170,225,1054,1127,0
7,48,37.94733192202055,127.94733192202055,10.0,92.0,137.70744176750625,115.12588418842492,16.0,137.70744176750625,113.32588418842492,0.0,40.0,16.8,20.0,20.0,20.0,170,225,632,693,0
7,49,33.24154027718932,123.24154027718933,10.0,92.0,137.70744176750625,115.12588418842492,16.0,137.70744176750625,113.32588418842492,0.0,40.0,16.8,20.0,20.0,20.0,170,225,1001,1066,0
7,50,36.76955262170047,126.76955262170047,10.0,92.0,137.70744176750625,115.12588418842492,16.0,137.70744176750625,113.32588418842492,0.0,40.0,16.8,20.0,20.0,20.0,170,225,815,880,0
8,0,18.110770276274835,108.11077027627483,0.0,92.0,137.20169488482378,115.05265488797644,18.110770276274835,137.20169488482378,113.25265488797646,0.0,40.0,16.8,20.0,20.0,20.0,255,324,0,1236,1
8,1,7.0,97.0,10.0,92.0,137.20169488482378,115.05265488797644,18.110770276274835,137.20169488482378,113.25265488797646,0.0,40.0,16.8,20.0,20.0,20.0,255,324,912,967,0
8,2,7.280109889280518,97.28010988928052,30.0,92.0,137.20169488482378,115.05265488797644,18.110770276274835,137.20169488482378,113.25265488797646,0.0,40.0,16.8,20.0,20.0,20.0,255,324,825,870,0
8,3,4.47213595499958,94.47213595499957,10.0,92.0,137.20169488482378,115.05265488797644,18.110770276274835,137.20169488482378,113.25265488797646,0.0,40.0,16.8,20.0,20.0,20.0,255,324,65,146,0
8,4,4.0,94.0,10.0,92.0,137.20169488482378,115.05265488797644,18.110770276274835,137.20169488482378,113.25265488797646,0.0,40.0,16.8,20.0,20.0,20.0,255,324,727,782,0
8,5,5.0,95.0,10.0,92.0,137.20169488482378,115.05265488797644,18.110770276274835,137.20169488482378,113.25265488797646,0.0,40.0,16.8,20.0,20.0,20.0,255,324,15,67,0
8,6,2.23606797749979,92.23606797749979,20.0,92.0,137.20169488482378,115.05265488797644,18.110770276274835,137.20169488482378,113.25265488797646,0.0,40.0,16.8,20.0,20.0,20.0,255,324,621,702,1
8,7,2.8284271247461903,92.82842712474618,20.0,92.0,137.20169488482378,115.05265488797644,18.110770276274835,137.20169488482378,113.25265488797646,0.0,40.0,16.8,20.0,20.0,20.0,255,324,170,225,0
8,9,2.0,92.0,10.0,92.0,137.20169488482378,115.05265488797644,18.110770276274835,137.20169488482378,113.25265488797646,0.0,40.0,16.8,20.0,20.0,20.0,255,324,534,605,1
8,10,3.605551275463989,93.605551275464,10.0,92.0,137.20169488482378,115.05265488797644,18.110770276274835,137.20169488482378,113.25265488797646,0.0,40.0,16.8,20.0,20.0,20.0,255,324,357,410,1
8,11,3.1622776601683795,93.16227766016839,10.0,92.0,137.20169488482378,115.05265488797644,18.110770276274835,137.20169488482378,113.25265488797646,0.0,40.0,16.8,20.0,20.0,20.0,255,324,448,505,0
8,12,21.400934559032695,111.40093455903269,20.0,92.0,137.20169488482378,115.05265488797644,18.110770276274835,137.20169488482378,113.25265488797646,0.0,40.0,16.8,20.0,20.0,20.0,255,324,652,721,1
8,13,17.46424919657298,107.46424919657298,30.0,92.0,137.20169488482378,115.05265488797644,18.110770276274835,137.20169488482378,113.25265488797646,0.0,40.0,16.8,20.0,20.0,20.0,255,324,30,92,0
8,14,23.345235059857504,113.3452350598575,10.0,92.0,137.20169488482378,115.05265488797644,18.110770276274835,137.20169488482378,113.25265488797646,0.0,40.0,16.8,20.0,20.0,20.0,255,324,567,620,0
8,15,21.633307652783937,111.63330765278394,40.0,92.0,137.20169488482378,115.05265488797644,18.110770276274835,137.20169488482378,113.25265488797646,0.0,40.0,16.8,20.0,20.0,20.0,255,324,384,429,1
8,16,24.758836806279895,114.7588368062799,40.0,92.0,137.20169488482378,115.05265488797644,18.110770276274835,137.20169488482378,113.25265488797646,0.0,40.0,16.8,20.0,20.0,20.0,255,324,475,528,1
8,17,21.18962010041709,111.18962010041709,20.0,92.0,137.20169488482378,115.05265488797644,18.110770276274835,137.20169488482378,113.25265488797646,0.0,40.0,16.8,20.0,20.0,20.0,255,324,99,148,0
8,18,24.041630560342615,114.04163056034261,20.0,92.0,137.20169488482378,115.05265488797644,18.110770276274835,137.20169488482378,113.25265488797646,0.0,40.0,16.8,20.0,20.0,20.0,255,324,179,254,0
8,19,25.942243542145693,115.94224354214569,10.0,92.0,137.20169488482378,115.05265488797644,18.110770276274835,137.20169488482378,113.25265488797646,0.0,40.0,16.8,20.0,20.0,20.0,255,324,278,345,0
8,20,19.697715603592208,109.6977156035922,10.0,92.0,137.20169488482378,115.05265488797644,18.110770276274835,137.20169488482378,113.25265488797646,0.0,40.0,16.8,20.0,20.0,20.0,255,324,10,73,0
8,21,17.88854381999832,107.88854381999832,20.0,92.0,137.20169488482378,115.05265488797644,18.110770276274835,137.20169488482378,113.25265488797646,0.0,40.0,16.8,20.0,20.0,20.0,255,324,914,965,0
8,22,18.867962264113206,108.8679622641132,20.0,92.0,137.20169488482378,115.05265488797644,18.110770276274835,137.20169488482378,113.25265488797646,0.0,40.0,16.8,20.0,20.0,20.0,255,324,812,883,0
8,23,16.401219466856727,106.40121946685673,10.0,92.0,137.20169488482378,115.05265488797644,18.110770276274835,137.20169488482378,113.25265488797646,0.0,40.0,16.8,20.0,20.0,20.0,255,324,732,777,0
8,24,22.20360331117452,112.20360331117452,10.0,92.0,137.20169488482378,115.05265488797644,18.110770276274835,137.20169488482378,113.25265488797646,0.0,40.0,16.8,20.0,20.0,20.0,255,324,65,144,0
8,25,20.615528128088304,110.6155281280883,40.0,92.0,137.20169488482378,115.05265488797644,18.110770276274835,137.20169488482378,113.25265488797646,0.0,40.0,16.8,20.0,20.0,20.0,255,324,169,224,0
8,26,18.384776310850235,108.38477631085024,10.0,92.0,137.20169488482378,115.05265488797644,18.110770276274835,137.20169488482378,113.25265488797646,0.0,40.0,16.8,20.0,20.0,20.0,255,324,622,701,0
8,27,21.93171219946131,111.93171219946132,10.0,92.0,137.20169488482378,115.05265488797644,18.110770276274835,137.20169488482378,113.25265488797646,0.0,40.0,16.8,20.0,20.0,20.0,255,324,261,316,0
8,28,19.849433241279208,109.8494332412792,20.0,92.0,137.20169488482378,115.05265488797644,18.110770276274835,137.20169488482378,113.25265488797646,0.0,40.0,16.8,20.0,20.0,20.0,255,324,546,593,0
8,29,25.45584412271571,115.45584412271572,10.0,92.0,137.20169488482378,115.05265488797644,18.110770276274835,137.20169488482378,113.25265488797646,0.0,40.0,16.8,20.0,20.0,20.0,255,324,358,405,0
8,30,22.20360331117452,112.20360331117452,10.0,92.0,137.20169488482378,115.05265488797644,18.110770276274835,137.20169488482378,113.25265488797646,0.0,40.0,16.8,20.0,20.0,20.0,255,324,449,504,0
8,31,43.278170016764804,133.27817001676482,20.0,92.0,137.20169488482378,115.05265488797644,18.110770276274835,137.20169488482378,113.25265488797646,0.0,40.0,16.8,20.0,20.0,20.0,255,324,200,237,0
8,32,39.59797974644666,129.59797974644667,30.0,92.0,137.20169488482378,115.05265488797644,18.110770276274835,137.20169488482378,113.25265488797646,0.0,40.0,16.8,20.0,20.0,20.0,255,324,31,100,0
8,33,41.036569057366385,131.0365690573664,40.0,92.0,137.20169488482378,115.05265488797644,18.110770276274835,137.20169488482378,113.25265488797646,0.0,40.0,16.8,20.0,20.0,20.0,255,324,87,158,0
8,34,37.8021163428716,127.8021163428716,20.0,92.0,137.20169488482378,115.05265488797644,18.110770276274835,137.20169488482378,113.25265488797646,0.0,40.0,16.8,20.0,20.0,20.0,255,324,751,816,0
8,35,46.66904755831214,136.66904755831214,10.0,92.0,137.20169488482378,115.05265488797644,18.110770276274835,137.20169488482378,113.25265488797646,0.0,40.0,16.8,20.0,20.0,20.0,255,324,283,344,0
8,36,40.22437072223753,130.22437072223752,10.0,92.0,137.20169488482378,115.05265488797644,18.110770276274835,137.20169488482378,113.25265488797646,0.0,40.0,16.8,20.0,20.0,20.0,255,324,665,716,0
8,37,45.60701700396552,135.60701700396552,20.0,92.0,137.20169488482378,115.05265488797644,18.110770276274835,137.20169488482378,113.25265488797646,0.0,40.0,16.8,20.0,20.0,20.0,255,324,383,434,0
8,38,47.20169488482379,137.20169488482378,30.0,92.0,137.20169488482378,115.05265488797644,18.110770276274835,137.20169488482378,113.25265488797646,0.0,40.0,16.8,20.0,20.0,20.0,255,324,479,522,0
8,39,44.41846462902562,134.4184646290256,20.0,92.0,137.20169488482378,115.05265488797644,18.110770276274835,137.20169488482378,113.25265488797646,0.0,40.0,16.8,20.0,20.0,20.0,255,324,567,624,0
8,40,38.118237105091836,128.11823710509185,10.0,92.0,137.20169488482378,115.05265488797644,18.110770276274835,137.20169488482378,113.25265488797646,0.0,40.0,16.8,20.0,20.0,20.0,255,324,264,321,0
8,41,36.124783736376884,126.12478373637688,10.0,92.0,137.20169488482378,115.05265488797644,18.110770276274835,137.20169488482378,113.25265488797646,0.0,40.0,16.8,20.0,20.0,20.0,255,324,166,235,0
8,42,36.345563690772494,126.3455636907725,20.0,92.0,137.20169488482378,115.05265488797644,18.110770276274835,137.20169488482378,113.25265488797646,0.0,40.0,16.8,20.0,20.0,20.0,255,324,68,149,0
8,43,33.37663853655727,123.37663853655727,10.0,92.0,137.20169488482378,115.05265488797644,18.110770276274835,137.20169488482378,113.25265488797646,0.0,40.0,16.8,20.0,20.0,20.0,255,324,16,80,0
8,44,38.47076812334269,128.47076812334268,10.0,92.0,137.20169488482378,115.05265488797644,18.110770276274835,137.20169488482378,113.25265488797646,0.0,40.0,16.8,20.0,20.0,20.0,255,324,359,412,0
8,45,38.8329756778952,128.8329756778952,10.0,92.0,137.20169488482378,115.05265488797644,18.110770276274835,137.20169488482378,113.25265488797646,0.0,40.0,16.8,20.0,20.0,20.0,255,324,541,600,0
8,46,36.87817782917155,126.87817782917155,30.0,92.0,137.20169488482378,115.05265488797644,18.110770276274835,137.20169488482378,113.25265488797646,0.0,40.0,16.8,20.0,20.0,20.0,255,324,448,509,0
8,47,33.95585369269929,123.95585369269929,10.0,92.0,137.20169488482378,115.05265488797644,18.110770276274835,137.20169488482378,113.25265488797646,0.0,40.0,16.8,20.0,20.0,20.0,255,324,1054,1127,0
8,48,39.293765408777,129.293765408777,10.0,92.0,137.20169488482378,115.05265488797644,18.110770276274835,137.20169488482378,113.25265488797646,0.0,40.0,16.8,20.0,20.0,20.0,255,324,632,693,0
8,49,34.48187929913333,124.48187929913334,10.0,92.0,137.20169488482378,115.05265488797644,18.110770276274835,137.20169488482378,113.25265488797646,0.0,40.0,16.8,20.0,20.0,20.0,255,324,1001,1066,0
8,50,37.94733192202055,127.94733192202055,10.0,92.0,137.20169488482378,115.05265488797644,18.110770276274835,137.20169488482378,113.25265488797646,0.0,40.0,16.8,20.0,20.0,20.0,255,324,815,880,0
9,0,20.09975124224178,110.09975124224178,0.0,92.0,138.41487374764083,116.06601373862348,20.09975124224178,138.41487374764083,114.26601373862349,0.0,40.0,17.0,10.0,10.0,10.0,534,605,0,1236,1
9,1,7.280109889280518,97.28010988928052,10.0,92.0,138.41487374764083,116.06601373862348,20.09975124224178,138.41487374764083,114.26601373862349,0.0,40.0,17.0,10.0,10.0,10.0,534,605,912,967,0
9,2,7.0,97.0,30.0,92.0,138.41487374764083,116.06601373862348,20.09975124224178,138.41487374764083,114.26601373862349,0.0,40.0,17.0,10.0,10.0,10.0,534,605,825,870,0
9,3,5.656854249492381,95.65685424949238,10.0,92.0,138.41487374764083,116.06601373862348,20.09975124224178,138.41487374764083,114.26601373862349,0.0,40.0,17.0,10.0,10.0,10.0,534,605,65,146,0
9,4,4.47213595499958,94.47213595499957,10.0,92.0,138.41487374764083,116.06601373862348,20.09975124224178,138.41487374764083,114.26601373862349,0.0,40.0,17.0,10.0,10.0,10.0,534,605,727,782,0
9,5,6.4031242374328485,96.40312423743285,10.0,92.0,138.41487374764083,116.06601373862348,20.09975124224178,138.41487374764083,114.26601373862349,0.0,40.0,17.0,10.0,10.0,10.0,534,605,15,67,0
9,6,2.23606797749979,92.23606797749979,20.0,92.0,138.41487374764083,116.06601373862348,20.09975124224178,138.41487374764083,114.26601373862349,0.0,40.0,17.0,10.0,10.0,10.0,534,605,621,702,1
9,7,4.47213595499958,94.47213595499957,20.0,92.0,138.41487374764083,116.06601373862348,20.09975124224178,138.41487374764083,114.26601373862349,0.0,40.0,17.0,10.0,10.0,10.0,534,605,170,225,0
9,8,2.0,92.0,20.0,92.0,138.41487374764083,116.06601373862348,20.09975124224178,138.41487374764083,114.26601373862349,0.0,40.0,17.0,10.0,10.0,10.0,534,605,255,324,0
9,10,5.0,95.0,10.0,92.0,138.41487374764083,116.06601373862348,20.09975124224178,138.41487374764083,114.26601373862349,0.0,40.0,17.0,10.0,10.0,10.0,534,605,357,410,0
9,11,3.1622776601683795,93.16227766016839,10.0,92.0,138.41487374764083,116.06601373862348,20.09975124224178,138.41487374764083,114.26601373862349,0.0,40.0,17.0,10.0,10.0,10.0,534,605,448,505,0
9,12,19.849433241279208,109.8494332412792,20.0,92.0,138.41487374764083,116.06601373862348,20.09975124224178,138.41487374764083,114.26601373862349,0.0,40.0,17.0,10.0,10.0,10.0,534,605,652,721,1
9,13,16.76305461424021,106.76305461424022,30.0,92.0,138.41487374764083,116.06601373862348,20.09975124224178,138.41487374764083,114.26601373862349,0.0,40.0,17.0,10.0,10.0,10.0,534,605,30,92,0
9,14,21.93171219946131,111.93171219946132,10.0,92.0,138.41487374764083,116.06601373862348,20.09975124224178,138.41487374764083,114.26601373862349,0.0,40.0,17.0,10.0,10.0,10.0,534,605,567,620,0
9,15,20.591260281974,110.591260281974,40.0,92.0,138.41487374764083,116.06601373862348,20.09975124224178,138.41487374764083,114.26601373862349,0.0,40.0,17.0,10.0,10.0,10.0,534,605,384,429,0
9,16,23.430749027719962,113.43074902771997,40.0,92.0,138.41487374764083,116.06601373862348,20.09975124224178,138.41487374764083,114.26601373862349,0.0,40.0,17.0,10.0,10.0,10.0,534,605,475,528,0
9,17,20.615528128088304,110.6155281280883,20.0,92.0,138.41487374764083,116.06601373862348,20.09975124224178,138.41487374764083,114.26601373862349,0.0,40.0,17.0,10.0,10.0,10.0,534,605,99,148,0
9,18,23.53720459187964,113.53720459187964,20.0,92.0,138.41487374764083,116.06601373862348,20.09975124224178,138.41487374764083,114.26601373862349,0.0,40.0,17.0,10.0,10.0,10.0,534,605,179,254,0
9,19,25.079872407968907,115.0798724079689,10.0,92.0,138.41487374764083,116.06601373862348,20.09975124224178,138.41487374764083,114.26601373862349,0.0,40.0,17.0,10.0,10.0,10.0,534,605,278,345,0
9,20,21.540659228538015,111.54065922853802,10.0,92.0,138.41487374764083,116.06601373862348,20.09975124224178,138.41487374764083,114.26601373862349,0.0,40.0,17.0,10.0,10.0,10.0,534,605,10,73,0
9,21,19.697715603592208,109.6977156035922,20.0,92.0,138.41487374764083,116.06601373862348,20.09975124224178,138.41487374764083,114.26601373862349,0.0,40.0,17.0,10.0,10.0,10.0,534,605,914,965,0
9,22,20.591260281974,110.591260281974,20.0,92.0,138.41487374764083,116.06601373862348,20.09975124224178,138.41487374764083,114.26601373862349,0.0,40.0,17.0,10.0,10.0,10.0,534,605,812,883,0
9,23,18.027756377319946,108.02775637731995,10.0,92.0,138.41487374764083,116.06601373862348,20.09975124224178,138.41487374764083,114.26601373862349,0.0,40.0,17.0,10.0,10.0,10.0,534,605,732,777,0
9,24,23.853720883753127,113.85372088375313,10.0,92.0,138.41487374764083,116.06601373862348,20.09975124224178,138.41487374764083,114.26601373862349,0.0,40.0,17.0,10.0,10.0,10.0,534,605,65,144,0
9,25,22.20360331117452,112.20360331117452,40.0,92.0,138.41487374764083,116.06601373862348,20.09975124224178,138.41487374764083,114.26601373862349,0.0,40.0,17.0,10.0,10.0,10.0,534,605,169,224,0
9,26,19.849433241279208,109.8494332412792,10.0,92.0,138.41487374764083,116.06601373862348,20.09975124224178,138.41487374764083,114.26601373862349,0.0,40.0,17.0,10.0,10.0,10.0,534,605,622,701,0
9,27,23.430749027719962,113.43074902771997,10.0,92.0,138.41487374764083,116.06601373862348,20.09975124224178,138.41487374764083,114.26601373862349,0.0,40.0,17.0,10.0,10.0,10.0,534,605,261,316,0
9,28,21.213203435596427,111.21320343559643,20.0,92.0,138.41487374764083,116.06601373862348,20.09975124224178,138.41487374764083,114.26601373862349,0.0,40.0,17.0,10.0,10.0,10.0,534,605,546,593,0
9,29,26.90724809414742,116.90724809414742,10.0,92.0,138.41487374764083,116.06601373862348,20.09975124224178,138.41487374764083,114.26601373862349,0.0,40.0,17.0,10.0,10.0,10.0,534,605,358,405,0
9,30,23.430749027719962,113.43074902771997,10.0,92.0,138.41487374764083,116.06601373862348,20.09975124224178,138.41487374764083,114.26601373862349,0.0,40.0,17.0,10.0,10.0,10.0,534,605,449,504,0
9,31,44.82186966202994,134.82186966202994,20.0,92.0,138.41487374764083,116.06601373862348,20.09975124224178,138.41487374764083,114.26601373862349,0.0,40.0,17.0,10.0,10.0,10.0,534,605,200,237,0
9,32,41.036569057366385,131.0365690573664,30.0,92.0,138.41487374764083,116.06601373862348,20.09975124224178,138.41487374764083,114.26601373862349,0.0,40.0,17.0,10.0,10.0,10.0,534,605,31,100,0
9,33,42.42640687119285,132.42640687119285,40.0,92.0,138.41487374764083,116.06601373862348,20.09975124224178,138.41487374764083,114.26601373862349,0.0,40.0,17.0,10.0,10.0,10.0,534,605,87,158,0
9,34,39.05124837953327,129.05124837953326,20.0,92.0,138.41487374764083,116.06601373862348,20.09975124224178,138.41487374764083,114.26601373862349,0.0,40.0,17.0,10.0,10.0,10.0,534,605,751,816,0
9,35,48.104053883222775,138.10405388322278,10.0,92.0,138.41487374764083,116.06601373862348,20.09975124224178,138.41487374764083,114.26601373862349,0.0,40.0,17.0,10.0,10.0,10.0,534,605,283,344,0
9,36,41.400483088968905,131.4004830889689,10.0,92.0,138.41487374764083,116.06601373862348,20.09975124224178,138.41487374764083,114.26601373862349,0.0,40.0,17.0,10.0,10.0,10.0,534,605,665,716,0
9,37,46.861498055439924,136.86149805543994,20.0,92.0,138.41487374764083,116.06601373862348,20.09975124224178,138.41487374764083,114.26601373862349,0.0,40.0,17.0,10.0,10.0,10.0,534,605,383,434,0
9,38,48.41487374764082,138.41487374764083,30.0,92.0,138.41487374764083,116.06601373862348,20.09975124224178,138.41487374764083,114.26601373862349,0.0,40.0,17.0,10.0,10.0,10.0,534,605,479,522,0
9,39,45.48626166217664,135.48626166217664,20.0,92.0,138.41487374764083,116.06601373862348,20.09975124224178,138.41487374764083,114.26601373862349,0.0,40.0,17.0,10.0,10.0,10.0,534,605,567,624,0
9,40,40.11234224026316,130.11234224026316,10.0,92.0,138.41487374764083,116.06601373862348,20.09975124224178,138.41487374764083,114.26601373862349,0.0,40.0,17.0,10.0,10.0,10.0,534,605,264,321,0
9,41,38.118237105091836,128.11823710509185,10.0,92.0,138.41487374764083,116.06601373862348,20.09975124224178,138.41487374764083,114.26601373862349,0.0,40.0,17.0,10.0,10.0,10.0,534,605,166,235,0
9,42,38.3275357934736,128.3275357934736,20.0,92.0,138.41487374764083,116.06601373862348,20.09975124224178,138.41487374764083,114.26601373862349,0.0,40.0,17.0,10.0,10.0,10.0,534,605,68,149,0
9,43,35.35533905932738,125.35533905932738,10.0,92.0,138.41487374764083,116.06601373862348,20.09975124224178,138.41487374764083,114.26601373862349,0.0,40.0,17.0,10.0,10.0,10.0,534,605,16,80,0
9,44,40.44749683231337,130.44749683231336,10.0,92.0,138.41487374764083,116.06601373862348,20.09975124224178,138.41487374764083,114.26601373862349,0.0,40.0,17.0,10.0,10.0,10.0,534,605,359,412,0
9,45,40.792156108742276,130.7921561087423,10.0,92.0,138.41487374764083,116.06601373862348,20.09975124224178,138.41487374764083,114.26601373862349,0.0,40.0,17.0,10.0,10.0,10.0,534,605,541,600,0
9,46,38.8329756778952,128.8329756778952,30.0,92.0,138.41487374764083,116.06601373862348,20.09975124224178,138.41487374764083,114.26601373862349,0.0,40.0,17.0,10.0,10.0,10.0,534,605,448,509,0
9,47,35.90264614203248,125.90264614203248,10.0,92.0,138.41487374764083,116.06601373862348,20.09975124224178,138.41487374764083,114.26601373862349,0.0,40.0,17.0,10.0,10.0,10.0,534,605,1054,1127,0
9,48,41.23105625617661,131.2310562561766,10.0,92.0,138.41487374764083,116.06601373862348,20.09975124224178,138.41487374764083,114.26601373862349,0.0,40.0,17.0,10.0,10.0,10.0,534,605,632,693,0
9,49,36.40054944640259,126.4005494464026,10.0,92.0,138.41487374764083,116.06601373862348,20.09975124224178,138.41487374764083,114.26601373862349,0.0,40.0,17.0,10.0,10.0,10.0,534,605,1001,1066,0
9,50,39.84971769034255,129.84971769034254,10.0,92.0,138.41487374764083,116.06601373862348,20.09975124224178,138.41487374764083,114.26601373862349,0.0,40.0,17.0,10.0,10.0,10.0,534,605,815,880,0
10,0,16.76305461424021,106.76305461424022,0.0,93.0,133.6004587131833,113.38789332458185,16.76305461424021,133.6004587131833,111.58789332458186,0.0,40.0,17.0,10.0,10.0,10.0,357,410,0,1236,1
10,1,10.198039027185569,100.19803902718557,10.0,93.0,133.6004587131833,113.38789332458185,16.76305461424021,133.6004587131833,111.58789332458186,0.0,40.0,17.0,10.0,10.0,10.0,357,410,912,967,0
10,2,10.770329614269007,100.770329614269,30.0,93.0,133.6004587131833,113.38789332458185,16.76305461424021,133.6004587131833,111.58789332458186,0.0,40.0,17.0,10.0,10.0,10.0,357,410,825,870,0
10,3,7.0,97.0,10.0,93.0,133.6004587131833,113.38789332458185,16.76305461424021,133.6004587131833,111.58789332458186,0.0,40.0,17.0,10.0,10.0,10.0,357,410,65,146,0
10,4,7.280109889280518,97.28010988928052,10.0,93.0,133.6004587131833,113.38789332458185,16.76305461424021,133.6004587131833,111.58789332458186,0.0,40.0,17.0,10.0,10.0,10.0,357,410,727,782,0
10,5,7.0710678118654755,97.07106781186548,10.0,93.0,133.6004587131833,113.38789332458185,16.76305461424021,133.6004587131833,111.58789332458186,0.0,40.0,17.0,10.0,10.0,10.0,357,410,15,67,0
10,6,5.830951894845301,95.8309518948453,20.0,93.0,133.6004587131833,113.38789332458185,16.76305461424021,133.6004587131833,111.58789332458186,0.0,40.0,17.0,10.0,10.0,10.0,357,410,621,702,1
10,7,5.0,95.0,20.0,93.0,133.6004587131833,113.38789332458185,16.76305461424021,133.6004587131833,111.58789332458186,0.0,40.0,17.0,10.0,10.0,10.0,357,410,170,225,0
10,8,3.605551275463989,93.605551275464,20.0,93.0,133.6004587131833,113.38789332458185,16.76305461424021,133.6004587131833,111.58789332458186,0.0,40.0,17.0,10.0,10.0,10.0,357,410,255,324,0
10,9,5.0,95.0,10.0,93.0,133.6004587131833,113.38789332458185,16.76305461424021,133.6004587131833,111.58789332458186,0.0,40.0,17.0,10.0,10.0,10.0,357,410,534,605,1
10,11,3.0,93.0,10.0,93.0,133.6004587131833,113.38789332458185,16.76305461424021,133.6004587131833,111.58789332458186,0.0,40.0,17.0,10.0,10.0,10.0,357,410,448,505,1
10,12,21.470910553583888,111.47091055358389,20.0,93.0,133.6004587131833,113.38789332458185,16.76305461424021,133.6004587131833,111.58789332458186,0.0,40.0,17.0,10.0,10.0,10.0,357,410,652,721,1
10,13,15.811388300841896,105.8113883008419,30.0,93.0,133.6004587131833,113.38789332458185,16.76305461424021,133.6004587131833,111.58789332458186,0.0,40.0,17.0,10.0,10.0,10.0,357,410,30,92,0
10,14,23.021728866442675,113.02172886644267,10.0,93.0,133.6004587131833,113.38789332458185,16.76305461424021,133.6004587131833,111.58789332458186,0.0,40.0,17.0,10.0,10.0,10.0,357,410,567,620,1
10,15,20.518284528683193,110.5182845286832,40.0,93.0,133.6004587131833,113.38789332458185,16.76305461424021,133.6004587131833,111.58789332458186,0.0,40.0,17.0,10.0,10.0,10.0,357,410,384,429,0
10,16,24.20743687382041,114.20743687382041,40.0,93.0,133.6004587131833,113.38789332458185,16.76305461424021,133.6004587131833,111.58789332458186,0.0,40.0,17.0,10.0,10.0,10.0,357,410,475,528,1
10,17,19.235384061671343,109.23538406167134,20.0,93.0,133.6004587131833,113.38789332458185,16.76305461424021,133.6004587131833,111.58789332458186,0.0,40.0,17.0,10.0,10.0,10.0,357,410,99,148,0
10,18,21.93171219946131,111.93171219946132,20.0,93.0,133.6004587131833,113.38789332458185,16.76305461424021,133.6004587131833,111.58789332458186,0.0,40.0,17.0,10.0,10.0,10.0,357,410,179,254,0
10,19,24.413111231467404,114.41311123146741,10.0,93.0,133.6004587131833,113.38789332458185,16.76305461424021,133.6004587131833,111.58789332458186,0.0,40.0,17.0,10.0,10.0,10.0,357,410,278,345,0
10,20,16.76305461424021,106.76305461424022,10.0,93.0,133.6004587131833,113.38789332458185,16.76305461424021,133.6004587131833,111.58789332458186,0.0,40.0,17.0,10.0,10.0,10.0,357,410,10,73,0
10,21,14.866068747318506,104.86606874731851,20.0,93.0,133.6004587131833,113.38789332458185,16.76305461424021,133.6004587131833,111.58789332458186,0.0,40.0,17.0,10.0,10.0,10.0,357,410,914,965,0
10,22,15.652475842498529,105.65247584249853,20.0,93.0,133.6004587131833,113.38789332458185,16.76305461424021,133.6004587131833,111.58789332458186,0.0,40.0,17.0,10.0,10.0,10.0,357,410,812,883,0
10,23,13.038404810405298,103.0384048104053,10.0,93.0,133.6004587131833,113.38789332458185,16.76305461424021,133.6004587131833,111.58789332458186,0.0,40.0,17.0,10.0,10.0,10.0,357,410,732,777,0
10,24,18.867962264113206,108.8679622641132,10.0,93.0,133.6004587131833,113.38789332458185,16.76305461424021,133.6004587131833,111.58789332458186,0.0,40.0,17.0,10.0,10.0,10.0,357,410,65,144,0
10,25,17.204650534085253,107.20465053408526,40.0,93.0,133.6004587131833,113.38789332458185,16.76305461424021,133.6004587131833,111.58789332458186,0.0,40.0,17.0,10.0,10.0,10.0,357,410,169,224,0
10,26,14.866068747318506,104.86606874731851,10.0,93.0,133.6004587131833,113.38789332458185,16.76305461424021,133.6004587131833,111.58789332458186,0.0,40.0,17.0,10.0,10.0,10.0,357,410,622,701,0
10,27,18.439088914585774,108.43908891458577,10.0,93.0,133.6004587131833,113.38789332458185,16.76305461424021,133.6004587131833,111.58789332458186,0.0,40.0,17.0,10.0,10.0,10.0,357,410,261,316,0
10,28,16.278820596099706,106.2788205960997,20.0,93.0,133.6004587131833,113.38789332458185,16.76305461424021,133.6004587131833,111.58789332458186,0.0,40.0,17.0,10.0,10.0,10.0,357,410,546,593,1
10,29,21.93171219946131,111.93171219946132,10.0,93.0,133.6004587131833,113.38789332458185,16.76305461424021,133.6004587131833,111.58789332458186,0.0,40.0,17.0,10.0,10.0,10.0,357,410,358,405,0
10,30,18.601075237738275,108.60107523773827,10.0,93.0,133.6004587131833,113.38789332458185,16.76305461424021,133.6004587131833,111.58789332458186,0.0,40.0,17.0,10.0,10.0,10.0,357,410,449,504,1
10,31,39.824615503479755,129.82461550347975,20.0,93.0,133.6004587131833,113.38789332458185,16.76305461424021,133.6004587131833,111.58789332458186,0.0,40.0,17.0,10.0,10.0,10.0,357,410,200,237,0
10,32,36.069377593742864,126.06937759374287,30.0,93.0,133.6004587131833,113.38789332458185,16.76305461424021,133.6004587131833,111.58789332458186,0.0,40.0,17.0,10.0,10.0,10.0,357,410,31,100,0
10,33,37.48332962798263,127.48332962798263,40.0,93.0,133.6004587131833,113.38789332458185,16.76305461424021,133.6004587131833,111.58789332458186,0.0,40.0,17.0,10.0,10.0,10.0,357,410,87,158,0
10,34,34.20526275297414,124.20526275297414,20.0,93.0,133.6004587131833,113.38789332458185,16.76305461424021,133.6004587131833,111.58789332458186,0.0,40.0,17.0,10.0,10.0,10.0,357,410,751,816,0
10,35,43.139309220245984,133.139309220246,10.0,93.0,133.6004587131833,113.38789332458185,16.76305461424021,133.6004587131833,111.58789332458186,0.0,40.0,17.0,10.0,10.0,10.0,357,410,283,344,0
10,36,36.61966684720111,126.6196668472011,10.0,93.0,133.6004587131833,113.38789332458185,16.76305461424021,133.6004587131833,111.58789332458186,0.0,40.0,17.0,10.0,10.0,10.0,357,410,665,716,0
10,37,42.01190307520001,132.0119030752,20.0,93.0,133.6004587131833,113.38789332458185,16.76305461424021,133.6004587131833,111.58789332458186,0.0,40.0,17.0,10.0,10.0,10.0,357,410,383,434,0
10,38,43.60045871318328,133.6004587131833,30.0,93.0,133.6004587131833,113.38789332458185,16.76305461424021,133.6004587131833,111.58789332458186,0.0,40.0,17.0,10.0,10.0,10.0,357,410,479,522,0
10,39,40.8166632639171,130.8166632639171,20.0,93.0,133.6004587131833,113.38789332458185,16.76305461424021,133.6004587131833,111.58789332458186,0.0,40.0,17.0,10.0,10.0,10.0,357,410,567,624,0
10,40,36.0,126.0,10.0,93.0,133.6004587131833,113.38789332458185,16.76305461424021,133.6004587131833,111.58789332458186,0.0,40.0,17.0,10.0,10.0,10.0,357,410,264,321,0
10,41,34.0,124.0,10.0,93.0,133.6004587131833,113.38789332458185,16.76305461424021,133.6004587131833,111.58789332458186,0.0,40.0,17.0,10.0,10.0,10.0,357,410,166,235,0
10,42,34.058772731852805,124.0587727318528,20.0,93.0,133.6004587131833,113.38789332458185,16.76305461424021,133.6004587131833,111.58789332458186,0.0,40.0,17.0,10.0,10.0,10.0,357,410,68,149,0
10,43,31.064449134018133,121.06444913401813,10.0,93.0,133.6004587131833,113.38789332458185,16.76305461424021,133.6004587131833,111.58789332458186,0.0,40.0,17.0,10.0,10.0,10.0,357,410,16,80,0
10,44,36.124783736376884,126.12478373637688,10.0,93.0,133.6004587131833,113.38789332458185,16.76305461424021,133.6004587131833,111.58789332458186,0.0,40.0,17.0,10.0,10.0,10.0,357,410,359,412,0
10,45,36.345563690772494,126.3455636907725,10.0,93.0,133.6004587131833,113.38789332458185,16.76305461424021,133.6004587131833,111.58789332458186,0.0,40.0,17.0,10.0,10.0,10.0,357,410,541,600,0
10,46,34.36568055487916,124.36568055487916,30.0,93.0,133.6004587131833,113.38789332458185,16.76305461424021,133.6004587131833,111.58789332458186,0.0,40.0,17.0,10.0,10.0,10.0,357,410,448,509,0
10,47,31.400636936215164,121.40063693621516,10.0,93.0,133.6004587131833,113.38789332458185,16.76305461424021,133.6004587131833,111.58789332458186,0.0,40.0,17.0,10.0,10.0,10.0,357,410,1054,1127,0
10,48,36.6742416417845,126.6742416417845,10.0,93.0,133.6004587131833,113.38789332458185,16.76305461424021,133.6004587131833,111.58789332458186,0.0,40.0,17.0,10.0,10.0,10.0,357,410,632,693,0
10,49,31.78049716414141,121.78049716414141,10.0,93.0,133.6004587131833,113.38789332458185,16.76305461424021,133.6004587131833,111.58789332458186,0.0,40.0,17.0,10.0,10.0,10.0,357,410,1001,1066,0
10,50,35.17101079013795,125.17101079013796,10.0,93.0,133.6004587131833,113.38789332458185,16.76305461424021,133.6004587131833,111.58789332458186,0.0,40.0,17.0,10.0,10.0,10.0,357,410,815,880,0
11,0,19.6468827043885,109.6468827043885,0.0,93.0,135.45327270945404,114.67966424909555,19.6468827043885,135.45327270945404,112.87966424909555,0.0,40.0,17.0,10.0,10.0,10.0,448,505,0,1236,1
11,1,10.04987562112089,100.04987562112089,10.0,93.0,135.45327270945404,114.67966424909555,19.6468827043885,135.45327270945404,112.87966424909555,0.0,40.0,17.0,10.0,10.0,10.0,448,505,912,967,0
11,2,10.04987562112089,100.04987562112089,30.0,93.0,135.45327270945404,114.67966424909555,19.6468827043885,135.45327270945404,112.87966424909555,0.0,40.0,17.0,10.0,10.0,10.0,448,505,825,870,0
11,3,7.615773105863909,97.61577310586391,10.0,93.0,135.45327270945404,114.67966424909555,19.6468827043885,135.45327270945404,112.87966424909555,0.0,40.0,17.0,10.0,10.0,10.0,448,505,65,146,0
11,4,7.0710678118654755,97.07106781186548,10.0,93.0,135.45327270945404,114.67966424909555,19.6468827043885,135.45327270945404,112.87966424909555,0.0,40.0,17.0,10.0,10.0,10.0,448,505,727,782,0
11,5,8.06225774829855,98.06225774829855,10.0,93.0,135.45327270945404,114.67966424909555,19.6468827043885,135.45327270945404,112.87966424909555,0.0,40.0,17.0,10.0,10.0,10.0,448,505,15,67,0
11,6,5.0,95.0,20.0,93.0,135.45327270945404,114.67966424909555,19.6468827043885,135.45327270945404,112.87966424909555,0.0,40.0,17.0,10.0,10.0,10.0,448,505,621,702,0
11,7,5.830951894845301,95.8309518948453,20.0,93.0,135.45327270945404,114.67966424909555,19.6468827043885,135.45327270945404,112.87966424909555,0.0,40.0,17.0,10.0,10.0,10.0,448,505,170,225,0
11,8,3.1622776601683795,93.16227766016839,20.0,93.0,135.45327270945404,114.67966424909555,19.6468827043885,135.45327270945404,112.87966424909555,0.0,40.0,17.0,10.0,10.0,10.0,448,505,255,324,0
11,9,3.1622776601683795,93.16227766016839,10.0,93.0,135.45327270945404,114.67966424909555,19.6468827043885,135.45327270945404,112.87966424909555,0.0,40.0,17.0,10.0,10.0,10.0,448,505,534,605,1
11,10,3.0,93.0,10.0,93.0,135.45327270945404,114.67966424909555,19.6468827043885,135.45327270945404,112.87966424909555,0.0,40.0,17.0,10.0,10.0,10.0,448,505,357,410,0
11,12,18.867962264113206,108.8679622641132,20.0,93.0,135.45327270945404,114.67966424909555,19.6468827043885,135.45327270945404,112.87966424909555,0.0,40.0,17.0,10.0,10.0,10.0,448,505,652,721,1
11,13,14.317821063276353,104.31782106327636,30.0,93.0,135.45327270945404,114.67966424909555,19.6468827043885,135.45327270945404,112.87966424909555,0.0,40.0,17.0,10.0,10.0,10.0,448,505,30,92,0
11,14,20.615528128088304,110.6155281280883,10.0,93.0,135.45327270945404,114.67966424909555,19.6468827043885,135.45327270945404,112.87966424909555,0.0,40.0,17.0,10.0,10.0,10.0,448,505,567,620,0
11,15,18.601075237738275,108.60107523773827,40.0,93.0,135.45327270945404,114.67966424909555,19.6468827043885,135.45327270945404,112.87966424909555,0.0,40.0,17.0,10.0,10.0,10.0,448,505,384,429,0
11,16,21.93171219946131,111.93171219946132,40.0,93.0,135.45327270945404,114.67966424909555,19.6468827043885,135.45327270945404,112.87966424909555,0.0,40.0,17.0,10.0,10.0,10.0,448,505,475,528,0
11,17,18.027756377319946,108.02775637731995,20.0,93.0,135.45327270945404,114.67966424909555,19.6468827043885,135.45327270945404,112.87966424909555,0.0,40.0,17.0,10.0,10.0,10.0,448,505,99,148,0
11,18,20.8806130178211,110.8806130178211,20.0,93.0,135.45327270945404,114.67966424909555,19.6468827043885,135.45327270945404,112.87966424909555,0.0,40.0,17.0,10.0,10.0,10.0,448,505,179,254,0
11,19,22.825424421026653,112.82542442102665,10.0,93.0,135.45327270945404,114.67966424909555,19.6468827043885,135.45327270945404,112.87966424909555,0.0,40.0,17.0,10.0,10.0,10.0,448,505,278,345,0
11,20,19.6468827043885,109.6468827043885,10.0,93.0,135.45327270945404,114.67966424909555,19.6468827043885,135.45327270945404,112.87966424909555,0.0,40.0,17.0,10.0,10.0,10.0,448,505,10,73,0
11,21,17.72004514666935,107.72004514666935,20.0,93.0,135.45327270945404,114.67966424909555,19.6468827043885,135.45327270945404,112.87966424909555,0.0,40.0,17.0,10.0,10.0,10.0,448,505,914,965,0
11,22,18.384776310850235,108.38477631085024,20.0,93.0,135.45327270945404,114.67966424909555,19.6468827043885,135.45327270945404,112.87966424909555,0.0,40.0,17.0,10.0,10.0,10.0,448,505,812,883,0
11,23,15.652475842498529,105.65247584249853,10.0,93.0,135.45327270945404,114.67966424909555,19.6468827043885,135.45327270945404,112.87966424909555,0.0,40.0,17.0,10.0,10.0,10.0,448,505,732,777,0
11,24,21.470910553583888,111.47091055358389,10.0,93.0,135.45327270945404,114.67966424909555,19.6468827043885,135.45327270945404,112.87966424909555,0.0,40.0,17.0,10.0,10.0,10.0,448,505,65,144,0
11,25,19.72308292331602,109.72308292331601,40.0,93.0,135.45327270945404,114.67966424909555,19.6468827043885,135.45327270945404,112.87966424909555,0.0,40.0,17.0,10.0,10.0,10.0,448,505,169,224,0
11,26,17.204650534085253,107.20465053408526,10.0,93.0,135.45327270945404,114.67966424909555,19.6468827043885,135.45327270945404,112.87966424909555,0.0,40.0,17.0,10.0,10.0,10.0,448,505,622,701,0
11,27,20.808652046684813,110.80865204668481,10.0,93.0,135.45327270945404,114.67966424909555,19.6468827043885,135.45327270945404,112.87966424909555,0.0,40.0,17.0,10.0,10.0,10.0,448,505,261,316,0
11,28,18.439088914585774,108.43908891458577,20.0,93.0,135.45327270945404,114.67966424909555,19.6468827043885,135.45327270945404,112.87966424909555,0.0,40.0,17.0,10.0,10.0,10.0,448,505,546,593,0
11,29,24.20743687382041,114.20743687382041,10.0,93.0,135.45327270945404,114.67966424909555,19.6468827043885,135.45327270945404,112.87966424909555,0.0,40.0,17.0,10.0,10.0,10.0,448,505,358,405,0
11,30,20.518284528683193,110.5182845286832,10.0,93.0,135.45327270945404,114.67966424909555,19.6468827043885,135.45327270945404,112.87966424909555,0.0,40.0,17.0,10.0,10.0,10.0,448,505,449,504,0
11,31,42.20189569201838,132.20189569201838,20.0,93.0,135.45327270945404,114.67966424909555,19.6468827043885,135.45327270945404,112.87966424909555,0.0,40.0,17.0,10.0,10.0,10.0,448,505,200,237,0
11,32,38.28837943815329,128.2883794381533,30.0,93.0,135.45327270945404,114.67966424909555,19.6468827043885,135.45327270945404,112.87966424909555,0.0,40.0,17.0,10.0,10.0,10.0,448,505,31,100,0
11,33,39.6232255123179,129.6232255123179,40.0,93.0,135.45327270945404,114.67966424909555,19.6468827043885,135.45327270945404,112.87966424909555,0.0,40.0,17.0,10.0,10.0,10.0,448,505,87,158,0
11,34,36.124783736376884,126.12478373637688,20.0,93.0,135.45327270945404,114.67966424909555,19.6468827043885,135.45327270945404,112.87966424909555,0.0,40.0,17.0,10.0,10.0,10.0,448,505,751,816,0
11,35,45.34313619501854,135.34313619501853,10.0,93.0,135.45327270945404,114.67966424909555,19.6468827043885,135.45327270945404,112.87966424909555,0.0,40.0,17.0,10.0,10.0,10.0,448,505,283,344,0
11,36,38.41874542459709,128.4187454245971,10.0,93.0,135.45327270945404,114.67966424909555,19.6468827043885,135.45327270945404,112.87966424909555,0.0,40.0,17.0,10.0,10.0,10.0,448,505,665,716,0
11,37,43.93176527297759,133.9317652729776,20.0,93.0,135.45327270945404,114.67966424909555,19.6468827043885,135.45327270945404,112.87966424909555,0.0,40.0,17.0,10.0,10.0,10.0,448,505,383,434,0
11,38,45.45327270945405,135.45327270945404,30.0,93.0,135.45327270945404,114.67966424909555,19.6468827043885,135.45327270945404,112.87966424909555,0.0,40.0,17.0,10.0,10.0,10.0,448,505,479,522,0
11,39,42.43819034784589,132.43819034784588,20.0,93.0,135.45327270945404,114.67966424909555,19.6468827043885,135.45327270945404,112.87966424909555,0.0,40.0,17.0,10.0,10.0,10.0,448,505,567,624,0
11,40,39.0,129.0,10.0,93.0,135.45327270945404,114.67966424909555,19.6468827043885,135.45327270945404,112.87966424909555,0.0,40.0,17.0,10.0,10.0,10.0,448,505,264,321,0
11,41,37.0,127.0,10.0,93.0,135.45327270945404,114.67966424909555,19.6468827043885,135.45327270945404,112.87966424909555,0.0,40.0,17.0,10.0,10.0,10.0,448,505,166,235,0
11,42,37.05401462729781,127.05401462729782,20.0,93.0,135.45327270945404,114.67966424909555,19.6468827043885,135.45327270945404,112.87966424909555,0.0,40.0,17.0,10.0,10.0,10.0,448,505,68,149,0
11,43,34.058772731852805,124.0587727318528,10.0,93.0,135.45327270945404,114.67966424909555,19.6468827043885,135.45327270945404,112.87966424909555,0.0,40.0,17.0,10.0,10.0,10.0,448,505,16,80,0
11,44,39.11521443121589,129.1152144312159,10.0,93.0,135.45327270945404,114.67966424909555,19.6468827043885,135.45327270945404,112.87966424909555,0.0,40.0,17.0,10.0,10.0,10.0,448,505,359,412,0
11,45,39.319206502675,129.319206502675,10.0,93.0,135.45327270945404,114.67966424909555,19.6468827043885,135.45327270945404,112.87966424909555,0.0,40.0,17.0,10.0,10.0,10.0,448,505,541,600,0
11,46,37.33630940518894,127.33630940518894,30.0,93.0,135.45327270945404,114.67966424909555,19.6468827043885,135.45327270945404,112.87966424909555,0.0,40.0,17.0,10.0,10.0,10.0,448,505,448,509,0
11,47,34.36568055487916,124.36568055487916,10.0,93.0,135.45327270945404,114.67966424909555,19.6468827043885,135.45327270945404,112.87966424909555,0.0,40.0,17.0,10.0,10.0,10.0,448,505,1054,1127,0
11,48,39.6232255123179,129.6232255123179,10.0,93.0,135.45327270945404,114.67966424909555,19.6468827043885,135.45327270945404,112.87966424909555,0.0,40.0,17.0,10.0,10.0,10.0,448,505,632,693,0
11,49,34.713109915419565,124.71310991541957,10.0,93.0,135.45327270945404,114.67966424909555,19.6468827043885,135.45327270945404,112.87966424909555,0.0,40.0,17.0,10.0,10.0,10.0,448,505,1001,1066,0
11,50,38.07886552931954,128.07886552931956,10.0,93.0,135.45327270945404,114.67966424909555,19.6468827043885,135.45327270945404,112.87966424909555,0.0,40.0,17.0,10.0,10.0,10.0,448,505,815,880,0
12,0,38.07886552931954,128.07886552931956,0.0,93.0,145.90169943749476,124.80332014608031,38.07886552931954,145.90169943749476,123.00332014608031,0.0,40.0,16.8,20.0,20.0,20.0,652,721,0,1236,1
12,1,26.248809496813376,116.24880949681338,10.0,93.0,145.90169943749476,124.80332014608031,38.07886552931954,145.90169943749476,123.00332014608031,0.0,40.0,16.8,20.0,20.0,20.0,652,721,912,967,1
12,2,25.0,115.0,30.0,93.0,145.90169943749476,124.80332014608031,38.07886552931954,145.90169943749476,123.00332014608031,0.0,40.0,16.8,20.0,20.0,20.0,652,721,825,870,1
12,3,25.495097567963924,115.49509756796392,10.0,93.0,145.90169943749476,124.80332014608031,38.07886552931954,145.90169943749476,123.00332014608031,0.0,40.0,16.8,20.0,20.0,20.0,652,721,65,146,0
12,4,24.041630560342615,114.04163056034261,10.0,93.0,145.90169943749476,124.80332014608031,38.07886552931954,145.90169943749476,123.00332014608031,0.0,40.0,16.8,20.0,20.0,20.0,652,721,727,782,1
12,5,26.248809496813376,116.24880949681338,10.0,93.0,145.90169943749476,124.80332014608031,38.07886552931954,145.90169943749476,123.00332014608031,0.0,40.0,16.8,20.0,20.0,20.0,652,721,15,67,0
12,6,21.93171219946131,111.93171219946132,20.0,93.0,145.90169943749476,124.80332014608031,38.07886552931954,145.90169943749476,123.00332014608031,0.0,40.0,16.8,20.0,20.0,20.0,652,721,621,702,0
12,7,24.20743687382041,114.20743687382041,20.0,93.0,145.90169943749476,124.80332014608031,38.07886552931954,145.90169943749476,123.00332014608031,0.0,40.0,16.8,20.0,20.0,20.0,652,721,170,225,0
12,8,21.400934559032695,111.40093455903269,20.0,93.0,145.90169943749476,124.80332014608031,38.07886552931954,145.90169943749476,123.00332014608031,0.0,40.0,16.8,20.0,20.0,20.0,652,721,255,324,0
12,9,19.849433241279208,109.8494332412792,10.0,93.0,145.90169943749476,124.80332014608031,38.07886552931954,145.90169943749476,123.00332014608031,0.0,40.0,16.8,20.0,20.0,20.0,652,721,534,605,0
12,10,21.470910553583888,111.47091055358389,10.0,93.0,145.90169943749476,124.80332014608031,38.07886552931954,145.90169943749476,123.00332014608031,0.0,40.0,16.8,20.0,20.0,20.0,652,721,357,410,0
12,11,18.867962264113206,108.8679622641132,10.0,93.0,145.90169943749476,124.80332014608031,38.07886552931954,145.90169943749476,123.00332014608031,0.0,40.0,16.8,20.0,20.0,20.0,652,721,448,505,0
12,13,10.44030650891055,100.44030650891055,30.0,93.0,145.90169943749476,124.80332014608031,38.07886552931954,145.90169943749476,123.00332014608031,0.0,40.0,16.8,20.0,20.0,20.0,652,721,30,92,0
12,14,3.0,93.0,10.0,93.0,145.90169943749476,124.80332014608031,38.07886552931954,145.90169943749476,123.00332014608031,0.0,40.0,16.8,20.0,20.0,20.0,652,721,567,620,0
12,15,7.0710678118654755,97.07106781186548,40.0,93.0,145.90169943749476,124.80332014608031,38.07886552931954,145.90169943749476,123.00332014608031,0.0,40.0,16.8,20.0,20.0,20.0,652,721,384,429,0
12,16,5.0,95.0,40.0,93.0,145.90169943749476,124.80332014608031,38.07886552931954,145.90169943749476,123.00332014608031,0.0,40.0,16.8,20.0,20.0,20.0,652,721,475,528,0
12,17,12.206555615733702,102.2065556157337,20.0,93.0,145.90169943749476,124.80332014608031,38.07886552931954,145.90169943749476,123.00332014608031,0.0,40.0,16.8,20.0,20.0,20.0,652,721,99,148,0
12,18,14.142135623730951,104.14213562373095,20.0,93.0,145.90169943749476,124.80332014608031,38.07886552931954,145.90169943749476,123.00332014608031,0.0,40.0,16.8,20.0,20.0,20.0,652,721,179,254,0
12,19,11.180339887498949,101.18033988749895,10.0,93.0,145.90169943749476,124.80332014608031,38.07886552931954,145.90169943749476,123.00332014608031,0.0,40.0,16.8,20.0,20.0,20.0,652,721,278,345,0
12,20,35.35533905932738,125.35533905932738,10.0,93.0,145.90169943749476,124.80332014608031,38.07886552931954,145.90169943749476,123.00332014608031,0.0,40.0,16.8,20.0,20.0,20.0,652,721,10,73,0
12,21,33.37663853655727,123.37663853655727,20.0,93.0,145.90169943749476,124.80332014608031,38.07886552931954,145.90169943749476,123.00332014608031,0.0,40.0,16.8,20.0,20.0,20.0,652,721,914,965,0
12,22,33.13608305156178,123.13608305156178,20.0,93.0,145.90169943749476,124.80332014608031,38.07886552931954,145.90169943749476,123.00332014608031,0.0,40.0,16.8,20.0,20.0,20.0,652,721,812,883,1
12,23,30.14962686336267,120.14962686336267,10.0,93.0,145.90169943749476,124.80332014608031,38.07886552931954,145.90169943749476,123.00332014608031,0.0,40.0,16.8,20.0,20.0,20.0,652,721,732,777,1
12,24,35.0,125.0,10.0,93.0,145.90169943749476,124.80332014608031,38.07886552931954,145.90169943749476,123.00332014608031,0.0,40.0,16.8,20.0,20.0,20.0,652,721,65,144,0
12,25,33.0,123.0,40.0,93.0,145.90169943749476,124.80332014608031,38.07886552931954,145.90169943749476,123.00332014608031,0.0,40.0,16.8,20.0,20.0,20.0,652,721,169,224,0
12,26,30.0,120.0,10.0,93.0,145.90169943749476,124.80332014608031,38.07886552931954,145.90169943749476,123.00332014608031,0.0,40.0,16.8,20.0,20.0,20.0,652,721,622,701,0
12,27,33.06055050963308,123.06055050963309,10.0,93.0,145.90169943749476,124.80332014608031,38.07886552931954,145.90169943749476,123.00332014608031,0.0,40.0,16.8,20.0,20.0,20.0,652,721,261,316,0
12,28,30.066592756745816,120.06659275674582,20.0,93.0,145.90169943749476,124.80332014608031,38.07886552931954,145.90169943749476,123.00332014608031,0.0,40.0,16.8,20.0,20.0,20.0,652,721,546,593,0
12,29,35.35533905932738,125.35533905932738,10.0,93.0,145.90169943749476,124.80332014608031,38.07886552931954,145.90169943749476,123.00332014608031,0.0,40.0,16.8,20.0,20.0,20.0,652,721,358,405,0
12,30,30.4138126514911,120.4138126514911,10.0,93.0,145.90169943749476,124.80332014608031,38.07886552931954,145.90169943749476,123.00332014608031,0.0,40.0,16.8,20.0,20.0,20.0,652,721,449,504,0
12,31,52.20153254455275,142.20153254455275,20.0,93.0,145.90169943749476,124.80332014608031,38.07886552931954,145.90169943749476,123.00332014608031,0.0,40.0,16.8,20.0,20.0,20.0,652,721,200,237,0
12,32,47.43416490252569,137.43416490252568,30.0,93.0,145.90169943749476,124.80332014608031,38.07886552931954,145.90169943749476,123.00332014608031,0.0,40.0,16.8,20.0,20.0,20.0,652,721,31,100,0
12,33,48.104053883222775,138.10405388322278,40.0,93.0,145.90169943749476,124.80332014608031,38.07886552931954,145.90169943749476,123.00332014608031,0.0,40.0,16.8,20.0,20.0,20.0,652,721,87,158,0
12,34,43.46262762420146,133.46262762420145,20.0,93.0,145.90169943749476,124.80332014608031,38.07886552931954,145.90169943749476,123.00332014608031,0.0,40.0,16.8,20.0,20.0,20.0,652,721,751,816,1
12,35,53.85164807134504,143.85164807134504,10.0,93.0,145.90169943749476,124.80332014608031,38.07886552931954,145.90169943749476,123.00332014608031,0.0,40.0,16.8,20.0,20.0,20.0,652,721,283,344,0
12,36,44.721359549995796,134.72135954999578,10.0,93.0,145.90169943749476,124.80332014608031,38.07886552931954,145.90169943749476,123.00332014608031,0.0,40.0,16.8,20.0,20.0,20.0,652,721,665,716,0
12,37,50.53711507397311,140.5371150739731,20.0,93.0,145.90169943749476,124.80332014608031,38.07886552931954,145.90169943749476,123.00332014608031,0.0,40.0,16.8,20.0,20.0,20.0,652,721,383,434,0
12,38,51.478150704935004,141.478150704935,30.0,93.0,145.90169943749476,124.80332014608031,38.07886552931954,145.90169943749476,123.00332014608031,0.0,40.0,16.8,20.0,20.0,20.0,652,721,479,522,0
12,39,47.16990566028302,137.169905660283,20.0,93.0,145.90169943749476,124.80332014608031,38.07886552931954,145.90169943749476,123.00332014608031,0.0,40.0,16.8,20.0,20.0,20.0,652,721,567,624,0
12,40,55.90169943749474,145.90169943749476,10.0,93.0,145.90169943749476,124.80332014608031,38.07886552931954,145.90169943749476,123.00332014608031,0.0,40.0,16.8,20.0,20.0,20.0,652,721,264,321,0
12,41,53.9351462406472,143.9351462406472,10.0,93.0,145.90169943749476,124.80332014608031,38.07886552931954,145.90169943749476,123.00332014608031,0.0,40.0,16.8,20.0,20.0,20.0,652,721,166,235,0
12,42,53.600373133029585,143.6003731330296,20.0,93.0,145.90169943749476,124.80332014608031,38.07886552931954,145.90169943749476,123.00332014608031,0.0,40.0,16.8,20.0,20.0,20.0,652,721,68,149,0
12,43,50.635955604688654,140.63595560468866,10.0,93.0,145.90169943749476,124.80332014608031,38.07886552931954,145.90169943749476,123.00332014608031,0.0,40.0,16.8,20.0,20.0,20.0,652,721,16,80,0
12,44,55.44366510251645,145.44366510251643,10.0,93.0,145.90169943749476,124.80332014608031,38.07886552931954,145.90169943749476,123.00332014608031,0.0,40.0,16.8,20.0,20.0,20.0,652,721,359,412,0
12,45,55.226805085936306,145.2268050859363,10.0,93.0,145.90169943749476,124.80332014608031,38.07886552931954,145.90169943749476,123.00332014608031,0.0,40.0,16.8,20.0,20.0,20.0,652,721,541,600,0
12,46,53.23532661682466,143.23532661682466,30.0,93.0,145.90169943749476,124.80332014608031,38.07886552931954,145.90169943749476,123.00332014608031,0.0,40.0,16.8,20.0,20.0,20.0,652,721,448,509,0
12,47,50.24937810560445,140.24937810560445,10.0,93.0,145.90169943749476,124.80332014608031,38.07886552931954,145.90169943749476,123.00332014608031,0.0,40.0,16.8,20.0,20.0,20.0,652,721,1054,1127,0
12,48,55.08175741568164,145.08175741568164,10.0,93.0,145.90169943749476,124.80332014608031,38.07886552931954,145.90169943749476,123.00332014608031,0.0,40.0,16.8,20.0,20.0,20.0,652,721,632,693,0
12,49,50.08991914547278,140.08991914547278,10.0,93.0,145.90169943749476,124.80332014608031,38.07886552931954,145.90169943749476,123.00332014608031,0.0,40.0,16.8,20.0,20.0,20.0,652,721,1001,1066,0
12,50,53.009433122794285,143.0094331227943,10.0,93.0,145.90169943749476,124.80332014608031,38.07886552931954,145.90169943749476,123.00332014608031,0.0,40.0,16.8,20.0,20.0,20.0,652,721,815,880,0
13,0,30.805843601498726,120.80584360149872,0.0,94.0,136.84015371452148,117.6876044015466,30.805843601498726,136.84015371452148,115.8876044015466,0.0,40.0,16.6,30.0,30.0,30.0,30,92,0,1236,1
13,1,24.041630560342615,114.04163056034261,10.0,94.0,136.84015371452148,117.6876044015466,30.805843601498726,136.84015371452148,115.8876044015466,0.0,40.0,16.6,30.0,30.0,30.0,30,92,912,967,0
13,2,23.53720459187964,113.53720459187964,30.0,94.0,136.84015371452148,117.6876044015466,30.805843601498726,136.84015371452148,115.8876044015466,0.0,40.0,16.6,30.0,30.0,30.0,30,92,825,870,0
13,3,21.93171219946131,111.93171219946132,10.0,94.0,136.84015371452148,117.6876044015466,30.805843601498726,136.84015371452148,115.8876044015466,0.0,40.0,16.6,30.0,30.0,30.0,30,92,65,146,0
13,4,21.18962010041709,111.18962010041709,10.0,94.0,136.84015371452148,117.6876044015466,30.805843601498726,136.84015371452148,115.8876044015466,0.0,40.0,16.6,30.0,30.0,30.0,30,92,727,782,0
13,5,22.360679774997898,112.36067977499789,10.0,94.0,136.84015371452148,117.6876044015466,30.805843601498726,136.84015371452148,115.8876044015466,0.0,40.0,16.6,30.0,30.0,30.0,30,92,15,67,0
13,6,18.973665961010276,108.97366596101028,20.0,94.0,136.84015371452148,117.6876044015466,30.805843601498726,136.84015371452148,115.8876044015466,0.0,40.0,16.6,30.0,30.0,30.0,30,92,621,702,0
13,7,20.12461179749811,110.1246117974981,20.0,94.0,136.84015371452148,117.6876044015466,30.805843601498726,136.84015371452148,115.8876044015466,0.0,40.0,16.6,30.0,30.0,30.0,30,92,170,225,0
13,8,17.46424919657298,107.46424919657298,20.0,94.0,136.84015371452148,117.6876044015466,30.805843601498726,136.84015371452148,115.8876044015466,0.0,40.0,16.6,30.0,30.0,30.0,30,92,255,324,0
13,9,16.76305461424021,106.76305461424022,10.0,94.0,136.84015371452148,117.6876044015466,30.805843601498726,136.84015371452148,115.8876044015466,0.0,40.0,16.6,30.0,30.0,30.0,30,92,534,605,0
13,10,15.811388300841896,105.8113883008419,10.0,94.0,136.84015371452148,117.6876044015466,30.805843601498726,136.84015371452148,115.8876044015466,0.0,40.0,16.6,30.0,30.0,30.0,30,92,357,410,0
13,11,14.317821063276353,104.31782106327636,10.0,94.0,136.84015371452148,117.6876044015466,30.805843601498726,136.84015371452148,115.8876044015466,0.0,40.0,16.6,30.0,30.0,30.0,30,92,448,505,0
13,12,10.44030650891055,100.44030650891055,20.0,94.0,136.84015371452148,117.6876044015466,30.805843601498726,136.84015371452148,115.8876044015466,0.0,40.0,16.6,30.0,30.0,30.0,30,92,652,721,0
13,14,10.0,100.0,10.0,94.0,136.84015371452148,117.6876044015466,30.805843601498726,136.84015371452148,115.8876044015466,0.0,40.0,16.6,30.0,30.0,30.0,30,92,567,620,0
13,15,5.385164807134504,95.3851648071345,40.0,94.0,136.84015371452148,117.6876044015466,30.805843601498726,136.84015371452148,115.8876044015466,0.0,40.0,16.6,30.0,30.0,30.0,30,92,384,429,1
13,16,10.198039027185569,100.19803902718557,40.0,94.0,136.84015371452148,117.6876044015466,30.805843601498726,136.84015371452148,115.8876044015466,0.0,40.0,16.6,30.0,30.0,30.0,30,92,475,528,0
13,17,4.0,94.0,20.0,94.0,136.84015371452148,117.6876044015466,30.805843601498726,136.84015371452148,115.8876044015466,0.0,40.0,16.6,30.0,30.0,30.0,30,92,99,148,1
13,18,7.0,97.0,20.0,94.0,136.84015371452148,117.6876044015466,30.805843601498726,136.84015371452148,115.8876044015466,0.0,40.0,16.6,30.0,30.0,30.0,30,92,179,254,1
13,19,8.602325267042627,98.60232526704263,10.0,94.0,136.84015371452148,117.6876044015466,30.805843601498726,136.84015371452148,115.8876044015466,0.0,40.0,16.6,30.0,30.0,30.0,30,92,278,345,1
13,20,26.248809496813376,116.24880949681338,10.0,94.0,136.84015371452148,117.6876044015466,30.805843601498726,136.84015371452148,115.8876044015466,0.0,40.0,16.6,30.0,30.0,30.0,30,92,10,73,0
13,21,24.351591323771842,114.35159132377184,20.0,94.0,136.84015371452148,117.6876044015466,30.805843601498726,136.84015371452148,115.8876044015466,0.0,40.0,16.6,30.0,30.0,30.0,30,92,914,965,0
13,22,23.769728648009426,113.76972864800942,20.0,94.0,136.84015371452148,117.6876044015466,30.805843601498726,136.84015371452148,115.8876044015466,0.0,40.0,16.6,30.0,30.0,30.0,30,92,812,883,0
13,23,20.8806130178211,110.8806130178211,10.0,94.0,136.84015371452148,117.6876044015466,30.805843601498726,136.84015371452148,115.8876044015466,0.0,40.0,16.6,30.0,30.0,30.0,30,92,732,777,0
13,24,25.179356624028344,115.17935662402834,10.0,94.0,136.84015371452148,117.6876044015466,30.805843601498726,136.84015371452148,115.8876044015466,0.0,40.0,16.6,30.0,30.0,30.0,30,92,65,144,0
13,25,23.194827009486403,113.1948270094864,40.0,94.0,136.84015371452148,117.6876044015466,30.805843601498726,136.84015371452148,115.8876044015466,0.0,40.0,16.6,30.0,30.0,30.0,30,92,169,224,0
13,26,20.223748416156685,110.22374841615668,10.0,94.0,136.84015371452148,117.6876044015466,30.805843601498726,136.84015371452148,115.8876044015466,0.0,40.0,16.6,30.0,30.0,30.0,30,92,622,701,0
13,27,23.021728866442675,113.02172886644267,10.0,94.0,136.84015371452148,117.6876044015466,30.805843601498726,136.84015371452148,115.8876044015466,0.0,40.0,16.6,30.0,30.0,30.0,30,92,261,316,0
13,28,20.024984394500787,110.02498439450079,20.0,94.0,136.84015371452148,117.6876044015466,30.805843601498726,136.84015371452148,115.8876044015466,0.0,40.0,16.6,30.0,30.0,30.0,30,92,546,593,0
13,29,25.079872407968907,115.0798724079689,10.0,94.0,136.84015371452148,117.6876044015466,30.805843601498726,136.84015371452148,115.8876044015466,0.0,40.0,16.6,30.0,30.0,30.0,30,92,358,405,0
13,30,20.09975124224178,110.09975124224178,10.0,94.0,136.84015371452148,117.6876044015466,30.805843601498726,136.84015371452148,115.8876044015466,0.0,40.0,16.6,30.0,30.0,30.0,30,92,449,504,0
13,31,41.7612260356422,131.7612260356422,20.0,94.0,136.84015371452148,117.6876044015466,30.805843601498726,136.84015371452148,115.8876044015466,0.0,40.0,16.6,30.0,30.0,30.0,30,92,200,237,0
13,32,37.0,127.0,30.0,94.0,136.84015371452148,117.6876044015466,30.805843601498726,136.84015371452148,115.8876044015466,0.0,40.0,16.6,30.0,30.0,30.0,30,92,31,100,0
13,33,37.69615364994153,127.69615364994152,40.0,94.0,136.84015371452148,117.6876044015466,30.805843601498726,136.84015371452148,115.8876044015466,0.0,40.0,16.6,30.0,30.0,30.0,30,92,87,158,0
13,34,33.1058907144937,123.1058907144937,20.0,94.0,136.84015371452148,117.6876044015466,30.805843601498726,136.84015371452148,115.8876044015466,0.0,40.0,16.6,30.0,30.0,30.0,30,92,751,816,0
13,35,43.46262762420146,133.46262762420145,10.0,94.0,136.84015371452148,117.6876044015466,30.805843601498726,136.84015371452148,115.8876044015466,0.0,40.0,16.6,30.0,30.0,30.0,30,92,283,344,0
13,36,34.48187929913333,124.48187929913334,10.0,94.0,136.84015371452148,117.6876044015466,30.805843601498726,136.84015371452148,115.8876044015466,0.0,40.0,16.6,30.0,30.0,30.0,30,92,665,716,0
13,37,40.311288741492746,130.31128874149275,20.0,94.0,136.84015371452148,117.6876044015466,30.805843601498726,136.84015371452148,115.8876044015466,0.0,40.0,16.6,30.0,30.0,30.0,30,92,383,434,0
13,38,41.340053217188775,131.34005321718877,30.0,94.0,136.84015371452148,117.6876044015466,30.805843601498726,136.84015371452148,115.8876044015466,0.0,40.0,16.6,30.0,30.0,30.0,30,92,479,522,0
13,39,37.20215047547655,127.20215047547654,20.0,94.0,136.84015371452148,117.6876044015466,30.805843601498726,136.84015371452148,115.8876044015466,0.0,40.0,16.6,30.0,30.0,30.0,30,92,567,624,0
13,40,46.84015371452148,136.84015371452148,10.0,94.0,136.84015371452148,117.6876044015466,30.805843601498726,136.84015371452148,115.8876044015466,0.0,40.0,16.6,30.0,30.0,30.0,30,92,264,321,0
13,41,44.9221548904324,134.9221548904324,10.0,94.0,136.84015371452148,117.6876044015466,30.805843601498726,136.84015371452148,115.8876044015466,0.0,40.0,16.6,30.0,30.0,30.0,30,92,166,235,0
13,42,44.384682042344295,134.3846820423443,20.0,94.0,136.84015371452148,117.6876044015466,30.805843601498726,136.84015371452148,115.8876044015466,0.0,40.0,16.6,30.0,30.0,30.0,30,92,68,149,0
13,43,41.48493702538308,131.4849370253831,10.0,94.0,136.84015371452148,117.6876044015466,30.805843601498726,136.84015371452148,115.8876044015466,0.0,40.0,16.6,30.0,30.0,30.0,30,92,16,80,0
13,44,46.09772228646444,136.09772228646443,10.0,94.0,136.84015371452148,117.6876044015466,30.805843601498726,136.84015371452148,115.8876044015466,0.0,40.0,16.6,30.0,30.0,30.0,30,92,359,412,0
13,45,45.70557952810576,135.70557952810577,10.0,94.0,136.84015371452148,117.6876044015466,30.805843601498726,136.84015371452148,115.8876044015466,0.0,40.0,16.6,30.0,30.0,30.0,30,92,541,600,0
13,46,43.73785545725808,133.7378554572581,30.0,94.0,136.84015371452148,117.6876044015466,30.805843601498726,136.84015371452148,115.8876044015466,0.0,40.0,16.6,30.0,30.0,30.0,30,92,448,509,0
13,47,40.792156108742276,130.7921561087423,10.0,94.0,136.84015371452148,117.6876044015466,30.805843601498726,136.84015371452148,115.8876044015466,0.0,40.0,16.6,30.0,30.0,30.0,30,92,1054,1127,0
13,48,45.39823785126467,135.39823785126467,10.0,94.0,136.84015371452148,117.6876044015466,30.805843601498726,136.84015371452148,115.8876044015466,0.0,40.0,16.6,30.0,30.0,30.0,30,92,632,693,0
13,49,40.44749683231337,130.44749683231336,10.0,94.0,136.84015371452148,117.6876044015466,30.805843601498726,136.84015371452148,115.8876044015466,0.0,40.0,16.6,30.0,30.0,30.0,30,92,1001,1066,0
13,50,43.18564576337837,133.18564576337837,10.0,94.0,136.84015371452148,117.6876044015466,30.805843601498726,136.84015371452148,115.8876044015466,0.0,40.0,16.6,30.0,30.0,30.0,30,92,815,880,0
14,0,39.35733730830886,129.35733730830884,0.0,92.0,146.51548460377916,124.97911771836485,39.35733730830886,146.51548460377916,123.17911771836485,0.0,40.0,17.0,10.0,10.0,10.0,567,620,0,1236,1
14,1,28.600699292150182,118.60069929215018,10.0,92.0,146.51548460377916,124.97911771836485,39.35733730830886,146.51548460377916,123.17911771836485,0.0,40.0,17.0,10.0,10.0,10.0,567,620,912,967,0
14,2,27.459060435491963,117.45906043549196,30.0,92.0,146.51548460377916,124.97911771836485,39.35733730830886,146.51548460377916,123.17911771836485,0.0,40.0,17.0,10.0,10.0,10.0,567,620,825,870,0
14,3,27.586228448267445,117.58622844826745,10.0,92.0,146.51548460377916,124.97911771836485,39.35733730830886,146.51548460377916,123.17911771836485,0.0,40.0,17.0,10.0,10.0,10.0,567,620,65,146,0
14,4,26.248809496813376,116.24880949681338,10.0,92.0,146.51548460377916,124.97911771836485,39.35733730830886,146.51548460377916,123.17911771836485,0.0,40.0,17.0,10.0,10.0,10.0,567,620,727,782,0
14,5,28.284271247461902,118.2842712474619,10.0,92.0,146.51548460377916,124.97911771836485,39.35733730830886,146.51548460377916,123.17911771836485,0.0,40.0,17.0,10.0,10.0,10.0,567,620,15,67,0
14,6,24.08318915758459,114.0831891575846,20.0,92.0,146.51548460377916,124.97911771836485,39.35733730830886,146.51548460377916,123.17911771836485,0.0,40.0,17.0,10.0,10.0,10.0,567,620,621,702,1
14,7,26.1725046566048,116.1725046566048,20.0,92.0,146.51548460377916,124.97911771836485,39.35733730830886,146.51548460377916,123.17911771836485,0.0,40.0,17.0,10.0,10.0,10.0,567,620,170,225,0
14,8,23.345235059857504,113.3452350598575,20.0,92.0,146.51548460377916,124.97911771836485,39.35733730830886,146.51548460377916,123.17911771836485,0.0,40.0,17.0,10.0,10.0,10.0,567,620,255,324,0
14,9,21.93171219946131,111.93171219946132,10.0,92.0,146.51548460377916,124.97911771836485,39.35733730830886,146.51548460377916,123.17911771836485,0.0,40.0,17.0,10.0,10.0,10.0,567,620,534,605,0
14,10,23.021728866442675,113.02172886644267,10.0,92.0,146.51548460377916,124.97911771836485,39.35733730830886,146.51548460377916,123.17911771836485,0.0,40.0,17.0,10.0,10.0,10.0,567,620,357,410,0
14,11,20.615528128088304,110.6155281280883,10.0,92.0,146.51548460377916,124.97911771836485,39.35733730830886,146.51548460377916,123.17911771836485,0.0,40.0,17.0,10.0,10.0,10.0,567,620,448,505,0
14,12,3.0,93.0,20.0,92.0,146.51548460377916,124.97911771836485,39.35733730830886,146.51548460377916,123.17911771836485,0.0,40.0,17.0,10.0,10.0,10.0,567,620,652,721,1
14,13,10.0,100.0,30.0,92.0,146.51548460377916,124.97911771836485,39.35733730830886,146.51548460377916,123.17911771836485,0.0,40.0,17.0,10.0,10.0,10.0,567,620,30,92,0
14,15,5.385164807134504,95.3851648071345,40.0,92.0,146.51548460377916,124.97911771836485,39.35733730830886,146.51548460377916,123.17911771836485,0.0,40.0,17.0,10.0,10.0,10.0,567,620,384,429,0
14,16,2.0,92.0,40.0,92.0,146.51548460377916,124.97911771836485,39.35733730830886,146.51548460377916,123.17911771836485,0.0,40.0,17.0,10.0,10.0,10.0,567,620,475,528,0
14,17,10.770329614269007,100.770329614269,20.0,92.0,146.51548460377916,124.97911771836485,39.35733730830886,146.51548460377916,123.17911771836485,0.0,40.0,17.0,10.0,10.0,10.0,567,620,99,148,0
14,18,12.206555615733702,102.2065556157337,20.0,92.0,146.51548460377916,124.97911771836485,39.35733730830886,146.51548460377916,123.17911771836485,0.0,40.0,17.0,10.0,10.0,10.0,567,620,179,254,0
14,19,8.602325267042627,98.60232526704263,10.0,92.0,146.51548460377916,124.97911771836485,39.35733730830886,146.51548460377916,123.17911771836485,0.0,40.0,17.0,10.0,10.0,10.0,567,620,278,345,0
14,20,35.90264614203248,125.90264614203248,10.0,92.0,146.51548460377916,124.97911771836485,39.35733730830886,146.51548460377916,123.17911771836485,0.0,40.0,17.0,10.0,10.0,10.0,567,620,10,73,0
14,21,33.95585369269929,123.95585369269929,20.0,92.0,146.51548460377916,124.97911771836485,39.35733730830886,146.51548460377916,123.17911771836485,0.0,40.0,17.0,10.0,10.0,10.0,567,620,914,965,0
14,22,33.54101966249684,123.54101966249684,20.0,92.0,146.51548460377916,124.97911771836485,39.35733730830886,146.51548460377916,123.17911771836485,0.0,40.0,17.0,10.0,10.0,10.0,567,620,812,883,0
14,23,30.59411708155671,120.5941170815567,10.0,92.0,146.51548460377916,124.97911771836485,39.35733730830886,146.51548460377916,123.17911771836485,0.0,40.0,17.0,10.0,10.0,10.0,567,620,732,777,1
14,24,35.12833614050059,125.1283361405006,10.0,92.0,146.51548460377916,124.97911771836485,39.35733730830886,146.51548460377916,123.17911771836485,0.0,40.0,17.0,10.0,10.0,10.0,567,620,65,144,0
14,25,33.13608305156178,123.13608305156178,40.0,92.0,146.51548460377916,124.97911771836485,39.35733730830886,146.51548460377916,123.17911771836485,0.0,40.0,17.0,10.0,10.0,10.0,567,620,169,224,0
14,26,30.14962686336267,120.14962686336267,10.0,92.0,146.51548460377916,124.97911771836485,39.35733730830886,146.51548460377916,123.17911771836485,0.0,40.0,17.0,10.0,10.0,10.0,567,620,622,701,1
14,27,33.015148038438355,123.01514803843835,10.0,92.0,146.51548460377916,124.97911771836485,39.35733730830886,146.51548460377916,123.17911771836485,0.0,40.0,17.0,10.0,10.0,10.0,567,620,261,316,0
14,28,30.01666203960727,120.01666203960727,20.0,92.0,146.51548460377916,124.97911771836485,39.35733730830886,146.51548460377916,123.17911771836485,0.0,40.0,17.0,10.0,10.0,10.0,567,620,546,593,0
14,29,35.05709628591621,125.0570962859162,10.0,92.0,146.51548460377916,124.97911771836485,39.35733730830886,146.51548460377916,123.17911771836485,0.0,40.0,17.0,10.0,10.0,10.0,567,620,358,405,0
14,30,30.066592756745816,120.06659275674582,10.0,92.0,146.51548460377916,124.97911771836485,39.35733730830886,146.51548460377916,123.17911771836485,0.0,40.0,17.0,10.0,10.0,10.0,567,620,449,504,0
14,31,51.419840528729765,141.41984052872976,20.0,92.0,146.51548460377916,124.97911771836485,39.35733730830886,146.51548460377916,123.17911771836485,0.0,40.0,17.0,10.0,10.0,10.0,567,620,200,237,0
14,32,46.57252408878007,136.57252408878009,30.0,92.0,146.51548460377916,124.97911771836485,39.35733730830886,146.51548460377916,123.17911771836485,0.0,40.0,17.0,10.0,10.0,10.0,567,620,31,100,0
14,33,47.12748667179272,137.12748667179272,40.0,92.0,146.51548460377916,124.97911771836485,39.35733730830886,146.51548460377916,123.17911771836485,0.0,40.0,17.0,10.0,10.0,10.0,567,620,87,158,0
14,34,42.37924020083418,132.37924020083418,20.0,92.0,146.51548460377916,124.97911771836485,39.35733730830886,146.51548460377916,123.17911771836485,0.0,40.0,17.0,10.0,10.0,10.0,567,620,751,816,0
14,35,52.81098370604357,142.81098370604357,10.0,92.0,146.51548460377916,124.97911771836485,39.35733730830886,146.51548460377916,123.17911771836485,0.0,40.0,17.0,10.0,10.0,10.0,567,620,283,344,0
14,36,43.46262762420146,133.46262762420145,10.0,92.0,146.51548460377916,124.97911771836485,39.35733730830886,146.51548460377916,123.17911771836485,0.0,40.0,17.0,10.0,10.0,10.0,567,620,665,716,1
14,37,49.24428900898052,139.24428900898053,20.0,92.0,146.51548460377916,124.97911771836485,39.35733730830886,146.51548460377916,123.17911771836485,0.0,40.0,17.0,10.0,10.0,10.0,567,620,383,434,0
14,38,50.08991914547278,140.08991914547278,30.0,92.0,146.51548460377916,124.97911771836485,39.35733730830886,146.51548460377916,123.17911771836485,0.0,40.0,17.0,10.0,10.0,10.0,567,620,479,522,0
14,39,45.65084884205331,135.6508488420533,20.0,92.0,146.51548460377916,124.97911771836485,39.35733730830886,146.51548460377916,123.17911771836485,0.0,40.0,17.0,10.0,10.0,10.0,567,620,567,624,0
14,40,56.515484603779164,146.51548460377916,10.0,92.0,146.51548460377916,124.97911771836485,39.35733730830886,146.51548460377916,123.17911771836485,0.0,40.0,17.0,10.0,10.0,10.0,567,620,264,321,0
14,41,54.57105459856901,144.57105459856902,10.0,92.0,146.51548460377916,124.97911771836485,39.35733730830886,146.51548460377916,123.17911771836485,0.0,40.0,17.0,10.0,10.0,10.0,567,620,166,235,0
14,42,54.12947441089743,144.12947441089744,20.0,92.0,146.51548460377916,124.97911771836485,39.35733730830886,146.51548460377916,123.17911771836485,0.0,40.0,17.0,10.0,10.0,10.0,567,620,68,149,0
14,43,51.19570294468082,141.19570294468082,10.0,92.0,146.51548460377916,124.97911771836485,39.35733730830886,146.51548460377916,123.17911771836485,0.0,40.0,17.0,10.0,10.0,10.0,567,620,16,80,0
14,44,55.90169943749474,145.90169943749476,10.0,92.0,146.51548460377916,124.97911771836485,39.35733730830886,146.51548460377916,123.17911771836485,0.0,40.0,17.0,10.0,10.0,10.0,567,620,359,412,0
14,45,55.57877292636101,145.578772926361,10.0,92.0,146.51548460377916,124.97911771836485,39.35733730830886,146.51548460377916,123.17911771836485,0.0,40.0,17.0,10.0,10.0,10.0,567,620,541,600,0
14,46,53.600373133029585,143.6003731330296,30.0,92.0,146.51548460377916,124.97911771836485,39.35733730830886,146.51548460377916,123.17911771836485,0.0,40.0,17.0,10.0,10.0,10.0,567,620,448,509,0
14,47,50.635955604688654,140.63595560468866,10.0,92.0,146.51548460377916,124.97911771836485,39.35733730830886,146.51548460377916,123.17911771836485,0.0,40.0,17.0,10.0,10.0,10.0,567,620,1054,1127,0
14,48,55.326304774492215,145.3263047744922,10.0,92.0,146.51548460377916,124.97911771836485,39.35733730830886,146.51548460377916,123.17911771836485,0.0,40.0,17.0,10.0,10.0,10.0,567,620,632,693,0
14,49,50.35871324805669,140.3587132480567,10.0,92.0,146.51548460377916,124.97911771836485,39.35733730830886,146.51548460377916,123.17911771836485,0.0,40.0,17.0,10.0,10.0,10.0,567,620,1001,1066,0
14,50,53.150729063673246,143.15072906367325,10.0,92.0,146.51548460377916,124.97911771836485,39.35733730830886,146.51548460377916,123.17911771836485,0.0,40.0,17.0,10.0,10.0,10.0,567,620,815,880,0
15,0,36.05551275463989,126.05551275463989,0.0,95.0,142.20153254455275,121.37168698447144,36.05551275463989,142.20153254455275,119.57168698447144,0.0,40.0,16.4,40.0,40.0,40.0,384,429,0,1236,1
15,1,27.730849247724095,117.7308492477241,10.0,95.0,142.20153254455275,121.37168698447144,36.05551275463989,142.20153254455275,119.57168698447144,0.0,40.0,16.4,40.0,40.0,40.0,384,429,912,967,0
15,2,26.92582403567252,116.92582403567252,30.0,95.0,142.20153254455275,121.37168698447144,36.05551275463989,142.20153254455275,119.57168698447144,0.0,40.0,16.4,40.0,40.0,40.0,384,429,825,870,0
15,3,26.076809620810597,116.0768096208106,10.0,95.0,142.20153254455275,121.37168698447144,36.05551275463989,142.20153254455275,119.57168698447144,0.0,40.0,16.4,40.0,40.0,40.0,384,429,65,146,0
15,4,25.059928172283335,115.05992817228334,10.0,95.0,142.20153254455275,121.37168698447144,36.05551275463989,142.20153254455275,119.57168698447144,0.0,40.0,16.4,40.0,40.0,40.0,384,429,727,782,0
15,5,26.627053911388696,116.6270539113887,10.0,95.0,142.20153254455275,121.37168698447144,36.05551275463989,142.20153254455275,119.57168698447144,0.0,40.0,16.4,40.0,40.0,40.0,384,429,15,67,0
15,6,22.825424421026653,112.82542442102665,20.0,95.0,142.20153254455275,121.37168698447144,36.05551275463989,142.20153254455275,119.57168698447144,0.0,40.0,16.4,40.0,40.0,40.0,384,429,621,702,0
15,7,24.413111231467404,114.41311123146741,20.0,95.0,142.20153254455275,121.37168698447144,36.05551275463989,142.20153254455275,119.57168698447144,0.0,40.0,16.4,40.0,40.0,40.0,384,429,170,225,0
15,8,21.633307652783937,111.63330765278394,20.0,95.0,142.20153254455275,121.37168698447144,36.05551275463989,142.20153254455275,119.57168698447144,0.0,40.0,16.4,40.0,40.0,40.0,384,429,255,324,0
15,9,20.591260281974,110.591260281974,10.0,95.0,142.20153254455275,121.37168698447144,36.05551275463989,142.20153254455275,119.57168698447144,0.0,40.0,16.4,40.0,40.0,40.0,384,429,534,605,0
15,10,20.518284528683193,110.5182845286832,10.0,95.0,142.20153254455275,121.37168698447144,36.05551275463989,142.20153254455275,119.57168698447144,0.0,40.0,16.4,40.0,40.0,40.0,384,429,357,410,0
15,11,18.601075237738275,108.60107523773827,10.0,95.0,142.20153254455275,121.37168698447144,36.05551275463989,142.20153254455275,119.57168698447144,0.0,40.0,16.4,40.0,40.0,40.0,384,429,448,505,1
15,12,7.0710678118654755,97.07106781186548,20.0,95.0,142.20153254455275,121.37168698447144,36.05551275463989,142.20153254455275,119.57168698447144,0.0,40.0,16.4,40.0,40.0,40.0,384,429,652,721,1
15,13,5.385164807134504,95.3851648071345,30.0,95.0,142.20153254455275,121.37168698447144,36.05551275463989,142.20153254455275,119.57168698447144,0.0,40.0,16.4,40.0,40.0,40.0,384,429,30,92,0
15,14,5.385164807134504,95.3851648071345,10.0,95.0,142.20153254455275,121.37168698447144,36.05551275463989,142.20153254455275,119.57168698447144,0.0,40.0,16.4,40.0,40.0,40.0,384,429,567,620,1
15,16,5.0,95.0,40.0,95.0,142.20153254455275,121.37168698447144,36.05551275463989,142.20153254455275,119.57168698447144,0.0,40.0,16.4,40.0,40.0,40.0,384,429,475,528,1
15,17,5.385164807134504,95.3851648071345,20.0,95.0,142.20153254455275,121.37168698447144,36.05551275463989,142.20153254455275,119.57168698447144,0.0,40.0,16.4,40.0,40.0,40.0,384,429,99,148,0
15,18,7.0710678118654755,97.07106781186548,20.0,95.0,142.20153254455275,121.37168698447144,36.05551275463989,142.20153254455275,119.57168698447144,0.0,40.0,16.4,40.0,40.0,40.0,384,429,179,254,0
15,19,5.0,95.0,10.0,95.0,142.20153254455275,121.37168698447144,36.05551275463989,142.20153254455275,119.57168698447144,0.0,40.0,16.4,40.0,40.0,40.0,384,429,278,345,0
15,20,31.622776601683793,121.6227766016838,10.0,95.0,142.20153254455275,121.37168698447144,36.05551275463989,142.20153254455275,119.57168698447144,0.0,40.0,16.4,40.0,40.0,40.0,384,429,10,73,0
15,21,29.732137494637012,119.73213749463702,20.0,95.0,142.20153254455275,121.37168698447144,36.05551275463989,142.20153254455275,119.57168698447144,0.0,40.0,16.4,40.0,40.0,40.0,384,429,914,965,0
15,22,29.120439557122072,119.12043955712207,20.0,95.0,142.20153254455275,121.37168698447144,36.05551275463989,142.20153254455275,119.57168698447144,0.0,40.0,16.4,40.0,40.0,40.0,384,429,812,883,0
15,23,26.248809496813376,116.24880949681338,10.0,95.0,142.20153254455275,121.37168698447144,36.05551275463989,142.20153254455275,119.57168698447144,0.0,40.0,16.4,40.0,40.0,40.0,384,429,732,777,0
15,24,30.4138126514911,120.4138126514911,10.0,95.0,142.20153254455275,121.37168698447144,36.05551275463989,142.20153254455275,119.57168698447144,0.0,40.0,16.4,40.0,40.0,40.0,384,429,65,144,0
15,25,28.442925306655784,118.44292530665578,40.0,95.0,142.20153254455275,121.37168698447144,36.05551275463989,142.20153254455275,119.57168698447144,0.0,40.0,16.4,40.0,40.0,40.0,384,429,169,224,0
15,26,25.495097567963924,115.49509756796392,10.0,95.0,142.20153254455275,121.37168698447144,36.05551275463989,142.20153254455275,119.57168698447144,0.0,40.0,16.4,40.0,40.0,40.0,384,429,622,701,0
15,27,28.160255680657446,118.16025568065744,10.0,95.0,142.20153254455275,121.37168698447144,36.05551275463989,142.20153254455275,119.57168698447144,0.0,40.0,16.4,40.0,40.0,40.0,384,429,261,316,0
15,28,25.179356624028344,115.17935662402834,20.0,95.0,142.20153254455275,121.37168698447144,36.05551275463989,142.20153254455275,119.57168698447144,0.0,40.0,16.4,40.0,40.0,40.0,384,429,546,593,1
15,29,30.0,120.0,10.0,95.0,142.20153254455275,121.37168698447144,36.05551275463989,142.20153254455275,119.57168698447144,0.0,40.0,16.4,40.0,40.0,40.0,384,429,358,405,0
15,30,25.0,115.0,10.0,95.0,142.20153254455275,121.37168698447144,36.05551275463989,142.20153254455275,119.57168698447144,0.0,40.0,16.4,40.0,40.0,40.0,384,429,449,504,1
15,31,46.09772228646444,136.09772228646443,20.0,95.0,142.20153254455275,121.37168698447144,36.05551275463989,142.20153254455275,119.57168698447144,0.0,40.0,16.4,40.0,40.0,40.0,384,429,200,237,0
15,32,41.23105625617661,131.2310562561766,30.0,95.0,142.20153254455275,121.37168698447144,36.05551275463989,142.20153254455275,119.57168698447144,0.0,40.0,16.4,40.0,40.0,40.0,384,429,31,100,0
15,33,41.7612260356422,131.7612260356422,40.0,95.0,142.20153254455275,121.37168698447144,36.05551275463989,142.20153254455275,119.57168698447144,0.0,40.0,16.4,40.0,40.0,40.0,384,429,87,158,0
15,34,37.0,127.0,20.0,95.0,142.20153254455275,121.37168698447144,36.05551275463989,142.20153254455275,119.57168698447144,0.0,40.0,16.4,40.0,40.0,40.0,384,429,751,816,0
15,35,47.43416490252569,137.43416490252568,10.0,95.0,142.20153254455275,121.37168698447144,36.05551275463989,142.20153254455275,119.57168698447144,0.0,40.0,16.4,40.0,40.0,40.0,384,429,283,344,0
15,36,38.07886552931954,128.07886552931956,10.0,95.0,142.20153254455275,121.37168698447144,36.05551275463989,142.20153254455275,119.57168698447144,0.0,40.0,16.4,40.0,40.0,40.0,384,429,665,716,0
15,37,43.86342439892262,133.86342439892263,20.0,95.0,142.20153254455275,121.37168698447144,36.05551275463989,142.20153254455275,119.57168698447144,0.0,40.0,16.4,40.0,40.0,40.0,384,429,383,434,0
15,38,44.721359549995796,134.72135954999578,30.0,95.0,142.20153254455275,121.37168698447144,36.05551275463989,142.20153254455275,119.57168698447144,0.0,40.0,16.4,40.0,40.0,40.0,384,429,479,522,0
15,39,40.311288741492746,130.31128874149275,20.0,95.0,142.20153254455275,121.37168698447144,36.05551275463989,142.20153254455275,119.57168698447144,0.0,40.0,16.4,40.0,40.0,40.0,384,429,567,624,0
15,40,52.20153254455275,142.20153254455275,10.0,95.0,142.20153254455275,121.37168698447144,36.05551275463989,142.20153254455275,119.57168698447144,0.0,40.0,16.4,40.0,40.0,40.0,384,429,264,321,0
15,41,50.28916384272063,140.28916384272063,10.0,95.0,142.20153254455275,121.37168698447144,36.05551275463989,142.20153254455275,119.57168698447144,0.0,40.0,16.4,40.0,40.0,40.0,384,429,166,235,0
15,42,49.72926703662542,139.72926703662543,20.0,95.0,142.20153254455275,121.37168698447144,36.05551275463989,142.20153254455275,119.57168698447144,0.0,40.0,16.4,40.0,40.0,40.0,384,429,68,149,0
15,43,46.84015371452148,136.84015371452148,10.0,95.0,142.20153254455275,121.37168698447144,36.05551275463989,142.20153254455275,119.57168698447144,0.0,40.0,16.4,40.0,40.0,40.0,384,429,16,80,0
15,44,51.419840528729765,141.41984052872976,10.0,95.0,142.20153254455275,121.37168698447144,36.05551275463989,142.20153254455275,119.57168698447144,0.0,40.0,16.4,40.0,40.0,40.0,384,429,359,412,0
15,45,50.99019513592785,140.99019513592785,10.0,95.0,142.20153254455275,121.37168698447144,36.05551275463989,142.20153254455275,119.57168698447144,0.0,40.0,16.4,40.0,40.0,40.0,384,429,541,600,0
15,46,49.03060268852505,139.03060268852505,30.0,95.0,142.20153254455275,121.37168698447144,36.05551275463989,142.20153254455275,119.57168698447144,0.0,40.0,16.4,40.0,40.0,40.0,384,429,448,509,0
15,47,46.09772228646444,136.09772228646443,10.0,95.0,142.20153254455275,121.37168698447144,36.05551275463989,142.20153254455275,119.57168698447144,0.0,40.0,16.4,40.0,40.0,40.0,384,429,1054,1127,0
15,48,50.635955604688654,140.63595560468866,10.0,95.0,142.20153254455275,121.37168698447144,36.05551275463989,142.20153254455275,119.57168698447144,0.0,40.0,16.4,40.0,40.0,40.0,384,429,632,693,0
15,49,45.70557952810576,135.70557952810577,10.0,95.0,142.20153254455275,121.37168698447144,36.05551275463989,142.20153254455275,119.57168698447144,0.0,40.0,16.4,40.0,40.0,40.0,384,429,1001,1066,0
15,50,48.373546489791295,138.3735464897913,10.0,95.0,142.20153254455275,121.37168698447144,36.05551275463989,142.20153254455275,119.57168698447144,0.0,40.0,16.4,40.0,40.0,40.0,384,429,815,880,0
16,0,40.311288741492746,130.31128874149275,0.0,92.0,147.0087712549569,125.31137879589718,40.311288741492746,147.0087712549569,123.51137879589719,0.0,40.0,16.4,40.0,40.0,40.0,475,528,0,1236,1
16,1,30.23243291566195,120.23243291566195,10.0,92.0,147.0087712549569,125.31137879589718,40.311288741492746,147.0087712549569,123.51137879589719,0.0,40.0,16.4,40.0,40.0,40.0,475,528,912,967,0
16,2,29.154759474226502,119.1547594742265,30.0,92.0,147.0087712549569,125.31137879589718,40.311288741492746,147.0087712549569,123.51137879589719,0.0,40.0,16.4,40.0,40.0,40.0,475,528,825,870,0
16,3,29.068883707497267,119.06888370749726,10.0,92.0,147.0087712549569,125.31137879589718,40.311288741492746,147.0087712549569,123.51137879589719,0.0,40.0,16.4,40.0,40.0,40.0,475,528,65,146,0
16,4,27.80287754891569,117.80287754891569,10.0,92.0,147.0087712549569,125.31137879589718,40.311288741492746,147.0087712549569,123.51137879589719,0.0,40.0,16.4,40.0,40.0,40.0,475,528,727,782,0
16,5,29.732137494637012,119.73213749463702,10.0,92.0,147.0087712549569,125.31137879589718,40.311288741492746,147.0087712549569,123.51137879589719,0.0,40.0,16.4,40.0,40.0,40.0,475,528,15,67,0
16,6,25.612496949731394,115.6124969497314,20.0,92.0,147.0087712549569,125.31137879589718,40.311288741492746,147.0087712549569,123.51137879589719,0.0,40.0,16.4,40.0,40.0,40.0,475,528,621,702,1
16,7,27.586228448267445,117.58622844826745,20.0,92.0,147.0087712549569,125.31137879589718,40.311288741492746,147.0087712549569,123.51137879589719,0.0,40.0,16.4,40.0,40.0,40.0,475,528,170,225,0
16,8,24.758836806279895,114.7588368062799,20.0,92.0,147.0087712549569,125.31137879589718,40.311288741492746,147.0087712549569,123.51137879589719,0.0,40.0,16.4,40.0,40.0,40.0,475,528,255,324,0
16,9,23.430749027719962,113.43074902771997,10.0,92.0,147.0087712549569,125.31137879589718,40.311288741492746,147.0087712549569,123.51137879589719,0.0,40.0,16.4,40.0,40.0,40.0,475,528,534,605,1
16,10,24.20743687382041,114.20743687382041,10.0,92.0,147.0087712549569,125.31137879589718,40.311288741492746,147.0087712549569,123.51137879589719,0.0,40.0,16.4,40.0,40.0,40.0,475,528,357,410,0
16,11,21.93171219946131,111.93171219946132,10.0,92.0,147.0087712549569,125.31137879589718,40.311288741492746,147.0087712549569,123.51137879589719,0.0,40.0,16.4,40.0,40.0,40.0,475,528,448,505,0
16,12,5.0,95.0,20.0,92.0,147.0087712549569,125.31137879589718,40.311288741492746,147.0087712549569,123.51137879589719,0.0,40.0,16.4,40.0,40.0,40.0,475,528,652,721,1
16,13,10.198039027185569,100.19803902718557,30.0,92.0,147.0087712549569,125.31137879589718,40.311288741492746,147.0087712549569,123.51137879589719,0.0,40.0,16.4,40.0,40.0,40.0,475,528,30,92,0
16,14,2.0,92.0,10.0,92.0,147.0087712549569,125.31137879589718,40.311288741492746,147.0087712549569,123.51137879589719,0.0,40.0,16.4,40.0,40.0,40.0,475,528,567,620,1
16,15,5.0,95.0,40.0,92.0,147.0087712549569,125.31137879589718,40.311288741492746,147.0087712549569,123.51137879589719,0.0,40.0,16.4,40.0,40.0,40.0,475,528,384,429,0
16,17,10.198039027185569,100.19803902718557,20.0,92.0,147.0087712549569,125.31137879589718,40.311288741492746,147.0087712549569,123.51137879589719,0.0,40.0,16.4,40.0,40.0,40.0,475,528,99,148,0
16,18,11.180339887498949,101.18033988749895,20.0,92.0,147.0087712549569,125.31137879589718,40.311288741492746,147.0087712549569,123.51137879589719,0.0,40.0,16.4,40.0,40.0,40.0,475,528,179,254,0
16,19,7.0710678118654755,97.07106781186548,10.0,92.0,147.0087712549569,125.31137879589718,40.311288741492746,147.0087712549569,123.51137879589719,0.0,40.0,16.4,40.0,40.0,40.0,475,528,278,345,0
16,20,36.40054944640259,126.4005494464026,10.0,92.0,147.0087712549569,125.31137879589718,40.311288741492746,147.0087712549569,123.51137879589719,0.0,40.0,16.4,40.0,40.0,40.0,475,528,10,73,0
16,21,34.48187929913333,124.48187929913334,20.0,92.0,147.0087712549569,125.31137879589718,40.311288741492746,147.0087712549569,123.51137879589719,0.0,40.0,16.4,40.0,40.0,40.0,475,528,914,965,0
16,22,33.95585369269929,123.95585369269929,20.0,92.0,147.0087712549569,125.31137879589718,40.311288741492746,147.0087712549569,123.51137879589719,0.0,40.0,16.4,40.0,40.0,40.0,475,528,812,883,0
16,23,31.04834939252005,121.04834939252005,10.0,92.0,147.0087712549569,125.31137879589718,40.311288741492746,147.0087712549569,123.51137879589719,0.0,40.0,16.4,40.0,40.0,40.0,475,528,732,777,0
16,24,35.35533905932738,125.35533905932738,10.0,92.0,147.0087712549569,125.31137879589718,40.311288741492746,147.0087712549569,123.51137879589719,0.0,40.0,16.4,40.0,40.0,40.0,475,528,65,144,0
16,25,33.37663853655727,123.37663853655727,40.0,92.0,147.0087712549569,125.31137879589718,40.311288741492746,147.0087712549569,123.51137879589719,0.0,40.0,16.4,40.0,40.0,40.0,475,528,169,224,0
16,26,30.4138126514911,120.4138126514911,10.0,92.0,147.0087712549569,125.31137879589718,40.311288741492746,147.0087712549569,123.51137879589719,0.0,40.0,16.4,40.0,40.0,40.0,475,528,622,701,1
16,27,33.13608305156178,123.13608305156178,10.0,92.0,147.0087712549569,125.31137879589718,40.311288741492746,147.0087712549569,123.51137879589719,0.0,40.0,16.4,40.0,40.0,40.0,475,528,261,316,0
16,28,30.14962686336267,120.14962686336267,20.0,92.0,147.0087712549569,125.31137879589718,40.311288741492746,147.0087712549569,123.51137879589719,0.0,40.0,16.4,40.0,40.0,40.0,475,528,546,593,0
16,29,35.0,125.0,10.0,92.0,147.0087712549569,125.31137879589718,40.311288741492746,147.0087712549569,123.51137879589719,0.0,40.0,16.4,40.0,40.0,40.0,475,528,358,405,0
16,30,30.0,120.0,10.0,92.0,147.0087712549569,125.31137879589718,40.311288741492746,147.0087712549569,123.51137879589719,0.0,40.0,16.4,40.0,40.0,40.0,475,528,449,504,0
16,31,50.99019513592785,140.99019513592785,20.0,92.0,147.0087712549569,125.31137879589718,40.311288741492746,147.0087712549569,123.51137879589719,0.0,40.0,16.4,40.0,40.0,40.0,475,528,200,237,0
16,32,46.09772228646444,136.09772228646443,30.0,92.0,147.0087712549569,125.31137879589718,40.311288741492746,147.0087712549569,123.51137879589719,0.0,40.0,16.4,40.0,40.0,40.0,475,528,31,100,0
16,33,46.57252408878007,136.57252408878009,40.0,92.0,147.0087712549569,125.31137879589718,40.311288741492746,147.0087712549569,123.51137879589719,0.0,40.0,16.4,40.0,40.0,40.0,475,528,87,158,0
16,34,41.7612260356422,131.7612260356422,20.0,92.0,147.0087712549569,125.31137879589718,40.311288741492746,147.0087712549569,123.51137879589719,0.0,40.0,16.4,40.0,40.0,40.0,475,528,751,816,0
16,35,52.20153254455275,142.20153254455275,10.0,92.0,147.0087712549569,125.31137879589718,40.311288741492746,147.0087712549569,123.51137879589719,0.0,40.0,16.4,40.0,40.0,40.0,475,528,283,344,0
16,36,42.720018726587654,132.72001872658765,10.0,92.0,147.0087712549569,125.31137879589718,40.311288741492746,147.0087712549569,123.51137879589719,0.0,40.0,16.4,40.0,40.0,40.0,475,528,665,716,0
16,37,48.46648326421054,138.46648326421052,20.0,92.0,147.0087712549569,125.31137879589718,40.311288741492746,147.0087712549569,123.51137879589719,0.0,40.0,16.4,40.0,40.0,40.0,475,528,383,434,0
16,38,49.24428900898052,139.24428900898053,30.0,92.0,147.0087712549569,125.31137879589718,40.311288741492746,147.0087712549569,123.51137879589719,0.0,40.0,16.4,40.0,40.0,40.0,475,528,479,522,0
16,39,44.721359549995796,134.72135954999578,20.0,92.0,147.0087712549569,125.31137879589718,40.311288741492746,147.0087712549569,123.51137879589719,0.0,40.0,16.4,40.0,40.0,40.0,475,528,567,624,0
16,40,57.0087712549569,147.0087712549569,10.0,92.0,147.0087712549569,125.31137879589718,40.311288741492746,147.0087712549569,123.51137879589719,0.0,40.0,16.4,40.0,40.0,40.0,475,528,264,321,0
16,41,55.08175741568164,145.08175741568164,10.0,92.0,147.0087712549569,125.31137879589718,40.311288741492746,147.0087712549569,123.51137879589719,0.0,40.0,16.4,40.0,40.0,40.0,475,528,166,235,0
16,42,54.57105459856901,144.57105459856902,20.0,92.0,147.0087712549569,125.31137879589718,40.311288741492746,147.0087712549569,123.51137879589719,0.0,40.0,16.4,40.0,40.0,40.0,475,528,68,149,0
16,43,51.66236541235796,141.66236541235796,10.0,92.0,147.0087712549569,125.31137879589718,40.311288741492746,147.0087712549569,123.51137879589719,0.0,40.0,16.4,40.0,40.0,40.0,475,528,16,80,0
16,44,56.293871780150276,146.29387178015028,10.0,92.0,147.0087712549569,125.31137879589718,40.311288741492746,147.0087712549569,123.51137879589719,0.0,40.0,16.4,40.0,40.0,40.0,475,528,359,412,0
16,45,55.90169943749474,145.90169943749476,10.0,92.0,147.0087712549569,125.31137879589718,40.311288741492746,147.0087712549569,123.51137879589719,0.0,40.0,16.4,40.0,40.0,40.0,475,528,541,600,0
16,46,53.9351462406472,143.9351462406472,30.0,92.0,147.0087712549569,125.31137879589718,40.311288741492746,147.0087712549569,123.51137879589719,0.0,40.0,16.4,40.0,40.0,40.0,475,528,448,509,0
16,47,50.99019513592785,140.99019513592785,10.0,92.0,147.0087712549569,125.31137879589718,40.311288741492746,147.0087712549569,123.51137879589719,0.0,40.0,16.4,40.0,40.0,40.0,475,528,1054,1127,0
16,48,55.57877292636101,145.578772926361,10.0,92.0,147.0087712549569,125.31137879589718,40.311288741492746,147.0087712549569,123.51137879589719,0.0,40.0,16.4,40.0,40.0,40.0,475,528,632,693,0
16,49,50.635955604688654,140.63595560468866,10.0,92.0,147.0087712549569,125.31137879589718,40.311288741492746,147.0087712549569,123.51137879589719,0.0,40.0,16.4,40.0,40.0,40.0,475,528,1001,1066,0
16,50,53.33854141237835,143.33854141237833,10.0,92.0,147.0087712549569,125.31137879589718,40.311288741492746,147.0087712549569,123.51137879589719,0.0,40.0,16.4,40.0,40.0,40.0,475,528,815,880,0
17,0,33.301651610693426,123.30165161069343,0.0,93.0,138.10405388322278,118.60062729061961,33.301651610693426,138.10405388322278,116.80062729061962,0.0,40.0,16.8,20.0,20.0,20.0,99,148,0,1236,1
17,1,27.892651361962706,117.8926513619627,10.0,93.0,138.10405388322278,118.60062729061961,33.301651610693426,138.10405388322278,116.80062729061962,0.0,40.0,16.8,20.0,20.0,20.0,99,148,912,967,0
17,2,27.459060435491963,117.45906043549196,30.0,93.0,138.10405388322278,118.60062729061961,33.301651610693426,138.10405388322278,116.80062729061962,0.0,40.0,16.8,20.0,20.0,20.0,99,148,825,870,0
17,3,25.632011235952593,115.63201123595259,10.0,93.0,138.10405388322278,118.60062729061961,33.301651610693426,138.10405388322278,116.80062729061962,0.0,40.0,16.8,20.0,20.0,20.0,99,148,65,146,0
17,4,25.0,115.0,10.0,93.0,138.10405388322278,118.60062729061961,33.301651610693426,138.10405388322278,116.80062729061962,0.0,40.0,16.8,20.0,20.0,20.0,99,148,727,782,0
17,5,26.0,116.0,10.0,93.0,138.10405388322278,118.60062729061961,33.301651610693426,138.10405388322278,116.80062729061962,0.0,40.0,16.8,20.0,20.0,20.0,99,148,15,67,0
17,6,22.80350850198276,112.80350850198276,20.0,93.0,138.10405388322278,118.60062729061961,33.301651610693426,138.10405388322278,116.80062729061962,0.0,40.0,16.8,20.0,20.0,20.0,99,148,621,702,0
17,7,23.769728648009426,113.76972864800942,20.0,93.0,138.10405388322278,118.60062729061961,33.301651610693426,138.10405388322278,116.80062729061962,0.0,40.0,16.8,20.0,20.0,20.0,99,148,170,225,0
17,8,21.18962010041709,111.18962010041709,20.0,93.0,138.10405388322278,118.60062729061961,33.301651610693426,138.10405388322278,116.80062729061962,0.0,40.0,16.8,20.0,20.0,20.0,99,148,255,324,0
17,9,20.615528128088304,110.6155281280883,10.0,93.0,138.10405388322278,118.60062729061961,33.301651610693426,138.10405388322278,116.80062729061962,0.0,40.0,16.8,20.0,20.0,20.0,99,148,534,605,0
17,10,19.235384061671343,109.23538406167134,10.0,93.0,138.10405388322278,118.60062729061961,33.301651610693426,138.10405388322278,116.80062729061962,0.0,40.0,16.8,20.0,20.0,20.0,99,148,357,410,0
17,11,18.027756377319946,108.02775637731995,10.0,93.0,138.10405388322278,118.60062729061961,33.301651610693426,138.10405388322278,116.80062729061962,0.0,40.0,16.8,20.0,20.0,20.0,99,148,448,505,0
17,12,12.206555615733702,102.2065556157337,20.0,93.0,138.10405388322278,118.60062729061961,33.301651610693426,138.10405388322278,116.80062729061962,0.0,40.0,16.8,20.0,20.0,20.0,99,148,652,721,0
17,13,4.0,94.0,30.0,93.0,138.10405388322278,118.60062729061961,33.301651610693426,138.10405388322278,116.80062729061962,0.0,40.0,16.8,20.0,20.0,20.0,99,148,30,92,0
17,14,10.770329614269007,100.770329614269,10.0,93.0,138.10405388322278,118.60062729061961,33.301651610693426,138.10405388322278,116.80062729061962,0.0,40.0,16.8,20.0,20.0,20.0,99,148,567,620,0
17,15,5.385164807134504,95.3851648071345,40.0,93.0,138.10405388322278,118.60062729061961,33.301651610693426,138.10405388322278,116.80062729061962,0.0,40.0,16.8,20.0,20.0,20.0,99,148,384,429,1
17,16,10.198039027185569,100.19803902718557,40.0,93.0,138.10405388322278,118.60062729061961,33.301651610693426,138.10405388322278,116.80062729061962,0.0,40.0,16.8,20.0,20.0,20.0,99,148,475,528,0
17,18,3.0,93.0,20.0,93.0,138.10405388322278,118.60062729061961,33.301651610693426,138.10405388322278,116.80062729061962,0.0,40.0,16.8,20.0,20.0,20.0,99,148,179,254,1
17,19,5.830951894845301,95.8309518948453,10.0,93.0,138.10405388322278,118.60062729061961,33.301651610693426,138.10405388322278,116.80062729061962,0.0,40.0,16.8,20.0,20.0,20.0,99,148,278,345,1
17,20,27.730849247724095,117.7308492477241,10.0,93.0,138.10405388322278,118.60062729061961,33.301651610693426,138.10405388322278,116.80062729061962,0.0,40.0,16.8,20.0,20.0,20.0,99,148,10,73,0
17,21,25.942243542145693,115.94224354214569,20.0,93.0,138.10405388322278,118.60062729061961,33.301651610693426,138.10405388322278,116.80062729061962,0.0,40.0,16.8,20.0,20.0,20.0,99,148,914,965,0
17,22,25.079872407968907,115.0798724079689,20.0,93.0,138.10405388322278,118.60062729061961,33.301651610693426,138.10405388322278,116.80062729061962,0.0,40.0,16.8,20.0,20.0,20.0,99,148,812,883,0
17,23,22.360679774997898,112.36067977499789,10.0,93.0,138.10405388322278,118.60062729061961,33.301651610693426,138.10405388322278,116.80062729061962,0.0,40.0,16.8,20.0,20.0,20.0,99,148,732,777,0
17,24,25.96150997149434,115.96150997149434,10.0,93.0,138.10405388322278,118.60062729061961,33.301651610693426,138.10405388322278,116.80062729061962,0.0,40.0,16.8,20.0,20.0,20.0,99,148,65,144,0
17,25,24.041630560342615,114.04163056034261,40.0,93.0,138.10405388322278,118.60062729061961,33.301651610693426,138.10405388322278,116.80062729061962,0.0,40.0,16.8,20.0,20.0,20.0,99,148,169,224,0
17,26,21.18962010041709,111.18962010041709,10.0,93.0,138.10405388322278,118.60062729061961,33.301651610693426,138.10405388322278,116.80062729061962,0.0,40.0,16.8,20.0,20.0,20.0,99,148,622,701,0
17,27,23.53720459187964,113.53720459187964,10.0,93.0,138.10405388322278,118.60062729061961,33.301651610693426,138.10405388322278,116.80062729061962,0.0,40.0,16.8,20.0,20.0,20.0,99,148,261,316,0
17,28,20.615528128088304,110.6155281280883,20.0,93.0,138.10405388322278,118.60062729061961,33.301651610693426,138.10405388322278,116.80062729061962,0.0,40.0,16.8,20.0,20.0,20.0,99,148,546,593,0
17,29,25.079872407968907,115.0798724079689,10.0,93.0,138.10405388322278,118.60062729061961,33.301651610693426,138.10405388322278,116.80062729061962,0.0,40.0,16.8,20.0,20.0,20.0,99,148,358,405,0
17,30,20.09975124224178,110.09975124224178,10.0,93.0,138.10405388322278,118.60062729061961,33.301651610693426,138.10405388322278,116.80062729061962,0.0,40.0,16.8,20.0,20.0,20.0,99,148,449,504,0
17,31,40.792156108742276,130.7921561087423,20.0,93.0,138.10405388322278,118.60062729061961,33.301651610693426,138.10405388322278,116.80062729061962,0.0,40.0,16.8,20.0,20.0,20.0,99,148,200,237,0
17,32,35.90264614203248,125.90264614203248,30.0,93.0,138.10405388322278,118.60062729061961,33.301651610693426,138.10405388322278,116.80062729061962,0.0,40.0,16.8,20.0,20.0,20.0,99,148,31,100,0
17,33,36.40054944640259,126.4005494464026,40.0,93.0,138.10405388322278,118.60062729061961,33.301651610693426,138.10405388322278,116.80062729061962,0.0,40.0,16.8,20.0,20.0,20.0,99,148,87,158,0
17,34,31.622776601683793,121.6227766016838,20.0,93.0,138.10405388322278,118.60062729061961,33.301651610693426,138.10405388322278,116.80062729061962,0.0,40.0,16.8,20.0,20.0,20.0,99,148,751,816,0
17,35,42.05948168962618,132.05948168962618,10.0,93.0,138.10405388322278,118.60062729061961,33.301651610693426,138.10405388322278,116.80062729061962,0.0,40.0,16.8,20.0,20.0,20.0,99,148,283,344,0
17,36,32.69556544854363,122.69556544854363,10.0,93.0,138.10405388322278,118.60062729061961,33.301651610693426,138.10405388322278,116.80062729061962,0.0,40.0,16.8,20.0,20.0,20.0,99,148,665,716,0
17,37,38.48376280978771,128.48376280978772,20.0,93.0,138.10405388322278,118.60062729061961,33.301651610693426,138.10405388322278,116.80062729061962,0.0,40.0,16.8,20.0,20.0,20.0,99,148,383,434,0
17,38,39.35733730830886,129.35733730830884,30.0,93.0,138.10405388322278,118.60062729061961,33.301651610693426,138.10405388322278,116.80062729061962,0.0,40.0,16.8,20.0,20.0,20.0,99,148,479,522,0
17,39,34.9857113690718,124.9857113690718,20.0,93.0,138.10405388322278,118.60062729061961,33.301651610693426,138.10405388322278,116.80062729061962,0.0,40.0,16.8,20.0,20.0,20.0,99,148,567,624,0
17,40,48.104053883222775,138.10405388322278,10.0,93.0,138.10405388322278,118.60062729061961,33.301651610693426,138.10405388322278,116.80062729061962,0.0,40.0,16.8,20.0,20.0,20.0,99,148,264,321,0
17,41,46.238512086787566,136.23851208678758,10.0,93.0,138.10405388322278,118.60062729061961,33.301651610693426,138.10405388322278,116.80062729061962,0.0,40.0,16.8,20.0,20.0,20.0,99,148,166,235,0
17,42,45.5411901469428,135.5411901469428,20.0,93.0,138.10405388322278,118.60062729061961,33.301651610693426,138.10405388322278,116.80062729061962,0.0,40.0,16.8,20.0,20.0,20.0,99,148,68,149,0
17,43,42.720018726587654,132.72001872658765,10.0,93.0,138.10405388322278,118.60062729061961,33.301651610693426,138.10405388322278,116.80062729061962,0.0,40.0,16.8,20.0,20.0,20.0,99,148,16,80,0
17,44,47.12748667179272,137.12748667179272,10.0,93.0,138.10405388322278,118.60062729061961,33.301651610693426,138.10405388322278,116.80062729061962,0.0,40.0,16.8,20.0,20.0,20.0,99,148,359,412,0
17,45,46.57252408878007,136.57252408878009,10.0,93.0,138.10405388322278,118.60062729061961,33.301651610693426,138.10405388322278,116.80062729061962,0.0,40.0,16.8,20.0,20.0,20.0,99,148,541,600,0
17,46,44.64302857109943,134.64302857109942,30.0,93.0,138.10405388322278,118.60062729061961,33.301651610693426,138.10405388322278,116.80062729061962,0.0,40.0,16.8,20.0,20.0,20.0,99,148,448,509,0
17,47,41.7612260356422,131.7612260356422,10.0,93.0,138.10405388322278,118.60062729061961,33.301651610693426,138.10405388322278,116.80062729061962,0.0,40.0,16.8,20.0,20.0,20.0,99,148,1054,1127,0
17,48,46.09772228646444,136.09772228646443,10.0,93.0,138.10405388322278,118.60062729061961,33.301651610693426,138.10405388322278,116.80062729061962,0.0,40.0,16.8,20.0,20.0,20.0,99,148,632,693,0
17,49,41.23105625617661,131.2310562561766,10.0,93.0,138.10405388322278,118.60062729061961,33.301651610693426,138.10405388322278,116.80062729061962,0.0,40.0,16.8,20.0,20.0,20.0,99,148,1001,1066,0
17,50,43.73785545725808,133.7378554572581,10.0,93.0,138.10405388322278,118.60062729061961,33.301651610693426,138.10405388322278,116.80062729061962,0.0,40.0,16.8,20.0,20.0,20.0,99,148,815,880,0
18,0,35.35533905932738,125.35533905932738,0.0,93.0,139.24428900898053,119.70909987079827,35.35533905932738,139.24428900898053,117.90909987079827,0.0,40.0,16.8,20.0,20.0,20.0,179,254,0,1236,1
18,1,30.805843601498726,120.80584360149872,10.0,93.0,139.24428900898053,119.70909987079827,35.35533905932738,139.24428900898053,117.90909987079827,0.0,40.0,16.8,20.0,20.0,20.0,179,254,912,967,0
18,2,30.4138126514911,120.4138126514911,30.0,93.0,139.24428900898053,119.70909987079827,35.35533905932738,139.24428900898053,117.90909987079827,0.0,40.0,16.8,20.0,20.0,20.0,179,254,825,870,0
18,3,28.460498941515414,118.46049894151541,10.0,93.0,139.24428900898053,119.70909987079827,35.35533905932738,139.24428900898053,117.90909987079827,0.0,40.0,16.8,20.0,20.0,20.0,179,254,65,146,0
18,4,27.892651361962706,117.8926513619627,10.0,93.0,139.24428900898053,119.70909987079827,35.35533905932738,139.24428900898053,117.90909987079827,0.0,40.0,16.8,20.0,20.0,20.0,179,254,727,782,0
18,5,28.792360097775937,118.79236009777594,10.0,93.0,139.24428900898053,119.70909987079827,35.35533905932738,139.24428900898053,117.90909987079827,0.0,40.0,16.8,20.0,20.0,20.0,179,254,15,67,0
18,6,25.709920264364882,115.70992026436488,20.0,93.0,139.24428900898053,119.70909987079827,35.35533905932738,139.24428900898053,117.90909987079827,0.0,40.0,16.8,20.0,20.0,20.0,179,254,621,702,0
18,7,26.570660511172846,116.57066051117285,20.0,93.0,139.24428900898053,119.70909987079827,35.35533905932738,139.24428900898053,117.90909987079827,0.0,40.0,16.8,20.0,20.0,20.0,179,254,170,225,0
18,8,24.041630560342615,114.04163056034261,20.0,93.0,139.24428900898053,119.70909987079827,35.35533905932738,139.24428900898053,117.90909987079827,0.0,40.0,16.8,20.0,20.0,20.0,179,254,255,324,0
18,9,23.53720459187964,113.53720459187964,10.0,93.0,139.24428900898053,119.70909987079827,35.35533905932738,139.24428900898053,117.90909987079827,0.0,40.0,16.8,20.0,20.0,20.0,179,254,534,605,0
18,10,21.93171219946131,111.93171219946132,10.0,93.0,139.24428900898053,119.70909987079827,35.35533905932738,139.24428900898053,117.90909987079827,0.0,40.0,16.8,20.0,20.0,20.0,179,254,357,410,0
18,11,20.8806130178211,110.8806130178211,10.0,93.0,139.24428900898053,119.70909987079827,35.35533905932738,139.24428900898053,117.90909987079827,0.0,40.0,16.8,20.0,20.0,20.0,179,254,448,505,0
18,12,14.142135623730951,104.14213562373095,20.0,93.0,139.24428900898053,119.70909987079827,35.35533905932738,139.24428900898053,117.90909987079827,0.0,40.0,16.8,20.0,20.0,20.0,179,254,652,721,0
18,13,7.0,97.0,30.0,93.0,139.24428900898053,119.70909987079827,35.35533905932738,139.24428900898053,117.90909987079827,0.0,40.0,16.8,20.0,20.0,20.0,179,254,30,92,0
18,14,12.206555615733702,102.2065556157337,10.0,93.0,139.24428900898053,119.70909987079827,35.35533905932738,139.24428900898053,117.90909987079827,0.0,40.0,16.8,20.0,20.0,20.0,179,254,567,620,0
18,15,7.0710678118654755,97.07106781186548,40.0,93.0,139.24428900898053,119.70909987079827,35.35533905932738,139.24428900898053,117.90909987079827,0.0,40.0,16.8,20.0,20.0,20.0,179,254,384,429,1
18,16,11.180339887498949,101.18033988749895,40.0,93.0,139.24428900898053,119.70909987079827,35.35533905932738,139.24428900898053,117.90909987079827,0.0,40.0,16.8,20.0,20.0,20.0,179,254,475,528,0
18,17,3.0,93.0,20.0,93.0,139.24428900898053,119.70909987079827,35.35533905932738,139.24428900898053,117.90909987079827,0.0,40.0,16.8,20.0,20.0,20.0,179,254,99,148,0
18,19,5.0,95.0,10.0,93.0,139.24428900898053,119.70909987079827,35.35533905932738,139.24428900898053,117.90909987079827,0.0,40.0,16.8,20.0,20.0,20.0,179,254,278,345,1
18,20,29.154759474226502,119.1547594742265,10.0,93.0,139.24428900898053,119.70909987079827,35.35533905932738,139.24428900898053,117.90909987079827,0.0,40.0,16.8,20.0,20.0,20.0,179,254,10,73,0
18,21,27.459060435491963,117.45906043549196,20.0,93.0,139.24428900898053,119.70909987079827,35.35533905932738,139.24428900898053,117.90909987079827,0.0,40.0,16.8,20.0,20.0,20.0,179,254,914,965,0
18,22,26.419689627245813,116.41968962724582,20.0,93.0,139.24428900898053,119.70909987079827,35.35533905932738,139.24428900898053,117.90909987079827,0.0,40.0,16.8,20.0,20.0,20.0,179,254,812,883,0
18,23,23.853720883753127,113.85372088375313,10.0,93.0,139.24428900898053,119.70909987079827,35.35533905932738,139.24428900898053,117.90909987079827,0.0,40.0,16.8,20.0,20.0,20.0,179,254,732,777,0
18,24,26.92582403567252,116.92582403567252,10.0,93.0,139.24428900898053,119.70909987079827,35.35533905932738,139.24428900898053,117.90909987079827,0.0,40.0,16.8,20.0,20.0,20.0,179,254,65,144,0
18,25,25.079872407968907,115.0798724079689,40.0,93.0,139.24428900898053,119.70909987079827,35.35533905932738,139.24428900898053,117.90909987079827,0.0,40.0,16.8,20.0,20.0,20.0,179,254,169,224,0
18,26,22.360679774997898,112.36067977499789,10.0,93.0,139.24428900898053,119.70909987079827,35.35533905932738,139.24428900898053,117.90909987079827,0.0,40.0,16.8,20.0,20.0,20.0,179,254,622,701,0
18,27,24.351591323771842,114.35159132377184,10.0,93.0,139.24428900898053,119.70909987079827,35.35533905932738,139.24428900898053,117.90909987079827,0.0,40.0,16.8,20.0,20.0,20.0,179,254,261,316,0
18,28,21.540659228538015,111.54065922853802,20.0,93.0,139.24428900898053,119.70909987079827,35.35533905932738,139.24428900898053,117.90909987079827,0.0,40.0,16.8,20.0,20.0,20.0,179,254,546,593,0
18,29,25.495097567963924,115.49509756796392,10.0,93.0,139.24428900898053,119.70909987079827,35.35533905932738,139.24428900898053,117.90909987079827,0.0,40.0,16.8,20.0,20.0,20.0,179,254,358,405,0
18,30,20.615528128088304,110.6155281280883,10.0,93.0,139.24428900898053,119.70909987079827,35.35533905932738,139.24428900898053,117.90909987079827,0.0,40.0,16.8,20.0,20.0,20.0,179,254,449,504,0
18,31,40.311288741492746,130.31128874149275,20.0,93.0,139.24428900898053,119.70909987079827,35.35533905932738,139.24428900898053,117.90909987079827,0.0,40.0,16.8,20.0,20.0,20.0,179,254,200,237,0
18,32,35.35533905932738,125.35533905932738,30.0,93.0,139.24428900898053,119.70909987079827,35.35533905932738,139.24428900898053,117.90909987079827,0.0,40.0,16.8,20.0,20.0,20.0,179,254,31,100,0
18,33,35.6931365951495,125.6931365951495,40.0,93.0,139.24428900898053,119.70909987079827,35.35533905932738,139.24428900898053,117.90909987079827,0.0,40.0,16.8,20.0,20.0,20.0,179,254,87,158,0
18,34,30.805843601498726,120.80584360149872,20.0,93.0,139.24428900898053,119.70909987079827,35.35533905932738,139.24428900898053,117.90909987079827,0.0,40.0,16.8,20.0,20.0,20.0,179,254,751,816,0
18,35,41.23105625617661,131.2310562561766,10.0,93.0,139.24428900898053,119.70909987079827,35.35533905932738,139.24428900898053,117.90909987079827,0.0,40.0,16.8,20.0,20.0,20.0,179,254,283,344,0
18,36,31.622776601683793,121.6227766016838,10.0,93.0,139.24428900898053,119.70909987079827,35.35533905932738,139.24428900898053,117.90909987079827,0.0,40.0,16.8,20.0,20.0,20.0,179,254,665,716,0
18,37,37.33630940518894,127.33630940518894,20.0,93.0,139.24428900898053,119.70909987079827,35.35533905932738,139.24428900898053,117.90909987079827,0.0,40.0,16.8,20.0,20.0,20.0,179,254,383,434,0
18,38,38.07886552931954,128.07886552931956,30.0,93.0,139.24428900898053,119.70909987079827,35.35533905932738,139.24428900898053,117.90909987079827,0.0,40.0,16.8,20.0,20.0,20.0,179,254,479,522,0
18,39,33.54101966249684,123.54101966249684,20.0,93.0,139.24428900898053,119.70909987079827,35.35533905932738,139.24428900898053,117.90909987079827,0.0,40.0,16.8,20.0,20.0,20.0,179,254,567,624,0
18,40,49.24428900898052,139.24428900898053,10.0,93.0,139.24428900898053,119.70909987079827,35.35533905932738,139.24428900898053,117.90909987079827,0.0,40.0,16.8,20.0,20.0,20.0,179,254,264,321,0
18,41,47.4236228055175,137.4236228055175,10.0,93.0,139.24428900898053,119.70909987079827,35.35533905932738,139.24428900898053,117.90909987079827,0.0,40.0,16.8,20.0,20.0,20.0,179,254,166,235,0
18,42,46.61544808322666,136.61544808322665,20.0,93.0,139.24428900898053,119.70909987079827,35.35533905932738,139.24428900898053,117.90909987079827,0.0,40.0,16.8,20.0,20.0,20.0,179,254,68,149,0
18,43,43.86342439892262,133.86342439892263,10.0,93.0,139.24428900898053,119.70909987079827,35.35533905932738,139.24428900898053,117.90909987079827,0.0,40.0,16.8,20.0,20.0,20.0,179,254,16,80,0
18,44,48.104053883222775,138.10405388322278,10.0,93.0,139.24428900898053,119.70909987079827,35.35533905932738,139.24428900898053,117.90909987079827,0.0,40.0,16.8,20.0,20.0,20.0,179,254,359,412,0
18,45,47.43416490252569,137.43416490252568,10.0,93.0,139.24428900898053,119.70909987079827,35.35533905932738,139.24428900898053,117.90909987079827,0.0,40.0,16.8,20.0,20.0,20.0,179,254,541,600,0
18,46,45.5411901469428,135.5411901469428,30.0,93.0,139.24428900898053,119.70909987079827,35.35533905932738,139.24428900898053,117.90909987079827,0.0,40.0,16.8,20.0,20.0,20.0,179,254,448,509,0
18,47,42.720018726587654,132.72001872658765,10.0,93.0,139.24428900898053,119.70909987079827,35.35533905932738,139.24428900898053,117.90909987079827,0.0,40.0,16.8,20.0,20.0,20.0,179,254,1054,1127,0
18,48,46.84015371452148,136.84015371452148,10.0,93.0,139.24428900898053,119.70909987079827,35.35533905932738,139.24428900898053,117.90909987079827,0.0,40.0,16.8,20.0,20.0,20.0,179,254,632,693,0
18,49,42.05948168962618,132.05948168962618,10.0,93.0,139.24428900898053,119.70909987079827,35.35533905932738,139.24428900898053,117.90909987079827,0.0,40.0,16.8,20.0,20.0,20.0,179,254,1001,1066,0
18,50,44.384682042344295,134.3846820423443,10.0,93.0,139.24428900898053,119.70909987079827,35.35533905932738,139.24428900898053,117.90909987079827,0.0,40.0,16.8,20.0,20.0,20.0,179,254,815,880,0
19,0,39.05124837953327,129.05124837953326,0.0,95.0,143.85164807134504,122.9314021584787,39.05124837953327,143.85164807134504,121.1314021584787,0.0,40.0,17.0,10.0,10.0,10.0,278,345,0,1236,1
19,1,32.31098884280702,122.31098884280702,10.0,95.0,143.85164807134504,122.9314021584787,39.05124837953327,143.85164807134504,121.1314021584787,0.0,40.0,17.0,10.0,10.0,10.0,278,345,912,967,0
19,2,31.622776601683793,121.6227766016838,30.0,95.0,143.85164807134504,122.9314021584787,39.05124837953327,143.85164807134504,121.1314021584787,0.0,40.0,17.0,10.0,10.0,10.0,278,345,825,870,0
19,3,30.4138126514911,120.4138126514911,10.0,95.0,143.85164807134504,122.9314021584787,39.05124837953327,143.85164807134504,121.1314021584787,0.0,40.0,17.0,10.0,10.0,10.0,278,345,65,146,0
19,4,29.546573405388315,119.54657340538832,10.0,95.0,143.85164807134504,122.9314021584787,39.05124837953327,143.85164807134504,121.1314021584787,0.0,40.0,17.0,10.0,10.0,10.0,278,345,727,782,0
19,5,30.886890422961002,120.886890422961,10.0,95.0,143.85164807134504,122.9314021584787,39.05124837953327,143.85164807134504,121.1314021584787,0.0,40.0,17.0,10.0,10.0,10.0,278,345,15,67,0
19,6,27.313000567495326,117.31300056749532,20.0,95.0,143.85164807134504,122.9314021584787,39.05124837953327,143.85164807134504,121.1314021584787,0.0,40.0,17.0,10.0,10.0,10.0,278,345,621,702,0
19,7,28.653097563788805,118.6530975637888,20.0,95.0,143.85164807134504,122.9314021584787,39.05124837953327,143.85164807134504,121.1314021584787,0.0,40.0,17.0,10.0,10.0,10.0,278,345,170,225,0
19,8,25.942243542145693,115.94224354214569,20.0,95.0,143.85164807134504,122.9314021584787,39.05124837953327,143.85164807134504,121.1314021584787,0.0,40.0,17.0,10.0,10.0,10.0,278,345,255,324,0
19,9,25.079872407968907,115.0798724079689,10.0,95.0,143.85164807134504,122.9314021584787,39.05124837953327,143.85164807134504,121.1314021584787,0.0,40.0,17.0,10.0,10.0,10.0,278,345,534,605,0
19,10,24.413111231467404,114.41311123146741,10.0,95.0,143.85164807134504,122.9314021584787,39.05124837953327,143.85164807134504,121.1314021584787,0.0,40.0,17.0,10.0,10.0,10.0,278,345,357,410,0
19,11,22.825424421026653,112.82542442102665,10.0,95.0,143.85164807134504,122.9314021584787,39.05124837953327,143.85164807134504,121.1314021584787,0.0,40.0,17.0,10.0,10.0,10.0,278,345,448,505,0
19,12,11.180339887498949,101.18033988749895,20.0,95.0,143.85164807134504,122.9314021584787,39.05124837953327,143.85164807134504,121.1314021584787,0.0,40.0,17.0,10.0,10.0,10.0,278,345,652,721,0
19,13,8.602325267042627,98.60232526704263,30.0,95.0,143.85164807134504,122.9314021584787,39.05124837953327,143.85164807134504,121.1314021584787,0.0,40.0,17.0,10.0,10.0,10.0,278,345,30,92,0
19,14,8.602325267042627,98.60232526704263,10.0,95.0,143.85164807134504,122.9314021584787,39.05124837953327,143.85164807134504,121.1314021584787,0.0,40.0,17.0,10.0,10.0,10.0,278,345,567,620,0
19,15,5.0,95.0,40.0,95.0,143.85164807134504,122.9314021584787,39.05124837953327,143.85164807134504,121.1314021584787,0.0,40.0,17.0,10.0,10.0,10.0,278,345,384,429,1
19,16,7.0710678118654755,97.07106781186548,40.0,95.0,143.85164807134504,122.9314021584787,39.05124837953327,143.85164807134504,121.1314021584787,0.0,40.0,17.0,10.0,10.0,10.0,278,345,475,528,1
19,17,5.830951894845301,95.8309518948453,20.0,95.0,143.85164807134504,122.9314021584787,39.05124837953327,143.85164807134504,121.1314021584787,0.0,40.0,17.0,10.0,10.0,10.0,278,345,99,148,0
19,18,5.0,95.0,20.0,95.0,143.85164807134504,122.9314021584787,39.05124837953327,143.85164807134504,121.1314021584787,0.0,40.0,17.0,10.0,10.0,10.0,278,345,179,254,0
19,20,33.54101966249684,123.54101966249684,10.0,95.0,143.85164807134504,122.9314021584787,39.05124837953327,143.85164807134504,121.1314021584787,0.0,40.0,17.0,10.0,10.0,10.0,278,345,10,73,0
19,21,31.76476034853718,121.76476034853718,20.0,95.0,143.85164807134504,122.9314021584787,39.05124837953327,143.85164807134504,121.1314021584787,0.0,40.0,17.0,10.0,10.0,10.0,278,345,914,965,0
19,22,30.870698080866262,120.87069808086626,20.0,95.0,143.85164807134504,122.9314021584787,39.05124837953327,143.85164807134504,121.1314021584787,0.0,40.0,17.0,10.0,10.0,10.0,278,345,812,883,0
19,23,28.178005607210743,118.17800560721074,10.0,95.0,143.85164807134504,122.9314021584787,39.05124837953327,143.85164807134504,121.1314021584787,0.0,40.0,17.0,10.0,10.0,10.0,278,345,732,777,0
19,24,31.622776601683793,121.6227766016838,10.0,95.0,143.85164807134504,122.9314021584787,39.05124837953327,143.85164807134504,121.1314021584787,0.0,40.0,17.0,10.0,10.0,10.0,278,345,65,144,0
19,25,29.732137494637012,119.73213749463702,40.0,95.0,143.85164807134504,122.9314021584787,39.05124837953327,143.85164807134504,121.1314021584787,0.0,40.0,17.0,10.0,10.0,10.0,278,345,169,224,0
19,26,26.92582403567252,116.92582403567252,10.0,95.0,143.85164807134504,122.9314021584787,39.05124837953327,143.85164807134504,121.1314021584787,0.0,40.0,17.0,10.0,10.0,10.0,278,345,622,701,0
19,27,29.120439557122072,119.12043955712207,10.0,95.0,143.85164807134504,122.9314021584787,39.05124837953327,143.85164807134504,121.1314021584787,0.0,40.0,17.0,10.0,10.0,10.0,278,345,261,316,0
19,28,26.248809496813376,116.24880949681338,20.0,95.0,143.85164807134504,122.9314021584787,39.05124837953327,143.85164807134504,121.1314021584787,0.0,40.0,17.0,10.0,10.0,10.0,278,345,546,593,0
19,29,30.4138126514911,120.4138126514911,10.0,95.0,143.85164807134504,122.9314021584787,39.05124837953327,143.85164807134504,121.1314021584787,0.0,40.0,17.0,10.0,10.0,10.0,278,345,358,405,0
19,30,25.495097567963924,115.49509756796392,10.0,95.0,143.85164807134504,122.9314021584787,39.05124837953327,143.85164807134504,121.1314021584787,0.0,40.0,17.0,10.0,10.0,10.0,278,345,449,504,0
19,31,45.27692569068709,135.27692569068708,20.0,95.0,143.85164807134504,122.9314021584787,39.05124837953327,143.85164807134504,121.1314021584787,0.0,40.0,17.0,10.0,10.0,10.0,278,345,200,237,0
19,32,40.311288741492746,130.31128874149275,30.0,95.0,143.85164807134504,122.9314021584787,39.05124837953327,143.85164807134504,121.1314021584787,0.0,40.0,17.0,10.0,10.0,10.0,278,345,31,100,0
19,33,40.607881008493905,130.6078810084939,40.0,95.0,143.85164807134504,122.9314021584787,39.05124837953327,143.85164807134504,121.1314021584787,0.0,40.0,17.0,10.0,10.0,10.0,278,345,87,158,0
19,34,35.6931365951495,125.6931365951495,20.0,95.0,143.85164807134504,122.9314021584787,39.05124837953327,143.85164807134504,121.1314021584787,0.0,40.0,17.0,10.0,10.0,10.0,278,345,751,816,0
19,35,46.09772228646444,136.09772228646443,10.0,95.0,143.85164807134504,122.9314021584787,39.05124837953327,143.85164807134504,121.1314021584787,0.0,40.0,17.0,10.0,10.0,10.0,278,345,283,344,0
19,36,36.40054944640259,126.4005494464026,10.0,95.0,143.85164807134504,122.9314021584787,39.05124837953327,143.85164807134504,121.1314021584787,0.0,40.0,17.0,10.0,10.0,10.0,278,345,665,716,0
19,37,42.05948168962618,132.05948168962618,20.0,95.0,143.85164807134504,122.9314021584787,39.05124837953327,143.85164807134504,121.1314021584787,0.0,40.0,17.0,10.0,10.0,10.0,278,345,383,434,0
19,38,42.720018726587654,132.72001872658765,30.0,95.0,143.85164807134504,122.9314021584787,39.05124837953327,143.85164807134504,121.1314021584787,0.0,40.0,17.0,10.0,10.0,10.0,278,345,479,522,0
19,39,38.07886552931954,128.07886552931956,20.0,95.0,143.85164807134504,122.9314021584787,39.05124837953327,143.85164807134504,121.1314021584787,0.0,40.0,17.0,10.0,10.0,10.0,278,345,567,624,0
19,40,53.85164807134504,143.85164807134504,10.0,95.0,143.85164807134504,122.9314021584787,39.05124837953327,143.85164807134504,121.1314021584787,0.0,40.0,17.0,10.0,10.0,10.0,278,345,264,321,0
19,41,52.0,142.0,10.0,95.0,143.85164807134504,122.9314021584787,39.05124837953327,143.85164807134504,121.1314021584787,0.0,40.0,17.0,10.0,10.0,10.0,278,345,166,235,0
19,42,51.264022471905186,141.26402247190518,20.0,95.0,143.85164807134504,122.9314021584787,39.05124837953327,143.85164807134504,121.1314021584787,0.0,40.0,17.0,10.0,10.0,10.0,278,345,68,149,0
19,43,48.46648326421054,138.46648326421052,10.0,95.0,143.85164807134504,122.9314021584787,39.05124837953327,143.85164807134504,121.1314021584787,0.0,40.0,17.0,10.0,10.0,10.0,278,345,16,80,0
19,44,52.81098370604357,142.81098370604357,10.0,95.0,143.85164807134504,122.9314021584787,39.05124837953327,143.85164807134504,121.1314021584787,0.0,40.0,17.0,10.0,10.0,10.0,278,345,359,412,0
19,45,52.20153254455275,142.20153254455275,10.0,95.0,143.85164807134504,122.9314021584787,39.05124837953327,143.85164807134504,121.1314021584787,0.0,40.0,17.0,10.0,10.0,10.0,278,345,541,600,0
19,46,50.28916384272063,140.28916384272063,30.0,95.0,143.85164807134504,122.9314021584787,39.05124837953327,143.85164807134504,121.1314021584787,0.0,40.0,17.0,10.0,10.0,10.0,278,345,448,509,0
19,47,47.43416490252569,137.43416490252568,10.0,95.0,143.85164807134504,122.9314021584787,39.05124837953327,143.85164807134504,121.1314021584787,0.0,40.0,17.0,10.0,10.0,10.0,278,345,1054,1127,0
19,48,51.66236541235796,141.66236541235796,10.0,95.0,143.85164807134504,122.9314021584787,39.05124837953327,143.85164807134504,121.1314021584787,0.0,40.0,17.0,10.0,10.0,10.0,278,345,632,693,0
19,49,46.84015371452148,136.84015371452148,10.0,95.0,143.85164807134504,122.9314021584787,39.05124837953327,143.85164807134504,121.1314021584787,0.0,40.0,17.0,10.0,10.0,10.0,278,345,1001,1066,0
19,50,49.24428900898052,139.24428900898053,10.0,95.0,143.85164807134504,122.9314021584787,39.05124837953327,143.85164807134504,121.1314021584787,0.0,40.0,17.0,10.0,10.0,10.0,278,345,815,880,0
20,0,10.0,100.0,0.0,92.0,126.4005494464026,109.96140200491475,10.0,126.4005494464026,108.16140200491475,0.0,40.0,17.0,10.0,10.0,10.0,10,73,0,1236,1
20,1,23.430749027719962,113.43074902771997,10.0,92.0,126.4005494464026,109.96140200491475,10.0,126.4005494464026,108.16140200491475,0.0,40.0,17.0,10.0,10.0,10.0,10,73,912,967,0
20,2,25.0,115.0,30.0,92.0,126.4005494464026,109.96140200491475,10.0,126.4005494464026,108.16140200491475,0.0,40.0,17.0,10.0,10.0,10.0,10,73,825,870,0
20,3,20.0,110.0,10.0,92.0,126.4005494464026,109.96140200491475,10.0,126.4005494464026,108.16140200491475,0.0,40.0,17.0,10.0,10.0,10.0,10,73,65,146,1
20,4,21.633307652783937,111.63330765278394,10.0,92.0,126.4005494464026,109.96140200491475,10.0,126.4005494464026,108.16140200491475,0.0,40.0,17.0,10.0,10.0,10.0,10,73,727,782,0
20,5,19.209372712298546,109.20937271229855,10.0,92.0,126.4005494464026,109.96140200491475,10.0,126.4005494464026,108.16140200491475,0.0,40.0,17.0,10.0,10.0,10.0,10,73,15,67,0
20,6,21.470910553583888,111.47091055358389,20.0,92.0,126.4005494464026,109.96140200491475,10.0,126.4005494464026,108.16140200491475,0.0,40.0,17.0,10.0,10.0,10.0,10,73,621,702,0
20,7,18.867962264113206,108.8679622641132,20.0,92.0,126.4005494464026,109.96140200491475,10.0,126.4005494464026,108.16140200491475,0.0,40.0,17.0,10.0,10.0,10.0,10,73,170,225,0
20,8,19.697715603592208,109.6977156035922,20.0,92.0,126.4005494464026,109.96140200491475,10.0,126.4005494464026,108.16140200491475,0.0,40.0,17.0,10.0,10.0,10.0,10,73,255,324,1
20,9,21.540659228538015,111.54065922853802,10.0,92.0,126.4005494464026,109.96140200491475,10.0,126.4005494464026,108.16140200491475,0.0,40.0,17.0,10.0,10.0,10.0,10,73,534,605,0
20,10,16.76305461424021,106.76305461424022,10.0,92.0,126.4005494464026,109.96140200491475,10.0,126.4005494464026,108.16140200491475,0.0,40.0,17.0,10.0,10.0,10.0,10,73,357,410,1
20,11,19.6468827043885,109.6468827043885,10.0,92.0,126.4005494464026,109.96140200491475,10.0,126.4005494464026,108.16140200491475,0.0,40.0,17.0,10.0,10.0,10.0,10,73,448,505,0
20,12,35.35533905932738,125.35533905932738,20.0,92.0,126.4005494464026,109.96140200491475,10.0,126.4005494464026,108.16140200491475,0.0,40.0,17.0,10.0,10.0,10.0,10,73,652,721,0
20,13,26.248809496813376,116.24880949681338,30.0,92.0,126.4005494464026,109.96140200491475,10.0,126.4005494464026,108.16140200491475,0.0,40.0,17.0,10.0,10.0,10.0,10,73,30,92,0
20,14,35.90264614203248,125.90264614203248,10.0,92.0,126.4005494464026,109.96140200491475,10.0,126.4005494464026,108.16140200491475,0.0,40.0,17.0,10.0,10.0,10.0,10,73,567,620,0
20,15,31.622776601683793,121.6227766016838,40.0,92.0,126.4005494464026,109.96140200491475,10.0,126.4005494464026,108.16140200491475,0.0,40.0,17.0,10.0,10.0,10.0,10,73,384,429,0
20,16,36.40054944640259,126.4005494464026,40.0,92.0,126.4005494464026,109.96140200491475,10.0,126.4005494464026,108.16140200491475,0.0,40.0,17.0,10.0,10.0,10.0,10,73,475,528,0
20,17,27.730849247724095,117.7308492477241,20.0,92.0,126.4005494464026,109.96140200491475,10.0,126.4005494464026,108.16140200491475,0.0,40.0,17.0,10.0,10.0,10.0,10,73,99,148,1
20,18,29.154759474226502,119.1547594742265,20.0,92.0,126.4005494464026,109.96140200491475,10.0,126.4005494464026,108.16140200491475,0.0,40.0,17.0,10.0,10.0,10.0,10,73,179,254,0
20,19,33.54101966249684,123.54101966249684,10.0,92.0,126.4005494464026,109.96140200491475,10.0,126.4005494464026,108.16140200491475,0.0,40.0,17.0,10.0,10.0,10.0,10,73,278,345,0
20,21,2.0,92.0,20.0,92.0,126.4005494464026,109.96140200491475,10.0,126.4005494464026,108.16140200491475,0.0,40.0,17.0,10.0,10.0,10.0,10,73,914,965,0
20,22,2.8284271247461903,92.82842712474618,20.0,92.0,126.4005494464026,109.96140200491475,10.0,126.4005494464026,108.16140200491475,0.0,40.0,17.0,10.0,10.0,10.0,10,73,812,883,0
20,23,5.385164807134504,95.3851648071345,10.0,92.0,126.4005494464026,109.96140200491475,10.0,126.4005494464026,108.16140200491475,0.0,40.0,17.0,10.0,10.0,10.0,10,73,732,777,0
20,24,5.0,95.0,10.0,92.0,126.4005494464026,109.96140200491475,10.0,126.4005494464026,108.16140200491475,0.0,40.0,17.0,10.0,10.0,10.0,10,73,65,144,1
20,25,5.385164807134504,95.3851648071345,40.0,92.0,126.4005494464026,109.96140200491475,10.0,126.4005494464026,108.16140200491475,0.0,40.0,17.0,10.0,10.0,10.0,10,73,169,224,1
20,26,7.0710678118654755,97.07106781186548,10.0,92.0,126.4005494464026,109.96140200491475,10.0,126.4005494464026,108.16140200491475,0.0,40.0,17.0,10.0,10.0,10.0,10,73,622,701,1
20,27,7.280109889280518,97.28010988928052,10.0,92.0,126.4005494464026,109.96140200491475,10.0,126.4005494464026,108.16140200491475,0.0,40.0,17.0,10.0,10.0,10.0,10,73,261,316,1
20,28,8.602325267042627,98.60232526704263,20.0,92.0,126.4005494464026,109.96140200491475,10.0,126.4005494464026,108.16140200491475,0.0,40.0,17.0,10.0,10.0,10.0,10,73,546,593,1
20,29,10.0,100.0,10.0,92.0,126.4005494464026,109.96140200491475,10.0,126.4005494464026,108.16140200491475,0.0,40.0,17.0,10.0,10.0,10.0,10,73,358,405,1
20,30,11.180339887498949,101.18033988749895,10.0,92.0,126.4005494464026,109.96140200491475,10.0,126.4005494464026,108.16140200491475,0.0,40.0,17.0,10.0,10.0,10.0,10,73,449,504,0
20,31,25.0,115.0,20.0,92.0,126.4005494464026,109.96140200491475,10.0,126.4005494464026,108.16140200491475,0.0,40.0,17.0,10.0,10.0,10.0,10,73,200,237,1
20,32,22.360679774997898,112.36067977499789,30.0,92.0,126.4005494464026,109.96140200491475,10.0,126.4005494464026,108.16140200491475,0.0,40.0,17.0,10.0,10.0,10.0,10,73,31,100,0
20,33,24.166091947189145,114.16609194718914,40.0,92.0,126.4005494464026,109.96140200491475,10.0,126.4005494464026,108.16140200491475,0.0,40.0,17.0,10.0,10.0,10.0,10,73,87,158,1
20,34,22.561028345356956,112.56102834535696,20.0,92.0,126.4005494464026,109.96140200491475,10.0,126.4005494464026,108.16140200491475,0.0,40.0,17.0,10.0,10.0,10.0,10,73,751,816,0
20,35,29.154759474226502,119.1547594742265,10.0,92.0,126.4005494464026,109.96140200491475,10.0,126.4005494464026,108.16140200491475,0.0,40.0,17.0,10.0,10.0,10.0,10,73,283,344,0
20,36,25.495097567963924,115.49509756796392,10.0,92.0,126.4005494464026,109.96140200491475,10.0,126.4005494464026,108.16140200491475,0.0,40.0,17.0,10.0,10.0,10.0,10,73,665,716,0
20,37,29.732137494637012,119.73213749463702,20.0,92.0,126.4005494464026,109.96140200491475,10.0,126.4005494464026,108.16140200491475,0.0,40.0,17.0,10.0,10.0,10.0,10,73,383,434,0
20,38,31.622776601683793,121.6227766016838,30.0,92.0,126.4005494464026,109.96140200491475,10.0,126.4005494464026,108.16140200491475,0.0,40.0,17.0,10.0,10.0,10.0,10,73,479,522,0
20,39,30.4138126514911,120.4138126514911,20.0,92.0,126.4005494464026,109.96140200491475,10.0,126.4005494464026,108.16140200491475,0.0,40.0,17.0,10.0,10.0,10.0,10,73,567,624,0
20,40,20.615528128088304,110.6155281280883,10.0,92.0,126.4005494464026,109.96140200491475,10.0,126.4005494464026,108.16140200491475,0.0,40.0,17.0,10.0,10.0,10.0,10,73,264,321,0
20,41,18.681541692269406,108.6815416922694,10.0,92.0,126.4005494464026,109.96140200491475,10.0,126.4005494464026,108.16140200491475,0.0,40.0,17.0,10.0,10.0,10.0,10,73,166,235,1
20,42,18.24828759089466,108.24828759089466,20.0,92.0,126.4005494464026,109.96140200491475,10.0,126.4005494464026,108.16140200491475,0.0,40.0,17.0,10.0,10.0,10.0,10,73,68,149,1
20,43,15.297058540778355,105.29705854077835,10.0,92.0,126.4005494464026,109.96140200491475,10.0,126.4005494464026,108.16140200491475,0.0,40.0,17.0,10.0,10.0,10.0,10,73,16,80,0
20,44,20.09975124224178,110.09975124224178,10.0,92.0,126.4005494464026,109.96140200491475,10.0,126.4005494464026,108.16140200491475,0.0,40.0,17.0,10.0,10.0,10.0,10,73,359,412,0
20,45,20.0,110.0,10.0,92.0,126.4005494464026,109.96140200491475,10.0,126.4005494464026,108.16140200491475,0.0,40.0,17.0,10.0,10.0,10.0,10,73,541,600,0
20,46,18.0,108.0,30.0,92.0,126.4005494464026,109.96140200491475,10.0,126.4005494464026,108.16140200491475,0.0,40.0,17.0,10.0,10.0,10.0,10,73,448,509,0
20,47,15.0,105.0,10.0,92.0,126.4005494464026,109.96140200491475,10.0,126.4005494464026,108.16140200491475,0.0,40.0,17.0,10.0,10.0,10.0,10,73,1054,1127,0
20,48,20.09975124224178,110.09975124224178,10.0,92.0,126.4005494464026,109.96140200491475,10.0,126.4005494464026,108.16140200491475,0.0,40.0,17.0,10.0,10.0,10.0,10,73,632,693,0
20,49,15.132745950421556,105.13274595042155,10.0,92.0,126.4005494464026,109.96140200491475,10.0,126.4005494464026,108.16140200491475,0.0,40.0,17.0,10.0,10.0,10.0,10,73,1001,1066,0
20,50,18.439088914585774,108.43908891458577,10.0,92.0,126.4005494464026,109.96140200491475,10.0,126.4005494464026,108.16140200491475,0.0,40.0,17.0,10.0,10.0,10.0,10,73,815,880,0
21,0,10.198039027185569,100.19803902718557,0.0,92.0,124.48187929913334,109.75564810593737,10.198039027185569,124.48187929913334,107.95564810593736,0.0,40.0,16.8,20.0,20.0,20.0,914,965,0,1236,1
21,1,21.93171219946131,111.93171219946132,10.0,92.0,124.48187929913334,109.75564810593737,10.198039027185569,124.48187929913334,107.95564810593736,0.0,40.0,16.8,20.0,20.0,20.0,914,965,912,967,0
21,2,23.430749027719962,113.43074902771997,30.0,92.0,124.48187929913334,109.75564810593737,10.198039027185569,124.48187929913334,107.95564810593736,0.0,40.0,16.8,20.0,20.0,20.0,914,965,825,870,0
21,3,18.439088914585774,108.43908891458577,10.0,92.0,124.48187929913334,109.75564810593737,10.198039027185569,124.48187929913334,107.95564810593736,0.0,40.0,16.8,20.0,20.0,20.0,914,965,65,146,0
21,4,20.0,110.0,10.0,92.0,124.48187929913334,109.75564810593737,10.198039027185569,124.48187929913334,107.95564810593736,0.0,40.0,16.8,20.0,20.0,20.0,914,965,727,782,0
21,5,17.69180601295413,107.69180601295413,10.0,92.0,124.48187929913334,109.75564810593737,10.198039027185569,124.48187929913334,107.95564810593736,0.0,40.0,16.8,20.0,20.0,20.0,914,965,15,67,0
21,6,19.72308292331602,109.72308292331601,20.0,92.0,124.48187929913334,109.75564810593737,10.198039027185569,124.48187929913334,107.95564810593736,0.0,40.0,16.8,20.0,20.0,20.0,914,965,621,702,0
21,7,17.204650534085253,107.20465053408526,20.0,92.0,124.48187929913334,109.75564810593737,10.198039027185569,124.48187929913334,107.95564810593736,0.0,40.0,16.8,20.0,20.0,20.0,914,965,170,225,0
21,8,17.88854381999832,107.88854381999832,20.0,92.0,124.48187929913334,109.75564810593737,10.198039027185569,124.48187929913334,107.95564810593736,0.0,40.0,16.8,20.0,20.0,20.0,914,965,255,324,0
21,9,19.697715603592208,109.6977156035922,10.0,92.0,124.48187929913334,109.75564810593737,10.198039027185569,124.48187929913334,107.95564810593736,0.0,40.0,16.8,20.0,20.0,20.0,914,965,534,605,0
21,10,14.866068747318506,104.86606874731851,10.0,92.0,124.48187929913334,109.75564810593737,10.198039027185569,124.48187929913334,107.95564810593736,0.0,40.0,16.8,20.0,20.0,20.0,914,965,357,410,0
21,11,17.72004514666935,107.72004514666935,10.0,92.0,124.48187929913334,109.75564810593737,10.198039027185569,124.48187929913334,107.95564810593736,0.0,40.0,16.8,20.0,20.0,20.0,914,965,448,505,0
21,12,33.37663853655727,123.37663853655727,20.0,92.0,124.48187929913334,109.75564810593737,10.198039027185569,124.48187929913334,107.95564810593736,0.0,40.0,16.8,20.0,20.0,20.0,914,965,652,721,0
21,13,24.351591323771842,114.35159132377184,30.0,92.0,124.48187929913334,109.75564810593737,10.198039027185569,124.48187929913334,107.95564810593736,0.0,40.0,16.8,20.0,20.0,20.0,914,965,30,92,0
21,14,33.95585369269929,123.95585369269929,10.0,92.0,124.48187929913334,109.75564810593737,10.198039027185569,124.48187929913334,107.95564810593736,0.0,40.0,16.8,20.0,20.0,20.0,914,965,567,620,0
21,15,29.732137494637012,119.73213749463702,40.0,92.0,124.48187929913334,109.75564810593737,10.198039027185569,124.48187929913334,107.95564810593736,0.0,40.0,16.8,20.0,20.0,20.0,914,965,384,429,0
21,16,34.48187929913333,124.48187929913334,40.0,92.0,124.48187929913334,109.75564810593737,10.198039027185569,124.48187929913334,107.95564810593736,0.0,40.0,16.8,20.0,20.0,20.0,914,965,475,528,0
21,17,25.942243542145693,115.94224354214569,20.0,92.0,124.48187929913334,109.75564810593737,10.198039027185569,124.48187929913334,107.95564810593736,0.0,40.0,16.8,20.0,20.0,20.0,914,965,99,148,0
21,18,27.459060435491963,117.45906043549196,20.0,92.0,124.48187929913334,109.75564810593737,10.198039027185569,124.48187929913334,107.95564810593736,0.0,40.0,16.8,20.0,20.0,20.0,914,965,179,254,0
21,19,31.76476034853718,121.76476034853718,10.0,92.0,124.48187929913334,109.75564810593737,10.198039027185569,124.48187929913334,107.95564810593736,0.0,40.0,16.8,20.0,20.0,20.0,914,965,278,345,0
21,20,2.0,92.0,10.0,92.0,124.48187929913334,109.75564810593737,10.198039027185569,124.48187929913334,107.95564810593736,0.0,40.0,16.8,20.0,20.0,20.0,914,965,10,73,0
21,22,2.0,92.0,20.0,92.0,124.48187929913334,109.75564810593737,10.198039027185569,124.48187929913334,107.95564810593736,0.0,40.0,16.8,20.0,20.0,20.0,914,965,812,883,0
21,23,3.605551275463989,93.605551275464,10.0,92.0,124.48187929913334,109.75564810593737,10.198039027185569,124.48187929913334,107.95564810593736,0.0,40.0,16.8,20.0,20.0,20.0,914,965,732,777,0
21,24,5.385164807134504,95.3851648071345,10.0,92.0,124.48187929913334,109.75564810593737,10.198039027185569,124.48187929913334,107.95564810593736,0.0,40.0,16.8,20.0,20.0,20.0,914,965,65,144,0
21,25,5.0,95.0,40.0,92.0,124.48187929913334,109.75564810593737,10.198039027185569,124.48187929913334,107.95564810593736,0.0,40.0,16.8,20.0,20.0,20.0,914,965,169,224,0
21,26,5.830951894845301,95.8309518948453,10.0,92.0,124.48187929913334,109.75564810593737,10.198039027185569,124.48187929913334,107.95564810593736,0.0,40.0,16.8,20.0,20.0,20.0,914,965,622,701,0
21,27,7.0,97.0,10.0,92.0,124.48187929913334,109.75564810593737,10.198039027185569,124.48187929913334,107.95564810593736,0.0,40.0,16.8,20.0,20.0,20.0,914,965,261,316,0
21,28,7.615773105863909,97.61577310586391,20.0,92.0,124.48187929913334,109.75564810593737,10.198039027185569,124.48187929913334,107.95564810593736,0.0,40.0,16.8,20.0,20.0,20.0,914,965,546,593,0
21,29,10.198039027185569,100.19803902718557,10.0,92.0,124.48187929913334,109.75564810593737,10.198039027185569,124.48187929913334,107.95564810593736,0.0,40.0,16.8,20.0,20.0,20.0,914,965,358,405,0
21,30,10.44030650891055,100.44030650891055,10.0,92.0,124.48187929913334,109.75564810593737,10.198039027185569,124.48187929913334,107.95564810593736,0.0,40.0,16.8,20.0,20.0,20.0,914,965,449,504,0
21,31,26.248809496813376,116.24880949681338,20.0,92.0,124.48187929913334,109.75564810593737,10.198039027185569,124.48187929913334,107.95564810593736,0.0,40.0,16.8,20.0,20.0,20.0,914,965,200,237,0
21,32,23.323807579381203,113.3238075793812,30.0,92.0,124.48187929913334,109.75564810593737,10.198039027185569,124.48187929913334,107.95564810593736,0.0,40.0,16.8,20.0,20.0,20.0,914,965,31,100,0
21,33,25.059928172283335,115.05992817228334,40.0,92.0,124.48187929913334,109.75564810593737,10.198039027185569,124.48187929913334,107.95564810593736,0.0,40.0,16.8,20.0,20.0,20.0,914,965,87,158,0
21,34,23.08679276123039,113.08679276123038,20.0,92.0,124.48187929913334,109.75564810593737,10.198039027185569,124.48187929913334,107.95564810593736,0.0,40.0,16.8,20.0,20.0,20.0,914,965,751,816,0
21,35,30.23243291566195,120.23243291566195,10.0,92.0,124.48187929913334,109.75564810593737,10.198039027185569,124.48187929913334,107.95564810593736,0.0,40.0,16.8,20.0,20.0,20.0,914,965,283,344,0
21,36,25.96150997149434,115.96150997149434,10.0,92.0,124.48187929913334,109.75564810593737,10.198039027185569,124.48187929913334,107.95564810593736,0.0,40.0,16.8,20.0,20.0,20.0,914,965,665,716,0
21,37,30.463092423455635,120.46309242345563,20.0,92.0,124.48187929913334,109.75564810593737,10.198039027185569,124.48187929913334,107.95564810593736,0.0,40.0,16.8,20.0,20.0,20.0,914,965,383,434,0
21,38,32.31098884280702,122.31098884280702,30.0,92.0,124.48187929913334,109.75564810593737,10.198039027185569,124.48187929913334,107.95564810593736,0.0,40.0,16.8,20.0,20.0,20.0,914,965,479,522,0
21,39,30.805843601498726,120.80584360149872,20.0,92.0,124.48187929913334,109.75564810593737,10.198039027185569,124.48187929913334,107.95564810593736,0.0,40.0,16.8,20.0,20.0,20.0,914,965,567,624,0
21,40,22.561028345356956,112.56102834535696,10.0,92.0,124.48187929913334,109.75564810593737,10.198039027185569,124.48187929913334,107.95564810593736,0.0,40.0,16.8,20.0,20.0,20.0,914,965,264,321,0
21,41,20.615528128088304,110.6155281280883,10.0,92.0,124.48187929913334,109.75564810593737,10.198039027185569,124.48187929913334,107.95564810593736,0.0,40.0,16.8,20.0,20.0,20.0,914,965,166,235,0
21,42,20.223748416156685,110.22374841615668,20.0,92.0,124.48187929913334,109.75564810593737,10.198039027185569,124.48187929913334,107.95564810593736,0.0,40.0,16.8,20.0,20.0,20.0,914,965,68,149,0
21,43,17.26267650163207,107.26267650163207,10.0,92.0,124.48187929913334,109.75564810593737,10.198039027185569,124.48187929913334,107.95564810593736,0.0,40.0,16.8,20.0,20.0,20.0,914,965,16,80,0
21,44,22.090722034374522,112.09072203437452,10.0,92.0,124.48187929913334,109.75564810593737,10.198039027185569,124.48187929913334,107.95564810593736,0.0,40.0,16.8,20.0,20.0,20.0,914,965,359,412,0
21,45,22.0,112.0,10.0,92.0,124.48187929913334,109.75564810593737,10.198039027185569,124.48187929913334,107.95564810593736,0.0,40.0,16.8,20.0,20.0,20.0,914,965,541,600,0
21,46,20.0,110.0,30.0,92.0,124.48187929913334,109.75564810593737,10.198039027185569,124.48187929913334,107.95564810593736,0.0,40.0,16.8,20.0,20.0,20.0,914,965,448,509,0
21,47,17.0,107.0,10.0,92.0,124.48187929913334,109.75564810593737,10.198039027185569,124.48187929913334,107.95564810593736,0.0,40.0,16.8,20.0,20.0,20.0,914,965,1054,1127,0
21,48,22.090722034374522,112.09072203437452,10.0,92.0,124.48187929913334,109.75564810593737,10.198039027185569,124.48187929913334,107.95564810593736,0.0,40.0,16.8,20.0,20.0,20.0,914,965,632,693,0
21,49,17.11724276862369,107.1172427686237,10.0,92.0,124.48187929913334,109.75564810593737,10.198039027185569,124.48187929913334,107.95564810593736,0.0,40.0,16.8,20.0,20.0,20.0,914,965,1001,1066,1
21,50,20.396078054371138,110.39607805437115,10.0,92.0,124.48187929913334,109.75564810593737,10.198039027185569,124.48187929913334,107.95564810593736,0.0,40.0,16.8,20.0,20.0,20.0,914,965,815,880,0
22,0,12.165525060596439,102.16552506059644,0.0,92.0,123.95585369269929,109.40515494173891,12.165525060596439,123.95585369269929,107.60515494173892,0.0,40.0,16.8,20.0,20.0,20.0,812,883,0,1236,1
22,1,23.345235059857504,113.3452350598575,10.0,92.0,123.95585369269929,109.40515494173891,12.165525060596439,123.95585369269929,107.60515494173892,0.0,40.0,16.8,20.0,20.0,20.0,812,883,912,967,0
22,2,24.758836806279895,114.7588368062799,30.0,92.0,123.95585369269929,109.40515494173891,12.165525060596439,123.95585369269929,107.60515494173892,0.0,40.0,16.8,20.0,20.0,20.0,812,883,825,870,0
22,3,19.79898987322333,109.79898987322333,10.0,92.0,123.95585369269929,109.40515494173891,12.165525060596439,123.95585369269929,107.60515494173892,0.0,40.0,16.8,20.0,20.0,20.0,812,883,65,146,0
22,4,21.2602916254693,111.2602916254693,10.0,92.0,123.95585369269929,109.40515494173891,12.165525060596439,123.95585369269929,107.60515494173892,0.0,40.0,16.8,20.0,20.0,20.0,812,883,727,782,0
22,5,19.1049731745428,109.1049731745428,10.0,92.0,123.95585369269929,109.40515494173891,12.165525060596439,123.95585369269929,107.60515494173892,0.0,40.0,16.8,20.0,20.0,20.0,812,883,15,67,0
22,6,20.808652046684813,110.80865204668481,20.0,92.0,123.95585369269929,109.40515494173891,12.165525060596439,123.95585369269929,107.60515494173892,0.0,40.0,16.8,20.0,20.0,20.0,812,883,621,702,0
22,7,18.439088914585774,108.43908891458577,20.0,92.0,123.95585369269929,109.40515494173891,12.165525060596439,123.95585369269929,107.60515494173892,0.0,40.0,16.8,20.0,20.0,20.0,812,883,170,225,0
22,8,18.867962264113206,108.8679622641132,20.0,92.0,123.95585369269929,109.40515494173891,12.165525060596439,123.95585369269929,107.60515494173892,0.0,40.0,16.8,20.0,20.0,20.0,812,883,255,324,0
22,9,20.591260281974,110.591260281974,10.0,92.0,123.95585369269929,109.40515494173891,12.165525060596439,123.95585369269929,107.60515494173892,0.0,40.0,16.8,20.0,20.0,20.0,812,883,534,605,0
22,10,15.652475842498529,105.65247584249853,10.0,92.0,123.95585369269929,109.40515494173891,12.165525060596439,123.95585369269929,107.60515494173892,0.0,40.0,16.8,20.0,20.0,20.0,812,883,357,410,0
22,11,18.384776310850235,108.38477631085024,10.0,92.0,123.95585369269929,109.40515494173891,12.165525060596439,123.95585369269929,107.60515494173892,0.0,40.0,16.8,20.0,20.0,20.0,812,883,448,505,0
22,12,33.13608305156178,123.13608305156178,20.0,92.0,123.95585369269929,109.40515494173891,12.165525060596439,123.95585369269929,107.60515494173892,0.0,40.0,16.8,20.0,20.0,20.0,812,883,652,721,0
22,13,23.769728648009426,113.76972864800942,30.0,92.0,123.95585369269929,109.40515494173891,12.165525060596439,123.95585369269929,107.60515494173892,0.0,40.0,16.8,20.0,20.0,20.0,812,883,30,92,0
22,14,33.54101966249684,123.54101966249684,10.0,92.0,123.95585369269929,109.40515494173891,12.165525060596439,123.95585369269929,107.60515494173892,0.0,40.0,16.8,20.0,20.0,20.0,812,883,567,620,0
22,15,29.120439557122072,119.12043955712207,40.0,92.0,123.95585369269929,109.40515494173891,12.165525060596439,123.95585369269929,107.60515494173892,0.0,40.0,16.8,20.0,20.0,20.0,812,883,384,429,0
22,16,33.95585369269929,123.95585369269929,40.0,92.0,123.95585369269929,109.40515494173891,12.165525060596439,123.95585369269929,107.60515494173892,0.0,40.0,16.8,20.0,20.0,20.0,812,883,475,528,0
22,17,25.079872407968907,115.0798724079689,20.0,92.0,123.95585369269929,109.40515494173891,12.165525060596439,123.95585369269929,107.60515494173892,0.0,40.0,16.8,20.0,20.0,20.0,812,883,99,148,0
22,18,26.419689627245813,116.41968962724582,20.0,92.0,123.95585369269929,109.40515494173891,12.165525060596439,123.95585369269929,107.60515494173892,0.0,40.0,16.8,20.0,20.0,20.0,812,883,179,254,0
22,19,30.870698080866262,120.87069808086626,10.0,92.0,123.95585369269929,109.40515494173891,12.165525060596439,123.95585369269929,107.60515494173892,0.0,40.0,16.8,20.0,20.0,20.0,812,883,278,345,0
22,20,2.8284271247461903,92.82842712474618,10.0,92.0,123.95585369269929,109.40515494173891,12.165525060596439,123.95585369269929,107.60515494173892,0.0,40.0,16.8,20.0,20.0,20.0,812,883,10,73,0
22,21,2.0,92.0,20.0,92.0,123.95585369269929,109.40515494173891,12.165525060596439,123.95585369269929,107.60515494173892,0.0,40.0,16.8,20.0,20.0,20.0,812,883,914,965,1
22,23,3.0,93.0,10.0,92.0,123.95585369269929,109.40515494173891,12.165525060596439,123.95585369269929,107.60515494173892,0.0,40.0,16.8,20.0,20.0,20.0,812,883,732,777,0
22,24,3.605551275463989,93.605551275464,10.0,92.0,123.95585369269929,109.40515494173891,12.165525060596439,123.95585369269929,107.60515494173892,0.0,40.0,16.8,20.0,20.0,20.0,812,883,65,144,0
22,25,3.0,93.0,40.0,92.0,123.95585369269929,109.40515494173891,12.165525060596439,123.95585369269929,107.60515494173892,0.0,40.0,16.8,20.0,20.0,20.0,812,883,169,224,0
22,26,4.242640687119285,94.24264068711929,10.0,92.0,123.95585369269929,109.40515494173891,12.165525060596439,123.95585369269929,107.60515494173892,0.0,40.0,16.8,20.0,20.0,20.0,812,883,622,701,0
22,27,5.0,95.0,10.0,92.0,123.95585369269929,109.40515494173891,12.165525060596439,123.95585369269929,107.60515494173892,0.0,40.0,16.8,20.0,20.0,20.0,812,883,261,316,0
22,28,5.830951894845301,95.8309518948453,20.0,92.0,123.95585369269929,109.40515494173891,12.165525060596439,123.95585369269929,107.60515494173892,0.0,40.0,16.8,20.0,20.0,20.0,812,883,546,593,0
22,29,8.246211251235321,98.24621125123532,10.0,92.0,123.95585369269929,109.40515494173891,12.165525060596439,123.95585369269929,107.60515494173892,0.0,40.0,16.8,20.0,20.0,20.0,812,883,358,405,0
22,30,8.54400374531753,98.54400374531753,10.0,92.0,123.95585369269929,109.40515494173891,12.165525060596439,123.95585369269929,107.60515494173892,0.0,40.0,16.8,20.0,20.0,20.0,812,883,449,504,0
22,31,24.758836806279895,114.7588368062799,20.0,92.0,123.95585369269929,109.40515494173891,12.165525060596439,123.95585369269929,107.60515494173892,0.0,40.0,16.8,20.0,20.0,20.0,812,883,200,237,0
22,32,21.633307652783937,111.63330765278394,30.0,92.0,123.95585369269929,109.40515494173891,12.165525060596439,123.95585369269929,107.60515494173892,0.0,40.0,16.8,20.0,20.0,20.0,812,883,31,100,0
22,33,23.323807579381203,113.3238075793812,40.0,92.0,123.95585369269929,109.40515494173891,12.165525060596439,123.95585369269929,107.60515494173892,0.0,40.0,16.8,20.0,20.0,20.0,812,883,87,158,0
22,34,21.18962010041709,111.18962010041709,20.0,92.0,123.95585369269929,109.40515494173891,12.165525060596439,123.95585369269929,107.60515494173892,0.0,40.0,16.8,20.0,20.0,20.0,812,883,751,816,0
22,35,28.600699292150182,118.60069929215018,10.0,92.0,123.95585369269929,109.40515494173891,12.165525060596439,123.95585369269929,107.60515494173892,0.0,40.0,16.8,20.0,20.0,20.0,812,883,283,344,0
22,36,24.041630560342615,114.04163056034261,10.0,92.0,123.95585369269929,109.40515494173891,12.165525060596439,123.95585369269929,107.60515494173892,0.0,40.0,16.8,20.0,20.0,20.0,812,883,665,716,0
22,37,28.635642126552707,118.63564212655271,20.0,92.0,123.95585369269929,109.40515494173891,12.165525060596439,123.95585369269929,107.60515494173892,0.0,40.0,16.8,20.0,20.0,20.0,812,883,383,434,0
22,38,30.463092423455635,120.46309242345563,30.0,92.0,123.95585369269929,109.40515494173891,12.165525060596439,123.95585369269929,107.60515494173892,0.0,40.0,16.8,20.0,20.0,20.0,812,883,479,522,0
22,39,28.861739379323623,118.86173937932362,20.0,92.0,123.95585369269929,109.40515494173891,12.165525060596439,123.95585369269929,107.60515494173892,0.0,40.0,16.8,20.0,20.0,20.0,812,883,567,624,0
22,40,23.08679276123039,113.08679276123038,10.0,92.0,123.95585369269929,109.40515494173891,12.165525060596439,123.95585369269929,107.60515494173892,0.0,40.0,16.8,20.0,20.0,20.0,812,883,264,321,0
22,41,21.18962010041709,111.18962010041709,10.0,92.0,123.95585369269929,109.40515494173891,12.165525060596439,123.95585369269929,107.60515494173892,0.0,40.0,16.8,20.0,20.0,20.0,812,883,166,235,0
22,42,20.615528128088304,110.6155281280883,20.0,92.0,123.95585369269929,109.40515494173891,12.165525060596439,123.95585369269929,107.60515494173892,0.0,40.0,16.8,20.0,20.0,20.0,812,883,68,149,0
22,43,17.72004514666935,107.72004514666935,10.0,92.0,123.95585369269929,109.40515494173891,12.165525060596439,123.95585369269929,107.60515494173892,0.0,40.0,16.8,20.0,20.0,20.0,812,883,16,80,0
22,44,22.360679774997898,112.36067977499789,10.0,92.0,123.95585369269929,109.40515494173891,12.165525060596439,123.95585369269929,107.60515494173892,0.0,40.0,16.8,20.0,20.0,20.0,812,883,359,412,0
22,45,22.090722034374522,112.09072203437452,10.0,92.0,123.95585369269929,109.40515494173891,12.165525060596439,123.95585369269929,107.60515494173892,0.0,40.0,16.8,20.0,20.0,20.0,812,883,541,600,0
22,46,20.09975124224178,110.09975124224178,30.0,92.0,123.95585369269929,109.40515494173891,12.165525060596439,123.95585369269929,107.60515494173892,0.0,40.0,16.8,20.0,20.0,20.0,812,883,448,509,0
22,47,17.11724276862369,107.1172427686237,10.0,92.0,123.95585369269929,109.40515494173891,12.165525060596439,123.95585369269929,107.60515494173892,0.0,40.0,16.8,20.0,20.0,20.0,812,883,1054,1127,0
22,48,22.0,112.0,10.0,92.0,123.95585369269929,109.40515494173891,12.165525060596439,123.95585369269929,107.60515494173892,0.0,40.0,16.8,20.0,20.0,20.0,812,883,632,693,0
22,49,17.0,107.0,10.0,92.0,123.95585369269929,109.40515494173891,12.165525060596439,123.95585369269929,107.60515494173892,0.0,40.0,16.8,20.0,20.0,20.0,812,883,1001,1066,1
22,50,20.09975124224178,110.09975124224178,10.0,92.0,123.95585369269929,109.40515494173891,12.165525060596439,123.95585369269929,107.60515494173892,0.0,40.0,16.8,20.0,20.0,20.0,812,883,815,880,0
23,0,13.0,103.0,0.0,93.0,121.76476034853718,109.52532441439789,13.0,121.76476034853718,107.72532441439789,0.0,40.0,17.0,10.0,10.0,10.0,732,777,0,1236,1
23,1,21.400934559032695,111.40093455903269,10.0,93.0,121.76476034853718,109.52532441439789,13.0,121.76476034853718,107.72532441439789,0.0,40.0,17.0,10.0,10.0,10.0,732,777,912,967,1
23,2,22.67156809750927,112.67156809750927,30.0,93.0,121.76476034853718,109.52532441439789,13.0,121.76476034853718,107.72532441439789,0.0,40.0,17.0,10.0,10.0,10.0,732,777,825,870,1
23,3,17.804493814764857,107.80449381476485,10.0,93.0,121.76476034853718,109.52532441439789,13.0,121.76476034853718,107.72532441439789,0.0,40.0,17.0,10.0,10.0,10.0,732,777,65,146,0
23,4,19.1049731745428,109.1049731745428,10.0,93.0,121.76476034853718,109.52532441439789,13.0,121.76476034853718,107.72532441439789,0.0,40.0,17.0,10.0,10.0,10.0,732,777,727,782,0
23,5,17.204650534085253,107.20465053408526,10.0,93.0,121.76476034853718,109.52532441439789,13.0,121.76476034853718,107.72532441439789,0.0,40.0,17.0,10.0,10.0,10.0,732,777,15,67,0
23,6,18.439088914585774,108.43908891458577,20.0,93.0,121.76476034853718,109.52532441439789,13.0,121.76476034853718,107.72532441439789,0.0,40.0,17.0,10.0,10.0,10.0,732,777,621,702,0
23,7,16.278820596099706,106.2788205960997,20.0,93.0,121.76476034853718,109.52532441439789,13.0,121.76476034853718,107.72532441439789,0.0,40.0,17.0,10.0,10.0,10.0,732,777,170,225,0
23,8,16.401219466856727,106.40121946685673,20.0,93.0,121.76476034853718,109.52532441439789,13.0,121.76476034853718,107.72532441439789,0.0,40.0,17.0,10.0,10.0,10.0,732,777,255,324,0
23,9,18.027756377319946,108.02775637731995,10.0,93.0,121.76476034853718,109.52532441439789,13.0,121.76476034853718,107.72532441439789,0.0,40.0,17.0,10.0,10.0,10.0,732,777,534,605,0
23,10,13.038404810405298,103.0384048104053,10.0,93.0,121.76476034853718,109.52532441439789,13.0,121.76476034853718,107.72532441439789,0.0,40.0,17.0,10.0,10.0,10.0,732,777,357,410,0
23,11,15.652475842498529,105.65247584249853,10.0,93.0,121.76476034853718,109.52532441439789,13.0,121.76476034853718,107.72532441439789,0.0,40.0,17.0,10.0,10.0,10.0,732,777,448,505,0
23,12,30.14962686336267,120.14962686336267,20.0,93.0,121.76476034853718,109.52532441439789,13.0,121.76476034853718,107.72532441439789,0.0,40.0,17.0,10.0,10.0,10.0,732,777,652,721,0
23,13,20.8806130178211,110.8806130178211,30.0,93.0,121.76476034853718,109.52532441439789,13.0,121.76476034853718,107.72532441439789,0.0,40.0,17.0,10.0,10.0,10.0,732,777,30,92,0
23,14,30.59411708155671,120.5941170815567,10.0,93.0,121.76476034853718,109.52532441439789,13.0,121.76476034853718,107.72532441439789,0.0,40.0,17.0,10.0,10.0,10.0,732,777,567,620,0
23,15,26.248809496813376,116.24880949681338,40.0,93.0,121.76476034853718,109.52532441439789,13.0,121.76476034853718,107.72532441439789,0.0,40.0,17.0,10.0,10.0,10.0,732,777,384,429,0
23,16,31.04834939252005,121.04834939252005,40.0,93.0,121.76476034853718,109.52532441439789,13.0,121.76476034853718,107.72532441439789,0.0,40.0,17.0,10.0,10.0,10.0,732,777,475,528,0
23,17,22.360679774997898,112.36067977499789,20.0,93.0,121.76476034853718,109.52532441439789,13.0,121.76476034853718,107.72532441439789,0.0,40.0,17.0,10.0,10.0,10.0,732,777,99,148,0
23,18,23.853720883753127,113.85372088375313,20.0,93.0,121.76476034853718,109.52532441439789,13.0,121.76476034853718,107.72532441439789,0.0,40.0,17.0,10.0,10.0,10.0,732,777,179,254,0
23,19,28.178005607210743,118.17800560721074,10.0,93.0,121.76476034853718,109.52532441439789,13.0,121.76476034853718,107.72532441439789,0.0,40.0,17.0,10.0,10.0,10.0,732,777,278,345,0
23,20,5.385164807134504,95.3851648071345,10.0,93.0,121.76476034853718,109.52532441439789,13.0,121.76476034853718,107.72532441439789,0.0,40.0,17.0,10.0,10.0,10.0,732,777,10,73,0
23,21,3.605551275463989,93.605551275464,20.0,93.0,121.76476034853718,109.52532441439789,13.0,121.76476034853718,107.72532441439789,0.0,40.0,17.0,10.0,10.0,10.0,732,777,914,965,1
23,22,3.0,93.0,20.0,93.0,121.76476034853718,109.52532441439789,13.0,121.76476034853718,107.72532441439789,0.0,40.0,17.0,10.0,10.0,10.0,732,777,812,883,1
23,24,5.830951894845301,95.8309518948453,10.0,93.0,121.76476034853718,109.52532441439789,13.0,121.76476034853718,107.72532441439789,0.0,40.0,17.0,10.0,10.0,10.0,732,777,65,144,0
23,25,4.242640687119285,94.24264068711929,40.0,93.0,121.76476034853718,109.52532441439789,13.0,121.76476034853718,107.72532441439789,0.0,40.0,17.0,10.0,10.0,10.0,732,777,169,224,0
23,26,3.0,93.0,10.0,93.0,121.76476034853718,109.52532441439789,13.0,121.76476034853718,107.72532441439789,0.0,40.0,17.0,10.0,10.0,10.0,732,777,622,701,0
23,27,5.830951894845301,95.8309518948453,10.0,93.0,121.76476034853718,109.52532441439789,13.0,121.76476034853718,107.72532441439789,0.0,40.0,17.0,10.0,10.0,10.0,732,777,261,316,0
23,28,5.0,95.0,20.0,93.0,121.76476034853718,109.52532441439789,13.0,121.76476034853718,107.72532441439789,0.0,40.0,17.0,10.0,10.0,10.0,732,777,546,593,0
23,29,9.433981132056603,99.4339811320566,10.0,93.0,121.76476034853718,109.52532441439789,13.0,121.76476034853718,107.72532441439789,0.0,40.0,17.0,10.0,10.0,10.0,732,777,358,405,0
23,30,8.0,98.0,10.0,93.0,121.76476034853718,109.52532441439789,13.0,121.76476034853718,107.72532441439789,0.0,40.0,17.0,10.0,10.0,10.0,732,777,449,504,0
23,31,26.90724809414742,116.90724809414742,20.0,93.0,121.76476034853718,109.52532441439789,13.0,121.76476034853718,107.72532441439789,0.0,40.0,17.0,10.0,10.0,10.0,732,777,200,237,0
23,32,23.430749027719962,113.43074902771997,30.0,93.0,121.76476034853718,109.52532441439789,13.0,121.76476034853718,107.72532441439789,0.0,40.0,17.0,10.0,10.0,10.0,732,777,31,100,0
23,33,25.0,115.0,40.0,93.0,121.76476034853718,109.52532441439789,13.0,121.76476034853718,107.72532441439789,0.0,40.0,17.0,10.0,10.0,10.0,732,777,87,158,0
23,34,22.360679774997898,112.36067977499789,20.0,93.0,121.76476034853718,109.52532441439789,13.0,121.76476034853718,107.72532441439789,0.0,40.0,17.0,10.0,10.0,10.0,732,777,751,816,0
23,35,30.479501308256342,120.47950130825635,10.0,93.0,121.76476034853718,109.52532441439789,13.0,121.76476034853718,107.72532441439789,0.0,40.0,17.0,10.0,10.0,10.0,732,777,283,344,0
23,36,25.079872407968907,115.0798724079689,10.0,93.0,121.76476034853718,109.52532441439789,13.0,121.76476034853718,107.72532441439789,0.0,40.0,17.0,10.0,10.0,10.0,732,777,665,716,0
23,37,30.01666203960727,120.01666203960727,20.0,93.0,121.76476034853718,109.52532441439789,13.0,121.76476034853718,107.72532441439789,0.0,40.0,17.0,10.0,10.0,10.0,732,777,383,434,0
23,38,31.76476034853718,121.76476034853718,30.0,93.0,121.76476034853718,109.52532441439789,13.0,121.76476034853718,107.72532441439789,0.0,40.0,17.0,10.0,10.0,10.0,732,777,479,522,0
23,39,29.732137494637012,119.73213749463702,20.0,93.0,121.76476034853718,109.52532441439789,13.0,121.76476034853718,107.72532441439789,0.0,40.0,17.0,10.0,10.0,10.0,732,777,567,624,0
23,40,25.96150997149434,115.96150997149434,10.0,93.0,121.76476034853718,109.52532441439789,13.0,121.76476034853718,107.72532441439789,0.0,40.0,17.0,10.0,10.0,10.0,732,777,264,321,0
23,41,24.041630560342615,114.04163056034261,10.0,93.0,121.76476034853718,109.52532441439789,13.0,121.76476034853718,107.72532441439789,0.0,40.0,17.0,10.0,10.0,10.0,732,777,166,235,0
23,42,23.53720459187964,113.53720459187964,20.0,93.0,121.76476034853718,109.52532441439789,13.0,121.76476034853718,107.72532441439789,0.0,40.0,17.0,10.0,10.0,10.0,732,777,68,149,0
23,43,20.615528128088304,110.6155281280883,10.0,93.0,121.76476034853718,109.52532441439789,13.0,121.76476034853718,107.72532441439789,0.0,40.0,17.0,10.0,10.0,10.0,732,777,16,80,0
23,44,25.317977802344327,115.31797780234433,10.0,93.0,121.76476034853718,109.52532441439789,13.0,121.76476034853718,107.72532441439789,0.0,40.0,17.0,10.0,10.0,10.0,732,777,359,412,0
23,45,25.079872407968907,115.0798724079689,10.0,93.0,121.76476034853718,109.52532441439789,13.0,121.76476034853718,107.72532441439789,0.0,40.0,17.0,10.0,10.0,10.0,732,777,541,600,0
23,46,23.08679276123039,113.08679276123038,30.0,93.0,121.76476034853718,109.52532441439789,13.0,121.76476034853718,107.72532441439789,0.0,40.0,17.0,10.0,10.0,10.0,732,777,448,509,0
23,47,20.09975124224178,110.09975124224178,10.0,93.0,121.76476034853718,109.52532441439789,13.0,121.76476034853718,107.72532441439789,0.0,40.0,17.0,10.0,10.0,10.0,732,777,1054,1127,0
23,48,25.0,115.0,10.0,93.0,121.76476034853718,109.52532441439789,13.0,121.76476034853718,107.72532441439789,0.0,40.0,17.0,10.0,10.0,10.0,732,777,632,693,0
23,49,20.0,110.0,10.0,93.0,121.76476034853718,109.52532441439789,13.0,121.76476034853718,107.72532441439789,0.0,40.0,17.0,10.0,10.0,10.0,732,777,1001,1066,0
23,50,23.08679276123039,113.08679276123038,10.0,93.0,121.76476034853718,109.52532441439789,13.0,121.76476034853718,107.72532441439789,0.0,40.0,17.0,10.0,10.0,10.0,732,777,815,880,0
24,0,15.0,105.0,0.0,92.0,125.35533905932738,109.50984990871162,15.0,125.35533905932738,107.70984990871162,0.0,40.0,17.0,10.0,10.0,10.0,65,144,0,1236,1
24,1,26.90724809414742,116.90724809414742,10.0,92.0,125.35533905932738,109.50984990871162,15.0,125.35533905932738,107.70984990871162,0.0,40.0,17.0,10.0,10.0,10.0,65,144,912,967,0
24,2,28.284271247461902,118.2842712474619,30.0,92.0,125.35533905932738,109.50984990871162,15.0,125.35533905932738,107.70984990871162,0.0,40.0,17.0,10.0,10.0,10.0,65,144,825,870,0
24,3,23.345235059857504,113.3452350598575,10.0,92.0,125.35533905932738,109.50984990871162,15.0,125.35533905932738,107.70984990871162,0.0,40.0,17.0,10.0,10.0,10.0,65,144,65,146,0
24,4,24.758836806279895,114.7588368062799,10.0,92.0,125.35533905932738,109.50984990871162,15.0,125.35533905932738,107.70984990871162,0.0,40.0,17.0,10.0,10.0,10.0,65,144,727,782,0
24,5,22.67156809750927,112.67156809750927,10.0,92.0,125.35533905932738,109.50984990871162,15.0,125.35533905932738,107.70984990871162,0.0,40.0,17.0,10.0,10.0,10.0,65,144,15,67,0
24,6,24.20743687382041,114.20743687382041,20.0,92.0,125.35533905932738,109.50984990871162,15.0,125.35533905932738,107.70984990871162,0.0,40.0,17.0,10.0,10.0,10.0,65,144,621,702,0
24,7,21.93171219946131,111.93171219946132,20.0,92.0,125.35533905932738,109.50984990871162,15.0,125.35533905932738,107.70984990871162,0.0,40.0,17.0,10.0,10.0,10.0,65,144,170,225,0
24,8,22.20360331117452,112.20360331117452,20.0,92.0,125.35533905932738,109.50984990871162,15.0,125.35533905932738,107.70984990871162,0.0,40.0,17.0,10.0,10.0,10.0,65,144,255,324,0
24,9,23.853720883753127,113.85372088375313,10.0,92.0,125.35533905932738,109.50984990871162,15.0,125.35533905932738,107.70984990871162,0.0,40.0,17.0,10.0,10.0,10.0,65,144,534,605,0
24,10,18.867962264113206,108.8679622641132,10.0,92.0,125.35533905932738,109.50984990871162,15.0,125.35533905932738,107.70984990871162,0.0,40.0,17.0,10.0,10.0,10.0,65,144,357,410,0
24,11,21.470910553583888,111.47091055358389,10.0,92.0,125.35533905932738,109.50984990871162,15.0,125.35533905932738,107.70984990871162,0.0,40.0,17.0,10.0,10.0,10.0,65,144,448,505,0
24,12,35.0,125.0,20.0,92.0,125.35533905932738,109.50984990871162,15.0,125.35533905932738,107.70984990871162,0.0,40.0,17.0,10.0,10.0,10.0,65,144,652,721,0
24,13,25.179356624028344,115.17935662402834,30.0,92.0,125.35533905932738,109.50984990871162,15.0,125.35533905932738,107.70984990871162,0.0,40.0,17.0,10.0,10.0,10.0,65,144,30,92,0
24,14,35.12833614050059,125.1283361405006,10.0,92.0,125.35533905932738,109.50984990871162,15.0,125.35533905932738,107.70984990871162,0.0,40.0,17.0,10.0,10.0,10.0,65,144,567,620,0
24,15,30.4138126514911,120.4138126514911,40.0,92.0,125.35533905932738,109.50984990871162,15.0,125.35533905932738,107.70984990871162,0.0,40.0,17.0,10.0,10.0,10.0,65,144,384,429,0
24,16,35.35533905932738,125.35533905932738,40.0,92.0,125.35533905932738,109.50984990871162,15.0,125.35533905932738,107.70984990871162,0.0,40.0,17.0,10.0,10.0,10.0,65,144,475,528,0
24,17,25.96150997149434,115.96150997149434,20.0,92.0,125.35533905932738,109.50984990871162,15.0,125.35533905932738,107.70984990871162,0.0,40.0,17.0,10.0,10.0,10.0,65,144,99,148,0
24,18,26.92582403567252,116.92582403567252,20.0,92.0,125.35533905932738,109.50984990871162,15.0,125.35533905932738,107.70984990871162,0.0,40.0,17.0,10.0,10.0,10.0,65,144,179,254,1
24,19,31.622776601683793,121.6227766016838,10.0,92.0,125.35533905932738,109.50984990871162,15.0,125.35533905932738,107.70984990871162,0.0,40.0,17.0,10.0,10.0,10.0,65,144,278,345,1
24,20,5.0,95.0,10.0,92.0,125.35533905932738,109.50984990871162,15.0,125.35533905932738,107.70984990871162,0.0,40.0,17.0,10.0,10.0,10.0,65,144,10,73,0
24,21,5.385164807134504,95.3851648071345,20.0,92.0,125.35533905932738,109.50984990871162,15.0,125.35533905932738,107.70984990871162,0.0,40.0,17.0,10.0,10.0,10.0,65,144,914,965,0
24,22,3.605551275463989,93.605551275464,20.0,92.0,125.35533905932738,109.50984990871162,15.0,125.35533905932738,107.70984990871162,0.0,40.0,17.0,10.0,10.0,10.0,65,144,812,883,0
24,23,5.830951894845301,95.8309518948453,10.0,92.0,125.35533905932738,109.50984990871162,15.0,125.35533905932738,107.70984990871162,0.0,40.0,17.0,10.0,10.0,10.0,65,144,732,777,0
24,25,2.0,92.0,40.0,92.0,125.35533905932738,109.50984990871162,15.0,125.35533905932738,107.70984990871162,0.0,40.0,17.0,10.0,10.0,10.0,65,144,169,224,1
24,26,5.0,95.0,10.0,92.0,125.35533905932738,109.50984990871162,15.0,125.35533905932738,107.70984990871162,0.0,40.0,17.0,10.0,10.0,10.0,65,144,622,701,0
24,27,2.8284271247461903,92.82842712474618,10.0,92.0,125.35533905932738,109.50984990871162,15.0,125.35533905932738,107.70984990871162,0.0,40.0,17.0,10.0,10.0,10.0,65,144,261,316,1
24,28,5.385164807134504,95.3851648071345,20.0,92.0,125.35533905932738,109.50984990871162,15.0,125.35533905932738,107.70984990871162,0.0,40.0,17.0,10.0,10.0,10.0,65,144,546,593,0
24,29,5.0,95.0,10.0,92.0,125.35533905932738,109.50984990871162,15.0,125.35533905932738,107.70984990871162,0.0,40.0,17.0,10.0,10.0,10.0,65,144,358,405,1
24,30,7.0710678118654755,97.07106781186548,10.0,92.0,125.35533905932738,109.50984990871162,15.0,125.35533905932738,107.70984990871162,0.0,40.0,17.0,10.0,10.0,10.0,65,144,449,504,0
24,31,21.213203435596427,111.21320343559643,20.0,92.0,125.35533905932738,109.50984990871162,15.0,125.35533905932738,107.70984990871162,0.0,40.0,17.0,10.0,10.0,10.0,65,144,200,237,1
24,32,18.027756377319946,108.02775637731995,30.0,92.0,125.35533905932738,109.50984990871162,15.0,125.35533905932738,107.70984990871162,0.0,40.0,17.0,10.0,10.0,10.0,65,144,31,100,0
24,33,19.72308292331602,109.72308292331601,40.0,92.0,125.35533905932738,109.50984990871162,15.0,125.35533905932738,107.70984990871162,0.0,40.0,17.0,10.0,10.0,10.0,65,144,87,158,0
24,34,17.72004514666935,107.72004514666935,20.0,92.0,125.35533905932738,109.50984990871162,15.0,125.35533905932738,107.70984990871162,0.0,40.0,17.0,10.0,10.0,10.0,65,144,751,816,0
24,35,25.0,115.0,10.0,92.0,125.35533905932738,109.50984990871162,15.0,125.35533905932738,107.70984990871162,0.0,40.0,17.0,10.0,10.0,10.0,65,144,283,344,0
24,36,20.615528128088304,110.6155281280883,10.0,92.0,125.35533905932738,109.50984990871162,15.0,125.35533905932738,107.70984990871162,0.0,40.0,17.0,10.0,10.0,10.0,65,144,665,716,0
24,37,25.079872407968907,115.0798724079689,20.0,92.0,125.35533905932738,109.50984990871162,15.0,125.35533905932738,107.70984990871162,0.0,40.0,17.0,10.0,10.0,10.0,65,144,383,434,0
24,38,26.92582403567252,116.92582403567252,30.0,92.0,125.35533905932738,109.50984990871162,15.0,125.35533905932738,107.70984990871162,0.0,40.0,17.0,10.0,10.0,10.0,65,144,479,522,0
24,39,25.495097567963924,115.49509756796392,20.0,92.0,125.35533905932738,109.50984990871162,15.0,125.35533905932738,107.70984990871162,0.0,40.0,17.0,10.0,10.0,10.0,65,144,567,624,0
24,40,22.360679774997898,112.36067977499789,10.0,92.0,125.35533905932738,109.50984990871162,15.0,125.35533905932738,107.70984990871162,0.0,40.0,17.0,10.0,10.0,10.0,65,144,264,321,0
24,41,20.591260281974,110.591260281974,10.0,92.0,125.35533905932738,109.50984990871162,15.0,125.35533905932738,107.70984990871162,0.0,40.0,17.0,10.0,10.0,10.0,65,144,166,235,1
24,42,19.697715603592208,109.6977156035922,20.0,92.0,125.35533905932738,109.50984990871162,15.0,125.35533905932738,107.70984990871162,0.0,40.0,17.0,10.0,10.0,10.0,65,144,68,149,0
24,43,17.0,107.0,10.0,92.0,125.35533905932738,109.50984990871162,15.0,125.35533905932738,107.70984990871162,0.0,40.0,17.0,10.0,10.0,10.0,65,144,16,80,0
24,44,21.18962010041709,111.18962010041709,10.0,92.0,125.35533905932738,109.50984990871162,15.0,125.35533905932738,107.70984990871162,0.0,40.0,17.0,10.0,10.0,10.0,65,144,359,412,0
24,45,20.615528128088304,110.6155281280883,10.0,92.0,125.35533905932738,109.50984990871162,15.0,125.35533905932738,107.70984990871162,0.0,40.0,17.0,10.0,10.0,10.0,65,144,541,600,0
24,46,18.681541692269406,108.6815416922694,30.0,92.0,125.35533905932738,109.50984990871162,15.0,125.35533905932738,107.70984990871162,0.0,40.0,17.0,10.0,10.0,10.0,65,144,448,509,0
24,47,15.811388300841896,105.8113883008419,10.0,92.0,125.35533905932738,109.50984990871162,15.0,125.35533905932738,107.70984990871162,0.0,40.0,17.0,10.0,10.0,10.0,65,144,1054,1127,0
24,48,20.223748416156685,110.22374841615668,10.0,92.0,125.35533905932738,109.50984990871162,15.0,125.35533905932738,107.70984990871162,0.0,40.0,17.0,10.0,10.0,10.0,65,144,632,693,0
24,49,15.297058540778355,105.29705854077835,10.0,92.0,125.35533905932738,109.50984990871162,15.0,125.35533905932738,107.70984990871162,0.0,40.0,17.0,10.0,10.0,10.0,65,144,1001,1066,0
24,50,18.027756377319946,108.02775637731995,10.0,92.0,125.35533905932738,109.50984990871162,15.0,125.35533905932738,107.70984990871162,0.0,40.0,17.0,10.0,10.0,10.0,65,144,815,880,0
25,0,15.132745950421556,105.13274595042155,0.0,92.0,123.37663853655727,109.30578933627741,15.132745950421556,123.37663853655727,107.50578933627742,0.0,40.0,16.4,40.0,40.0,40.0,169,224,0,1236,1
25,1,25.612496949731394,115.6124969497314,10.0,92.0,123.37663853655727,109.30578933627741,15.132745950421556,123.37663853655727,107.50578933627742,0.0,40.0,16.4,40.0,40.0,40.0,169,224,912,967,0
25,2,26.90724809414742,116.90724809414742,30.0,92.0,123.37663853655727,109.30578933627741,15.132745950421556,123.37663853655727,107.50578933627742,0.0,40.0,16.4,40.0,40.0,40.0,169,224,825,870,0
25,3,22.02271554554524,112.02271554554524,10.0,92.0,123.37663853655727,109.30578933627741,15.132745950421556,123.37663853655727,107.50578933627742,0.0,40.0,16.4,40.0,40.0,40.0,169,224,65,146,0
25,4,23.345235059857504,113.3452350598575,10.0,92.0,123.37663853655727,109.30578933627741,15.132745950421556,123.37663853655727,107.50578933627742,0.0,40.0,16.4,40.0,40.0,40.0,169,224,727,782,0
25,5,21.400934559032695,111.40093455903269,10.0,92.0,123.37663853655727,109.30578933627741,15.132745950421556,123.37663853655727,107.50578933627742,0.0,40.0,16.4,40.0,40.0,40.0,169,224,15,67,0
25,6,22.67156809750927,112.67156809750927,20.0,92.0,123.37663853655727,109.30578933627741,15.132745950421556,123.37663853655727,107.50578933627742,0.0,40.0,16.4,40.0,40.0,40.0,169,224,621,702,0
25,7,20.518284528683193,110.5182845286832,20.0,92.0,123.37663853655727,109.30578933627741,15.132745950421556,123.37663853655727,107.50578933627742,0.0,40.0,16.4,40.0,40.0,40.0,169,224,170,225,0
25,8,20.615528128088304,110.6155281280883,20.0,92.0,123.37663853655727,109.30578933627741,15.132745950421556,123.37663853655727,107.50578933627742,0.0,40.0,16.4,40.0,40.0,40.0,169,224,255,324,1
25,9,22.20360331117452,112.20360331117452,10.0,92.0,123.37663853655727,109.30578933627741,15.132745950421556,123.37663853655727,107.50578933627742,0.0,40.0,16.4,40.0,40.0,40.0,169,224,534,605,0
25,10,17.204650534085253,107.20465053408526,10.0,92.0,123.37663853655727,109.30578933627741,15.132745950421556,123.37663853655727,107.50578933627742,0.0,40.0,16.4,40.0,40.0,40.0,169,224,357,410,1
25,11,19.72308292331602,109.72308292331601,10.0,92.0,123.37663853655727,109.30578933627741,15.132745950421556,123.37663853655727,107.50578933627742,0.0,40.0,16.4,40.0,40.0,40.0,169,224,448,505,0
25,12,33.0,123.0,20.0,92.0,123.37663853655727,109.30578933627741,15.132745950421556,123.37663853655727,107.50578933627742,0.0,40.0,16.4,40.0,40.0,40.0,169,224,652,721,0
25,13,23.194827009486403,113.1948270094864,30.0,92.0,123.37663853655727,109.30578933627741,15.132745950421556,123.37663853655727,107.50578933627742,0.0,40.0,16.4,40.0,40.0,40.0,169,224,30,92,0
25,14,33.13608305156178,123.13608305156178,10.0,92.0,123.37663853655727,109.30578933627741,15.132745950421556,123.37663853655727,107.50578933627742,0.0,40.0,16.4,40.0,40.0,40.0,169,224,567,620,0
25,15,28.442925306655784,118.44292530665578,40.0,92.0,123.37663853655727,109.30578933627741,15.132745950421556,123.37663853655727,107.50578933627742,0.0,40.0,16.4,40.0,40.0,40.0,169,224,384,429,1
25,16,33.37663853655727,123.37663853655727,40.0,92.0,123.37663853655727,109.30578933627741,15.132745950421556,123.37663853655727,107.50578933627742,0.0,40.0,16.4,40.0,40.0,40.0,169,224,475,528,0
25,17,24.041630560342615,114.04163056034261,20.0,92.0,123.37663853655727,109.30578933627741,15.132745950421556,123.37663853655727,107.50578933627742,0.0,40.0,16.4,40.0,40.0,40.0,169,224,99,148,0
25,18,25.079872407968907,115.0798724079689,20.0,92.0,123.37663853655727,109.30578933627741,15.132745950421556,123.37663853655727,107.50578933627742,0.0,40.0,16.4,40.0,40.0,40.0,169,224,179,254,0
25,19,29.732137494637012,119.73213749463702,10.0,92.0,123.37663853655727,109.30578933627741,15.132745950421556,123.37663853655727,107.50578933627742,0.0,40.0,16.4,40.0,40.0,40.0,169,224,278,345,1
25,20,5.385164807134504,95.3851648071345,10.0,92.0,123.37663853655727,109.30578933627741,15.132745950421556,123.37663853655727,107.50578933627742,0.0,40.0,16.4,40.0,40.0,40.0,169,224,10,73,0
25,21,5.0,95.0,20.0,92.0,123.37663853655727,109.30578933627741,15.132745950421556,123.37663853655727,107.50578933627742,0.0,40.0,16.4,40.0,40.0,40.0,169,224,914,965,0
25,22,3.0,93.0,20.0,92.0,123.37663853655727,109.30578933627741,15.132745950421556,123.37663853655727,107.50578933627742,0.0,40.0,16.4,40.0,40.0,40.0,169,224,812,883,0
25,23,4.242640687119285,94.24264068711929,10.0,92.0,123.37663853655727,109.30578933627741,15.132745950421556,123.37663853655727,107.50578933627742,0.0,40.0,16.4,40.0,40.0,40.0,169,224,732,777,0
25,24,2.0,92.0,10.0,92.0,123.37663853655727,109.30578933627741,15.132745950421556,123.37663853655727,107.50578933627742,0.0,40.0,16.4,40.0,40.0,40.0,169,224,65,144,0
25,26,3.0,93.0,10.0,92.0,123.37663853655727,109.30578933627741,15.132745950421556,123.37663853655727,107.50578933627742,0.0,40.0,16.4,40.0,40.0,40.0,169,224,622,701,1
25,27,2.0,92.0,10.0,92.0,123.37663853655727,109.30578933627741,15.132745950421556,123.37663853655727,107.50578933627742,0.0,40.0,16.4,40.0,40.0,40.0,169,224,261,316,1
25,28,3.605551275463989,93.605551275464,20.0,92.0,123.37663853655727,109.30578933627741,15.132745950421556,123.37663853655727,107.50578933627742,0.0,40.0,16.4,40.0,40.0,40.0,169,224,546,593,1
25,29,5.385164807134504,95.3851648071345,10.0,92.0,123.37663853655727,109.30578933627741,15.132745950421556,123.37663853655727,107.50578933627742,0.0,40.0,16.4,40.0,40.0,40.0,169,224,358,405,1
25,30,5.830951894845301,95.8309518948453,10.0,92.0,123.37663853655727,109.30578933627741,15.132745950421556,123.37663853655727,107.50578933627742,0.0,40.0,16.4,40.0,40.0,40.0,169,224,449,504,1
25,31,22.67156809750927,112.67156809750927,20.0,92.0,123.37663853655727,109.30578933627741,15.132745950421556,123.37663853655727,107.50578933627742,0.0,40.0,16.4,40.0,40.0,40.0,169,224,200,237,0
25,32,19.209372712298546,109.20937271229855,30.0,92.0,123.37663853655727,109.30578933627741,15.132745950421556,123.37663853655727,107.50578933627742,0.0,40.0,16.4,40.0,40.0,40.0,169,224,31,100,0
25,33,20.808652046684813,110.80865204668481,40.0,92.0,123.37663853655727,109.30578933627741,15.132745950421556,123.37663853655727,107.50578933627742,0.0,40.0,16.4,40.0,40.0,40.0,169,224,87,158,0
25,34,18.384776310850235,108.38477631085024,20.0,92.0,123.37663853655727,109.30578933627741,15.132745950421556,123.37663853655727,107.50578933627742,0.0,40.0,16.4,40.0,40.0,40.0,169,224,751,816,0
25,35,26.248809496813376,116.24880949681338,10.0,92.0,123.37663853655727,109.30578933627741,15.132745950421556,123.37663853655727,107.50578933627742,0.0,40.0,16.4,40.0,40.0,40.0,169,224,283,344,0
25,36,21.18962010041709,111.18962010041709,10.0,92.0,123.37663853655727,109.30578933627741,15.132745950421556,123.37663853655727,107.50578933627742,0.0,40.0,16.4,40.0,40.0,40.0,169,224,665,716,0
25,37,25.942243542145693,115.94224354214569,20.0,92.0,123.37663853655727,109.30578933627741,15.132745950421556,123.37663853655727,107.50578933627742,0.0,40.0,16.4,40.0,40.0,40.0,169,224,383,434,0
25,38,27.730849247724095,117.7308492477241,30.0,92.0,123.37663853655727,109.30578933627741,15.132745950421556,123.37663853655727,107.50578933627742,0.0,40.0,16.4,40.0,40.0,40.0,169,224,479,522,0
25,39,25.96150997149434,115.96150997149434,20.0,92.0,123.37663853655727,109.30578933627741,15.132745950421556,123.37663853655727,107.50578933627742,0.0,40.0,16.4,40.0,40.0,40.0,169,224,567,624,0
25,40,24.166091947189145,114.16609194718914,10.0,92.0,123.37663853655727,109.30578933627741,15.132745950421556,123.37663853655727,107.50578933627742,0.0,40.0,16.4,40.0,40.0,40.0,169,224,264,321,1
25,41,22.360679774997898,112.36067977499789,10.0,92.0,123.37663853655727,109.30578933627741,15.132745950421556,123.37663853655727,107.50578933627742,0.0,40.0,16.4,40.0,40.0,40.0,169,224,166,235,0
25,42,21.540659228538015,111.54065922853802,20.0,92.0,123.37663853655727,109.30578933627741,15.132745950421556,123.37663853655727,107.50578933627742,0.0,40.0,16.4,40.0,40.0,40.0,169,224,68,149,0
25,43,18.788294228055936,108.78829422805593,10.0,92.0,123.37663853655727,109.30578933627741,15.132745950421556,123.37663853655727,107.50578933627742,0.0,40.0,16.4,40.0,40.0,40.0,169,224,16,80,0
25,44,23.08679276123039,113.08679276123038,10.0,92.0,123.37663853655727,109.30578933627741,15.132745950421556,123.37663853655727,107.50578933627742,0.0,40.0,16.4,40.0,40.0,40.0,169,224,359,412,1
25,45,22.561028345356956,112.56102834535696,10.0,92.0,123.37663853655727,109.30578933627741,15.132745950421556,123.37663853655727,107.50578933627742,0.0,40.0,16.4,40.0,40.0,40.0,169,224,541,600,0
25,46,20.615528128088304,110.6155281280883,30.0,92.0,123.37663853655727,109.30578933627741,15.132745950421556,123.37663853655727,107.50578933627742,0.0,40.0,16.4,40.0,40.0,40.0,169,224,448,509,0
25,47,17.72004514666935,107.72004514666935,10.0,92.0,123.37663853655727,109.30578933627741,15.132745950421556,123.37663853655727,107.50578933627742,0.0,40.0,16.4,40.0,40.0,40.0,169,224,1054,1127,0
25,48,22.20360331117452,112.20360331117452,10.0,92.0,123.37663853655727,109.30578933627741,15.132745950421556,123.37663853655727,107.50578933627742,0.0,40.0,16.4,40.0,40.0,40.0,169,224,632,693,0
25,49,17.26267650163207,107.26267650163207,10.0,92.0,123.37663853655727,109.30578933627741,15.132745950421556,123.37663853655727,107.50578933627742,0.0,40.0,16.4,40.0,40.0,40.0,169,224,1001,1066,0
25,50,20.024984394500787,110.02498439450079,10.0,92.0,123.37663853655727,109.30578933627741,15.132745950421556,123.37663853655727,107.50578933627742,0.0,40.0,16.4,40.0,40.0,40.0,169,224,815,880,0
26,0,15.811388300841896,105.8113883008419,0.0,92.0,120.4138126514911,109.45532262951428,15.811388300841896,120.4138126514911,107.65532262951429,0.0,40.0,17.0,10.0,10.0,10.0,622,701,0,1236,1
26,1,23.853720883753127,113.85372088375313,10.0,92.0,120.4138126514911,109.45532262951428,15.811388300841896,120.4138126514911,107.65532262951429,0.0,40.0,17.0,10.0,10.0,10.0,622,701,912,967,0
26,2,25.0,115.0,30.0,92.0,120.4138126514911,109.45532262951428,15.811388300841896,120.4138126514911,107.65532262951429,0.0,40.0,17.0,10.0,10.0,10.0,622,701,825,870,0
26,3,20.248456731316587,110.2484567313166,10.0,92.0,120.4138126514911,109.45532262951428,15.811388300841896,120.4138126514911,107.65532262951429,0.0,40.0,17.0,10.0,10.0,10.0,622,701,65,146,0
26,4,21.400934559032695,111.40093455903269,10.0,92.0,120.4138126514911,109.45532262951428,15.811388300841896,120.4138126514911,107.65532262951429,0.0,40.0,17.0,10.0,10.0,10.0,622,701,727,782,0
26,5,19.72308292331602,109.72308292331601,10.0,92.0,120.4138126514911,109.45532262951428,15.811388300841896,120.4138126514911,107.65532262951429,0.0,40.0,17.0,10.0,10.0,10.0,622,701,15,67,0
26,6,20.518284528683193,110.5182845286832,20.0,92.0,120.4138126514911,109.45532262951428,15.811388300841896,120.4138126514911,107.65532262951429,0.0,40.0,17.0,10.0,10.0,10.0,622,701,621,702,0
26,7,18.601075237738275,108.60107523773827,20.0,92.0,120.4138126514911,109.45532262951428,15.811388300841896,120.4138126514911,107.65532262951429,0.0,40.0,17.0,10.0,10.0,10.0,622,701,170,225,0
26,8,18.384776310850235,108.38477631085024,20.0,92.0,120.4138126514911,109.45532262951428,15.811388300841896,120.4138126514911,107.65532262951429,0.0,40.0,17.0,10.0,10.0,10.0,622,701,255,324,0
26,9,19.849433241279208,109.8494332412792,10.0,92.0,120.4138126514911,109.45532262951428,15.811388300841896,120.4138126514911,107.65532262951429,0.0,40.0,17.0,10.0,10.0,10.0,622,701,534,605,0
26,10,14.866068747318506,104.86606874731851,10.0,92.0,120.4138126514911,109.45532262951428,15.811388300841896,120.4138126514911,107.65532262951429,0.0,40.0,17.0,10.0,10.0,10.0,622,701,357,410,0
26,11,17.204650534085253,107.20465053408526,10.0,92.0,120.4138126514911,109.45532262951428,15.811388300841896,120.4138126514911,107.65532262951429,0.0,40.0,17.0,10.0,10.0,10.0,622,701,448,505,0
26,12,30.0,120.0,20.0,92.0,120.4138126514911,109.45532262951428,15.811388300841896,120.4138126514911,107.65532262951429,0.0,40.0,17.0,10.0,10.0,10.0,622,701,652,721,0
26,13,20.223748416156685,110.22374841615668,30.0,92.0,120.4138126514911,109.45532262951428,15.811388300841896,120.4138126514911,107.65532262951429,0.0,40.0,17.0,10.0,10.0,10.0,622,701,30,92,0
26,14,30.14962686336267,120.14962686336267,10.0,92.0,120.4138126514911,109.45532262951428,15.811388300841896,120.4138126514911,107.65532262951429,0.0,40.0,17.0,10.0,10.0,10.0,622,701,567,620,0
26,15,25.495097567963924,115.49509756796392,40.0,92.0,120.4138126514911,109.45532262951428,15.811388300841896,120.4138126514911,107.65532262951429,0.0,40.0,17.0,10.0,10.0,10.0,622,701,384,429,0
26,16,30.4138126514911,120.4138126514911,40.0,92.0,120.4138126514911,109.45532262951428,15.811388300841896,120.4138126514911,107.65532262951429,0.0,40.0,17.0,10.0,10.0,10.0,622,701,475,528,0
26,17,21.18962010041709,111.18962010041709,20.0,92.0,120.4138126514911,109.45532262951428,15.811388300841896,120.4138126514911,107.65532262951429,0.0,40.0,17.0,10.0,10.0,10.0,622,701,99,148,0
26,18,22.360679774997898,112.36067977499789,20.0,92.0,120.4138126514911,109.45532262951428,15.811388300841896,120.4138126514911,107.65532262951429,0.0,40.0,17.0,10.0,10.0,10.0,622,701,179,254,0
26,19,26.92582403567252,116.92582403567252,10.0,92.0,120.4138126514911,109.45532262951428,15.811388300841896,120.4138126514911,107.65532262951429,0.0,40.0,17.0,10.0,10.0,10.0,622,701,278,345,0
26,20,7.0710678118654755,97.07106781186548,10.0,92.0,120.4138126514911,109.45532262951428,15.811388300841896,120.4138126514911,107.65532262951429,0.0,40.0,17.0,10.0,10.0,10.0,622,701,10,73,0
26,21,5.830951894845301,95.8309518948453,20.0,92.0,120.4138126514911,109.45532262951428,15.811388300841896,120.4138126514911,107.65532262951429,0.0,40.0,17.0,10.0,10.0,10.0,622,701,914,965,1
26,22,4.242640687119285,94.24264068711929,20.0,92.0,120.4138126514911,109.45532262951428,15.811388300841896,120.4138126514911,107.65532262951429,0.0,40.0,17.0,10.0,10.0,10.0,622,701,812,883,1
26,23,3.0,93.0,10.0,92.0,120.4138126514911,109.45532262951428,15.811388300841896,120.4138126514911,107.65532262951429,0.0,40.0,17.0,10.0,10.0,10.0,622,701,732,777,1
26,24,5.0,95.0,10.0,92.0,120.4138126514911,109.45532262951428,15.811388300841896,120.4138126514911,107.65532262951429,0.0,40.0,17.0,10.0,10.0,10.0,622,701,65,144,0
26,25,3.0,93.0,40.0,92.0,120.4138126514911,109.45532262951428,15.811388300841896,120.4138126514911,107.65532262951429,0.0,40.0,17.0,10.0,10.0,10.0,622,701,169,224,0
26,27,3.605551275463989,93.605551275464,10.0,92.0,120.4138126514911,109.45532262951428,15.811388300841896,120.4138126514911,107.65532262951429,0.0,40.0,17.0,10.0,10.0,10.0,622,701,261,316,0
26,28,2.0,92.0,20.0,92.0,120.4138126514911,109.45532262951428,15.811388300841896,120.4138126514911,107.65532262951429,0.0,40.0,17.0,10.0,10.0,10.0,622,701,546,593,0
26,29,7.0710678118654755,97.07106781186548,10.0,92.0,120.4138126514911,109.45532262951428,15.811388300841896,120.4138126514911,107.65532262951429,0.0,40.0,17.0,10.0,10.0,10.0,622,701,358,405,0
26,30,5.0,95.0,10.0,92.0,120.4138126514911,109.45532262951428,15.811388300841896,120.4138126514911,107.65532262951429,0.0,40.0,17.0,10.0,10.0,10.0,622,701,449,504,0
26,31,25.0,115.0,20.0,92.0,120.4138126514911,109.45532262951428,15.811388300841896,120.4138126514911,107.65532262951429,0.0,40.0,17.0,10.0,10.0,10.0,622,701,200,237,0
26,32,21.213203435596427,111.21320343559643,30.0,92.0,120.4138126514911,109.45532262951428,15.811388300841896,120.4138126514911,107.65532262951429,0.0,40.0,17.0,10.0,10.0,10.0,622,701,31,100,0
26,33,22.67156809750927,112.67156809750927,40.0,92.0,120.4138126514911,109.45532262951428,15.811388300841896,120.4138126514911,107.65532262951429,0.0,40.0,17.0,10.0,10.0,10.0,622,701,87,158,0
26,34,19.72308292331602,109.72308292331601,20.0,92.0,120.4138126514911,109.45532262951428,15.811388300841896,120.4138126514911,107.65532262951429,0.0,40.0,17.0,10.0,10.0,10.0,622,701,751,816,1
26,35,28.284271247461902,118.2842712474619,10.0,92.0,120.4138126514911,109.45532262951428,15.811388300841896,120.4138126514911,107.65532262951429,0.0,40.0,17.0,10.0,10.0,10.0,622,701,283,344,0
26,36,22.360679774997898,112.36067977499789,10.0,92.0,120.4138126514911,109.45532262951428,15.811388300841896,120.4138126514911,107.65532262951429,0.0,40.0,17.0,10.0,10.0,10.0,622,701,665,716,0
26,37,27.459060435491963,117.45906043549196,20.0,92.0,120.4138126514911,109.45532262951428,15.811388300841896,120.4138126514911,107.65532262951429,0.0,40.0,17.0,10.0,10.0,10.0,622,701,383,434,0
26,38,29.154759474226502,119.1547594742265,30.0,92.0,120.4138126514911,109.45532262951428,15.811388300841896,120.4138126514911,107.65532262951429,0.0,40.0,17.0,10.0,10.0,10.0,622,701,479,522,0
26,39,26.92582403567252,116.92582403567252,20.0,92.0,120.4138126514911,109.45532262951428,15.811388300841896,120.4138126514911,107.65532262951429,0.0,40.0,17.0,10.0,10.0,10.0,622,701,567,624,0
26,40,26.92582403567252,116.92582403567252,10.0,92.0,120.4138126514911,109.45532262951428,15.811388300841896,120.4138126514911,107.65532262951429,0.0,40.0,17.0,10.0,10.0,10.0,622,701,264,321,0
26,41,25.079872407968907,115.0798724079689,10.0,92.0,120.4138126514911,109.45532262951428,15.811388300841896,120.4138126514911,107.65532262951429,0.0,40.0,17.0,10.0,10.0,10.0,622,701,166,235,0
26,42,24.351591323771842,114.35159132377184,20.0,92.0,120.4138126514911,109.45532262951428,15.811388300841896,120.4138126514911,107.65532262951429,0.0,40.0,17.0,10.0,10.0,10.0,622,701,68,149,0
26,43,21.540659228538015,111.54065922853802,10.0,92.0,120.4138126514911,109.45532262951428,15.811388300841896,120.4138126514911,107.65532262951429,0.0,40.0,17.0,10.0,10.0,10.0,622,701,16,80,0
26,44,25.96150997149434,115.96150997149434,10.0,92.0,120.4138126514911,109.45532262951428,15.811388300841896,120.4138126514911,107.65532262951429,0.0,40.0,17.0,10.0,10.0,10.0,622,701,359,412,0
26,45,25.495097567963924,115.49509756796392,10.0,92.0,120.4138126514911,109.45532262951428,15.811388300841896,120.4138126514911,107.65532262951429,0.0,40.0,17.0,10.0,10.0,10.0,622,701,541,600,0
26,46,23.53720459187964,113.53720459187964,30.0,92.0,120.4138126514911,109.45532262951428,15.811388300841896,120.4138126514911,107.65532262951429,0.0,40.0,17.0,10.0,10.0,10.0,622,701,448,509,0
26,47,20.615528128088304,110.6155281280883,10.0,92.0,120.4138126514911,109.45532262951428,15.811388300841896,120.4138126514911,107.65532262951429,0.0,40.0,17.0,10.0,10.0,10.0,622,701,1054,1127,0
26,48,25.179356624028344,115.17935662402834,10.0,92.0,120.4138126514911,109.45532262951428,15.811388300841896,120.4138126514911,107.65532262951429,0.0,40.0,17.0,10.0,10.0,10.0,622,701,632,693,0
26,49,20.223748416156685,110.22374841615668,10.0,92.0,120.4138126514911,109.45532262951428,15.811388300841896,120.4138126514911,107.65532262951429,0.0,40.0,17.0,10.0,10.0,10.0,622,701,1001,1066,0
26,50,23.021728866442675,113.02172886644267,10.0,92.0,120.4138126514911,109.45532262951428,15.811388300841896,120.4138126514911,107.65532262951429,0.0,40.0,17.0,10.0,10.0,10.0,622,701,815,880,0
27,0,17.11724276862369,107.1172427686237,0.0,92.0,123.13608305156178,109.5435871309852,17.11724276862369,123.13608305156178,107.74358713098519,0.0,40.0,17.0,10.0,10.0,10.0,261,316,0,1236,1
27,1,27.202941017470888,117.20294101747089,10.0,92.0,123.13608305156178,109.5435871309852,17.11724276862369,123.13608305156178,107.74358713098519,0.0,40.0,17.0,10.0,10.0,10.0,261,316,912,967,0
27,2,28.42534080710379,118.4253408071038,30.0,92.0,123.13608305156178,109.5435871309852,17.11724276862369,123.13608305156178,107.74358713098519,0.0,40.0,17.0,10.0,10.0,10.0,261,316,825,870,0
27,3,23.600847442411894,113.60084744241189,10.0,92.0,123.13608305156178,109.5435871309852,17.11724276862369,123.13608305156178,107.74358713098519,0.0,40.0,17.0,10.0,10.0,10.0,261,316,65,146,0
27,4,24.839484696748443,114.83948469674844,10.0,92.0,123.13608305156178,109.5435871309852,17.11724276862369,123.13608305156178,107.74358713098519,0.0,40.0,17.0,10.0,10.0,10.0,261,316,727,782,0
27,5,23.021728866442675,113.02172886644267,10.0,92.0,123.13608305156178,109.5435871309852,17.11724276862369,123.13608305156178,107.74358713098519,0.0,40.0,17.0,10.0,10.0,10.0,261,316,15,67,0
27,6,24.041630560342615,114.04163056034261,20.0,92.0,123.13608305156178,109.5435871309852,17.11724276862369,123.13608305156178,107.74358713098519,0.0,40.0,17.0,10.0,10.0,10.0,261,316,621,702,1
27,7,22.02271554554524,112.02271554554524,20.0,92.0,123.13608305156178,109.5435871309852,17.11724276862369,123.13608305156178,107.74358713098519,0.0,40.0,17.0,10.0,10.0,10.0,261,316,170,225,0
27,8,21.93171219946131,111.93171219946132,20.0,92.0,123.13608305156178,109.5435871309852,17.11724276862369,123.13608305156178,107.74358713098519,0.0,40.0,17.0,10.0,10.0,10.0,261,316,255,324,0
27,9,23.430749027719962,113.43074902771997,10.0,92.0,123.13608305156178,109.5435871309852,17.11724276862369,123.13608305156178,107.74358713098519,0.0,40.0,17.0,10.0,10.0,10.0,261,316,534,605,0
27,10,18.439088914585774,108.43908891458577,10.0,92.0,123.13608305156178,109.5435871309852,17.11724276862369,123.13608305156178,107.74358713098519,0.0,40.0,17.0,10.0,10.0,10.0,261,316,357,410,1
27,11,20.808652046684813,110.80865204668481,10.0,92.0,123.13608305156178,109.5435871309852,17.11724276862369,123.13608305156178,107.74358713098519,0.0,40.0,17.0,10.0,10.0,10.0,261,316,448,505,0
27,12,33.06055050963308,123.06055050963309,20.0,92.0,123.13608305156178,109.5435871309852,17.11724276862369,123.13608305156178,107.74358713098519,0.0,40.0,17.0,10.0,10.0,10.0,261,316,652,721,0
27,13,23.021728866442675,113.02172886644267,30.0,92.0,123.13608305156178,109.5435871309852,17.11724276862369,123.13608305156178,107.74358713098519,0.0,40.0,17.0,10.0,10.0,10.0,261,316,30,92,0
27,14,33.015148038438355,123.01514803843835,10.0,92.0,123.13608305156178,109.5435871309852,17.11724276862369,123.13608305156178,107.74358713098519,0.0,40.0,17.0,10.0,10.0,10.0,261,316,567,620,0
27,15,28.160255680657446,118.16025568065744,40.0,92.0,123.13608305156178,109.5435871309852,17.11724276862369,123.13608305156178,107.74358713098519,0.0,40.0,17.0,10.0,10.0,10.0,261,316,384,429,1
27,16,33.13608305156178,123.13608305156178,40.0,92.0,123.13608305156178,109.5435871309852,17.11724276862369,123.13608305156178,107.74358713098519,0.0,40.0,17.0,10.0,10.0,10.0,261,316,475,528,0
27,17,23.53720459187964,113.53720459187964,20.0,92.0,123.13608305156178,109.5435871309852,17.11724276862369,123.13608305156178,107.74358713098519,0.0,40.0,17.0,10.0,10.0,10.0,261,316,99,148,0
27,18,24.351591323771842,114.35159132377184,20.0,92.0,123.13608305156178,109.5435871309852,17.11724276862369,123.13608305156178,107.74358713098519,0.0,40.0,17.0,10.0,10.0,10.0,261,316,179,254,0
27,19,29.120439557122072,119.12043955712207,10.0,92.0,123.13608305156178,109.5435871309852,17.11724276862369,123.13608305156178,107.74358713098519,0.0,40.0,17.0,10.0,10.0,10.0,261,316,278,345,0
27,20,7.280109889280518,97.28010988928052,10.0,92.0,123.13608305156178,109.5435871309852,17.11724276862369,123.13608305156178,107.74358713098519,0.0,40.0,17.0,10.0,10.0,10.0,261,316,10,73,0
27,21,7.0,97.0,20.0,92.0,123.13608305156178,109.5435871309852,17.11724276862369,123.13608305156178,107.74358713098519,0.0,40.0,17.0,10.0,10.0,10.0,261,316,914,965,0
27,22,5.0,95.0,20.0,92.0,123.13608305156178,109.5435871309852,17.11724276862369,123.13608305156178,107.74358713098519,0.0,40.0,17.0,10.0,10.0,10.0,261,316,812,883,1
27,23,5.830951894845301,95.8309518948453,10.0,92.0,123.13608305156178,109.5435871309852,17.11724276862369,123.13608305156178,107.74358713098519,0.0,40.0,17.0,10.0,10.0,10.0,261,316,732,777,1
27,24,2.8284271247461903,92.82842712474618,10.0,92.0,123.13608305156178,109.5435871309852,17.11724276862369,123.13608305156178,107.74358713098519,0.0,40.0,17.0,10.0,10.0,10.0,261,316,65,144,0
27,25,2.0,92.0,40.0,92.0,123.13608305156178,109.5435871309852,17.11724276862369,123.13608305156178,107.74358713098519,0.0,40.0,17.0,10.0,10.0,10.0,261,316,169,224,0
27,26,3.605551275463989,93.605551275464,10.0,92.0,123.13608305156178,109.5435871309852,17.11724276862369,123.13608305156178,107.74358713098519,0.0,40.0,17.0,10.0,10.0,10.0,261,316,622,701,1
27,28,3.0,93.0,20.0,92.0,123.13608305156178,109.5435871309852,17.11724276862369,123.13608305156178,107.74358713098519,0.0,40.0,17.0,10.0,10.0,10.0,261,316,546,593,1
27,29,3.605551275463989,93.605551275464,10.0,92.0,123.13608305156178,109.5435871309852,17.11724276862369,123.13608305156178,107.74358713098519,0.0,40.0,17.0,10.0,10.0,10.0,261,316,358,405,1
27,30,4.242640687119285,94.24264068711929,10.0,92.0,123.13608305156178,109.5435871309852,17.11724276862369,123.13608305156178,107.74358713098519,0.0,40.0,17.0,10.0,10.0,10.0,261,316,449,504,1
27,31,21.400934559032695,111.40093455903269,20.0,92.0,123.13608305156178,109.5435871309852,17.11724276862369,123.13608305156178,107.74358713098519,0.0,40.0,17.0,10.0,10.0,10.0,261,316,200,237,0
27,32,17.69180601295413,107.69180601295413,30.0,92.0,123.13608305156178,109.5435871309852,17.11724276862369,123.13608305156178,107.74358713098519,0.0,40.0,17.0,10.0,10.0,10.0,261,316,31,100,0
27,33,19.209372712298546,109.20937271229855,40.0,92.0,123.13608305156178,109.5435871309852,17.11724276862369,123.13608305156178,107.74358713098519,0.0,40.0,17.0,10.0,10.0,10.0,261,316,87,158,0
27,34,16.55294535724685,106.55294535724684,20.0,92.0,123.13608305156178,109.5435871309852,17.11724276862369,123.13608305156178,107.74358713098519,0.0,40.0,17.0,10.0,10.0,10.0,261,316,751,816,0
27,35,24.758836806279895,114.7588368062799,10.0,92.0,123.13608305156178,109.5435871309852,17.11724276862369,123.13608305156178,107.74358713098519,0.0,40.0,17.0,10.0,10.0,10.0,261,316,283,344,0
27,36,19.313207915827967,109.31320791582797,10.0,92.0,123.13608305156178,109.5435871309852,17.11724276862369,123.13608305156178,107.74358713098519,0.0,40.0,17.0,10.0,10.0,10.0,261,316,665,716,0
27,37,24.186773244895647,114.18677324489565,20.0,92.0,123.13608305156178,109.5435871309852,17.11724276862369,123.13608305156178,107.74358713098519,0.0,40.0,17.0,10.0,10.0,10.0,261,316,383,434,1
27,38,25.942243542145693,115.94224354214569,30.0,92.0,123.13608305156178,109.5435871309852,17.11724276862369,123.13608305156178,107.74358713098519,0.0,40.0,17.0,10.0,10.0,10.0,261,316,479,522,0
27,39,24.041630560342615,114.04163056034261,20.0,92.0,123.13608305156178,109.5435871309852,17.11724276862369,123.13608305156178,107.74358713098519,0.0,40.0,17.0,10.0,10.0,10.0,261,316,567,624,0
27,40,25.059928172283335,115.05992817228334,10.0,92.0,123.13608305156178,109.5435871309852,17.11724276862369,123.13608305156178,107.74358713098519,0.0,40.0,17.0,10.0,10.0,10.0,261,316,264,321,0
27,41,23.323807579381203,113.3238075793812,10.0,92.0,123.13608305156178,109.5435871309852,17.11724276862369,123.13608305156178,107.74358713098519,0.0,40.0,17.0,10.0,10.0,10.0,261,316,166,235,0
27,42,22.360679774997898,112.36067977499789,20.0,92.0,123.13608305156178,109.5435871309852,17.11724276862369,123.13608305156178,107.74358713098519,0.0,40.0,17.0,10.0,10.0,10.0,261,316,68,149,0
27,43,19.72308292331602,109.72308292331601,10.0,92.0,123.13608305156178,109.5435871309852,17.11724276862369,123.13608305156178,107.74358713098519,0.0,40.0,17.0,10.0,10.0,10.0,261,316,16,80,0
27,44,23.769728648009426,113.76972864800942,10.0,92.0,123.13608305156178,109.5435871309852,17.11724276862369,123.13608305156178,107.74358713098519,0.0,40.0,17.0,10.0,10.0,10.0,261,316,359,412,1
27,45,23.08679276123039,113.08679276123038,10.0,92.0,123.13608305156178,109.5435871309852,17.11724276862369,123.13608305156178,107.74358713098519,0.0,40.0,17.0,10.0,10.0,10.0,261,316,541,600,0
27,46,21.18962010041709,111.18962010041709,30.0,92.0,123.13608305156178,109.5435871309852,17.11724276862369,123.13608305156178,107.74358713098519,0.0,40.0,17.0,10.0,10.0,10.0,261,316,448,509,1
27,47,18.384776310850235,108.38477631085024,10.0,92.0,123.13608305156178,109.5435871309852,17.11724276862369,123.13608305156178,107.74358713098519,0.0,40.0,17.0,10.0,10.0,10.0,261,316,1054,1127,0
27,48,22.561028345356956,112.56102834535696,10.0,92.0,123.13608305156178,109.5435871309852,17.11724276862369,123.13608305156178,107.74358713098519,0.0,40.0,17.0,10.0,10.0,10.0,261,316,632,693,0
27,49,17.72004514666935,107.72004514666935,10.0,92.0,123.13608305156178,109.5435871309852,17.11724276862369,123.13608305156178,107.74358713098519,0.0,40.0,17.0,10.0,10.0,10.0,261,316,1001,1066,0
27,50,20.223748416156685,110.22374841615668,10.0,92.0,123.13608305156178,109.5435871309852,17.11724276862369,123.13608305156178,107.74358713098519,0.0,40.0,17.0,10.0,10.0,10.0,261,316,815,880,0
28,0,17.72004514666935,107.72004514666935,0.0,92.0,120.14962686336267,109.70167615156619,17.72004514666935,120.14962686336267,107.90167615156619,0.0,40.0,16.8,20.0,20.0,20.0,546,593,0,1236,1
28,1,25.553864678361276,115.55386467836128,10.0,92.0,120.14962686336267,109.70167615156619,17.72004514666935,120.14962686336267,107.90167615156619,0.0,40.0,16.8,20.0,20.0,20.0,546,593,912,967,0
28,2,26.627053911388696,116.6270539113887,30.0,92.0,120.14962686336267,109.70167615156619,17.72004514666935,120.14962686336267,107.90167615156619,0.0,40.0,16.8,20.0,20.0,20.0,546,593,825,870,0
28,3,21.95449840010015,111.95449840010015,10.0,92.0,120.14962686336267,109.70167615156619,17.72004514666935,120.14962686336267,107.90167615156619,0.0,40.0,16.8,20.0,20.0,20.0,546,593,65,146,0
28,4,23.021728866442675,113.02172886644267,10.0,92.0,120.14962686336267,109.70167615156619,17.72004514666935,120.14962686336267,107.90167615156619,0.0,40.0,16.8,20.0,20.0,20.0,546,593,727,782,0
28,5,21.470910553583888,111.47091055358389,10.0,92.0,120.14962686336267,109.70167615156619,17.72004514666935,120.14962686336267,107.90167615156619,0.0,40.0,16.8,20.0,20.0,20.0,546,593,15,67,0
28,6,22.02271554554524,112.02271554554524,20.0,92.0,120.14962686336267,109.70167615156619,17.72004514666935,120.14962686336267,107.90167615156619,0.0,40.0,16.8,20.0,20.0,20.0,546,593,621,702,1
28,7,20.248456731316587,110.2484567313166,20.0,92.0,120.14962686336267,109.70167615156619,17.72004514666935,120.14962686336267,107.90167615156619,0.0,40.0,16.8,20.0,20.0,20.0,546,593,170,225,0
28,8,19.849433241279208,109.8494332412792,20.0,92.0,120.14962686336267,109.70167615156619,17.72004514666935,120.14962686336267,107.90167615156619,0.0,40.0,16.8,20.0,20.0,20.0,546,593,255,324,0
28,9,21.213203435596427,111.21320343559643,10.0,92.0,120.14962686336267,109.70167615156619,17.72004514666935,120.14962686336267,107.90167615156619,0.0,40.0,16.8,20.0,20.0,20.0,546,593,534,605,0
28,10,16.278820596099706,106.2788205960997,10.0,92.0,120.14962686336267,109.70167615156619,17.72004514666935,120.14962686336267,107.90167615156619,0.0,40.0,16.8,20.0,20.0,20.0,546,593,357,410,0
28,11,18.439088914585774,108.43908891458577,10.0,92.0,120.14962686336267,109.70167615156619,17.72004514666935,120.14962686336267,107.90167615156619,0.0,40.0,16.8,20.0,20.0,20.0,546,593,448,505,0
28,12,30.066592756745816,120.06659275674582,20.0,92.0,120.14962686336267,109.70167615156619,17.72004514666935,120.14962686336267,107.90167615156619,0.0,40.0,16.8,20.0,20.0,20.0,546,593,652,721,1
28,13,20.024984394500787,110.02498439450079,30.0,92.0,120.14962686336267,109.70167615156619,17.72004514666935,120.14962686336267,107.90167615156619,0.0,40.0,16.8,20.0,20.0,20.0,546,593,30,92,0
28,14,30.01666203960727,120.01666203960727,10.0,92.0,120.14962686336267,109.70167615156619,17.72004514666935,120.14962686336267,107.90167615156619,0.0,40.0,16.8,20.0,20.0,20.0,546,593,567,620,0
28,15,25.179356624028344,115.17935662402834,40.0,92.0,120.14962686336267,109.70167615156619,17.72004514666935,120.14962686336267,107.90167615156619,0.0,40.0,16.8,20.0,20.0,20.0,546,593,384,429,0
28,16,30.14962686336267,120.14962686336267,40.0,92.0,120.14962686336267,109.70167615156619,17.72004514666935,120.14962686336267,107.90167615156619,0.0,40.0,16.8,20.0,20.0,20.0,546,593,475,528,0
28,17,20.615528128088304,110.6155281280883,20.0,92.0,120.14962686336267,109.70167615156619,17.72004514666935,120.14962686336267,107.90167615156619,0.0,40.0,16.8,20.0,20.0,20.0,546,593,99,148,0
28,18,21.540659228538015,111.54065922853802,20.0,92.0,120.14962686336267,109.70167615156619,17.72004514666935,120.14962686336267,107.90167615156619,0.0,40.0,16.8,20.0,20.0,20.0,546,593,179,254,0
28,19,26.248809496813376,116.24880949681338,10.0,92.0,120.14962686336267,109.70167615156619,17.72004514666935,120.14962686336267,107.90167615156619,0.0,40.0,16.8,20.0,20.0,20.0,546,593,278,345,0
28,20,8.602325267042627,98.60232526704263,10.0,92.0,120.14962686336267,109.70167615156619,17.72004514666935,120.14962686336267,107.90167615156619,0.0,40.0,16.8,20.0,20.0,20.0,546,593,10,73,0
28,21,7.615773105863909,97.61577310586391,20.0,92.0,120.14962686336267,109.70167615156619,17.72004514666935,120.14962686336267,107.90167615156619,0.0,40.0,16.8,20.0,20.0,20.0,546,593,914,965,0
28,22,5.830951894845301,95.8309518948453,20.0,92.0,120.14962686336267,109.70167615156619,17.72004514666935,120.14962686336267,107.90167615156619,0.0,40.0,16.8,20.0,20.0,20.0,546,593,812,883,1
28,23,5.0,95.0,10.0,92.0,120.14962686336267,109.70167615156619,17.72004514666935,120.14962686336267,107.90167615156619,0.0,40.0,16.8,20.0,20.0,20.0,546,593,732,777,1
28,24,5.385164807134504,95.3851648071345,10.0,92.0,120.14962686336267,109.70167615156619,17.72004514666935,120.14962686336267,107.90167615156619,0.0,40.0,16.8,20.0,20.0,20.0,546,593,65,144,0
28,25,3.605551275463989,93.605551275464,40.0,92.0,120.14962686336267,109.70167615156619,17.72004514666935,120.14962686336267,107.90167615156619,0.0,40.0,16.8,20.0,20.0,20.0,546,593,169,224,0
28,26,2.0,92.0,10.0,92.0,120.14962686336267,109.70167615156619,17.72004514666935,120.14962686336267,107.90167615156619,0.0,40.0,16.8,20.0,20.0,20.0,546,593,622,701,1
28,27,3.0,93.0,10.0,92.0,120.14962686336267,109.70167615156619,17.72004514666935,120.14962686336267,107.90167615156619,0.0,40.0,16.8,20.0,20.0,20.0,546,593,261,316,0
28,29,5.830951894845301,95.8309518948453,10.0,92.0,120.14962686336267,109.70167615156619,17.72004514666935,120.14962686336267,107.90167615156619,0.0,40.0,16.8,20.0,20.0,20.0,546,593,358,405,0
28,30,3.0,93.0,10.0,92.0,120.14962686336267,109.70167615156619,17.72004514666935,120.14962686336267,107.90167615156619,0.0,40.0,16.8,20.0,20.0,20.0,546,593,449,504,0
28,31,23.853720883753127,113.85372088375313,20.0,92.0,120.14962686336267,109.70167615156619,17.72004514666935,120.14962686336267,107.90167615156619,0.0,40.0,16.8,20.0,20.0,20.0,546,593,200,237,0
28,32,19.849433241279208,109.8494332412792,30.0,92.0,120.14962686336267,109.70167615156619,17.72004514666935,120.14962686336267,107.90167615156619,0.0,40.0,16.8,20.0,20.0,20.0,546,593,31,100,0
28,33,21.213203435596427,111.21320343559643,40.0,92.0,120.14962686336267,109.70167615156619,17.72004514666935,120.14962686336267,107.90167615156619,0.0,40.0,16.8,20.0,20.0,20.0,546,593,87,158,0
28,34,18.027756377319946,108.02775637731995,20.0,92.0,120.14962686336267,109.70167615156619,17.72004514666935,120.14962686336267,107.90167615156619,0.0,40.0,16.8,20.0,20.0,20.0,546,593,751,816,1
28,35,26.90724809414742,116.90724809414742,10.0,92.0,120.14962686336267,109.70167615156619,17.72004514666935,120.14962686336267,107.90167615156619,0.0,40.0,16.8,20.0,20.0,20.0,546,593,283,344,0
28,36,20.591260281974,110.591260281974,10.0,92.0,120.14962686336267,109.70167615156619,17.72004514666935,120.14962686336267,107.90167615156619,0.0,40.0,16.8,20.0,20.0,20.0,546,593,665,716,0
28,37,25.80697580112788,115.80697580112788,20.0,92.0,120.14962686336267,109.70167615156619,17.72004514666935,120.14962686336267,107.90167615156619,0.0,40.0,16.8,20.0,20.0,20.0,546,593,383,434,0
28,38,27.459060435491963,117.45906043549196,30.0,92.0,120.14962686336267,109.70167615156619,17.72004514666935,120.14962686336267,107.90167615156619,0.0,40.0,16.8,20.0,20.0,20.0,546,593,479,522,0
28,39,25.079872407968907,115.0798724079689,20.0,92.0,120.14962686336267,109.70167615156619,17.72004514666935,120.14962686336267,107.90167615156619,0.0,40.0,16.8,20.0,20.0,20.0,546,593,567,624,0
28,40,27.730849247724095,117.7308492477241,10.0,92.0,120.14962686336267,109.70167615156619,17.72004514666935,120.14962686336267,107.90167615156619,0.0,40.0,16.8,20.0,20.0,20.0,546,593,264,321,0
28,41,25.942243542145693,115.94224354214569,10.0,92.0,120.14962686336267,109.70167615156619,17.72004514666935,120.14962686336267,107.90167615156619,0.0,40.0,16.8,20.0,20.0,20.0,546,593,166,235,0
28,42,25.079872407968907,115.0798724079689,20.0,92.0,120.14962686336267,109.70167615156619,17.72004514666935,120.14962686336267,107.90167615156619,0.0,40.0,16.8,20.0,20.0,20.0,546,593,68,149,0
28,43,22.360679774997898,112.36067977499789,10.0,92.0,120.14962686336267,109.70167615156619,17.72004514666935,120.14962686336267,107.90167615156619,0.0,40.0,16.8,20.0,20.0,20.0,546,593,16,80,0
28,44,26.570660511172846,116.57066051117285,10.0,92.0,120.14962686336267,109.70167615156619,17.72004514666935,120.14962686336267,107.90167615156619,0.0,40.0,16.8,20.0,20.0,20.0,546,593,359,412,0
28,45,25.96150997149434,115.96150997149434,10.0,92.0,120.14962686336267,109.70167615156619,17.72004514666935,120.14962686336267,107.90167615156619,0.0,40.0,16.8,20.0,20.0,20.0,546,593,541,600,0
28,46,24.041630560342615,114.04163056034261,30.0,92.0,120.14962686336267,109.70167615156619,17.72004514666935,120.14962686336267,107.90167615156619,0.0,40.0,16.8,20.0,20.0,20.0,546,593,448,509,0
28,47,21.18962010041709,111.18962010041709,10.0,92.0,120.14962686336267,109.70167615156619,17.72004514666935,120.14962686336267,107.90167615156619,0.0,40.0,16.8,20.0,20.0,20.0,546,593,1054,1127,0
28,48,25.495097567963924,115.49509756796392,10.0,92.0,120.14962686336267,109.70167615156619,17.72004514666935,120.14962686336267,107.90167615156619,0.0,40.0,16.8,20.0,20.0,20.0,546,593,632,693,0
28,49,20.615528128088304,110.6155281280883,10.0,92.0,120.14962686336267,109.70167615156619,17.72004514666935,120.14962686336267,107.90167615156619,0.0,40.0,16.8,20.0,20.0,20.0,546,593,1001,1066,0
28,50,23.194827009486403,113.1948270094864,10.0,92.0,120.14962686336267,109.70167615156619,17.72004514666935,120.14962686336267,107.90167615156619,0.0,40.0,16.8,20.0,20.0,20.0,546,593,815,880,0
29,0,20.0,110.0,0.0,93.605551275464,125.35533905932738,110.43427781701902,20.0,125.35533905932738,108.63427781701903,0.0,40.0,17.0,10.0,10.0,10.0,358,405,0,1236,1
29,1,30.805843601498726,120.80584360149872,10.0,93.605551275464,125.35533905932738,110.43427781701902,20.0,125.35533905932738,108.63427781701903,0.0,40.0,17.0,10.0,10.0,10.0,358,405,912,967,0
29,2,32.01562118716424,122.01562118716424,30.0,93.605551275464,125.35533905932738,110.43427781701902,20.0,125.35533905932738,108.63427781701903,0.0,40.0,17.0,10.0,10.0,10.0,358,405,825,870,0
29,3,27.202941017470888,117.20294101747089,10.0,93.605551275464,125.35533905932738,110.43427781701902,20.0,125.35533905932738,108.63427781701903,0.0,40.0,17.0,10.0,10.0,10.0,358,405,65,146,0
29,4,28.42534080710379,118.4253408071038,10.0,93.605551275464,125.35533905932738,110.43427781701902,20.0,125.35533905932738,108.63427781701903,0.0,40.0,17.0,10.0,10.0,10.0,358,405,727,782,0
29,5,26.627053911388696,116.6270539113887,10.0,93.605551275464,125.35533905932738,110.43427781701902,20.0,125.35533905932738,108.63427781701903,0.0,40.0,17.0,10.0,10.0,10.0,358,405,15,67,0
29,6,27.586228448267445,117.58622844826745,20.0,93.605551275464,125.35533905932738,110.43427781701902,20.0,125.35533905932738,108.63427781701903,0.0,40.0,17.0,10.0,10.0,10.0,358,405,621,702,0
29,7,25.612496949731394,115.6124969497314,20.0,93.605551275464,125.35533905932738,110.43427781701902,20.0,125.35533905932738,108.63427781701903,0.0,40.0,17.0,10.0,10.0,10.0,358,405,170,225,0
29,8,25.45584412271571,115.45584412271572,20.0,93.605551275464,125.35533905932738,110.43427781701902,20.0,125.35533905932738,108.63427781701903,0.0,40.0,17.0,10.0,10.0,10.0,358,405,255,324,0
29,9,26.90724809414742,116.90724809414742,10.0,93.605551275464,125.35533905932738,110.43427781701902,20.0,125.35533905932738,108.63427781701903,0.0,40.0,17.0,10.0,10.0,10.0,358,405,534,605,0
29,10,21.93171219946131,111.93171219946132,10.0,93.605551275464,125.35533905932738,110.43427781701902,20.0,125.35533905932738,108.63427781701903,0.0,40.0,17.0,10.0,10.0,10.0,358,405,357,410,0
29,11,24.20743687382041,114.20743687382041,10.0,93.605551275464,125.35533905932738,110.43427781701902,20.0,125.35533905932738,108.63427781701903,0.0,40.0,17.0,10.0,10.0,10.0,358,405,448,505,1
29,12,35.35533905932738,125.35533905932738,20.0,93.605551275464,125.35533905932738,110.43427781701902,20.0,125.35533905932738,108.63427781701903,0.0,40.0,17.0,10.0,10.0,10.0,358,405,652,721,1
29,13,25.079872407968907,115.0798724079689,30.0,93.605551275464,125.35533905932738,110.43427781701902,20.0,125.35533905932738,108.63427781701903,0.0,40.0,17.0,10.0,10.0,10.0,358,405,30,92,0
29,14,35.05709628591621,125.0570962859162,10.0,93.605551275464,125.35533905932738,110.43427781701902,20.0,125.35533905932738,108.63427781701903,0.0,40.0,17.0,10.0,10.0,10.0,358,405,567,620,0
29,15,30.0,120.0,40.0,93.605551275464,125.35533905932738,110.43427781701902,20.0,125.35533905932738,108.63427781701903,0.0,40.0,17.0,10.0,10.0,10.0,358,405,384,429,0
29,16,35.0,125.0,40.0,93.605551275464,125.35533905932738,110.43427781701902,20.0,125.35533905932738,108.63427781701903,0.0,40.0,17.0,10.0,10.0,10.0,358,405,475,528,1
29,17,25.079872407968907,115.0798724079689,20.0,93.605551275464,125.35533905932738,110.43427781701902,20.0,125.35533905932738,108.63427781701903,0.0,40.0,17.0,10.0,10.0,10.0,358,405,99,148,0
29,18,25.495097567963924,115.49509756796392,20.0,93.605551275464,125.35533905932738,110.43427781701902,20.0,125.35533905932738,108.63427781701903,0.0,40.0,17.0,10.0,10.0,10.0,358,405,179,254,0
29,19,30.4138126514911,120.4138126514911,10.0,93.605551275464,125.35533905932738,110.43427781701902,20.0,125.35533905932738,108.63427781701903,0.0,40.0,17.0,10.0,10.0,10.0,358,405,278,345,0
29,20,10.0,100.0,10.0,93.605551275464,125.35533905932738,110.43427781701902,20.0,125.35533905932738,108.63427781701903,0.0,40.0,17.0,10.0,10.0,10.0,358,405,10,73,0
29,21,10.198039027185569,100.19803902718557,20.0,93.605551275464,125.35533905932738,110.43427781701902,20.0,125.35533905932738,108.63427781701903,0.0,40.0,17.0,10.0,10.0,10.0,358,405,914,965,0
29,22,8.246211251235321,98.24621125123532,20.0,93.605551275464,125.35533905932738,110.43427781701902,20.0,125.35533905932738,108.63427781701903,0.0,40.0,17.0,10.0,10.0,10.0,358,405,812,883,0
29,23,9.433981132056603,99.4339811320566,10.0,93.605551275464,125.35533905932738,110.43427781701902,20.0,125.35533905932738,108.63427781701903,0.0,40.0,17.0,10.0,10.0,10.0,358,405,732,777,1
29,24,5.0,95.0,10.0,93.605551275464,125.35533905932738,110.43427781701902,20.0,125.35533905932738,108.63427781701903,0.0,40.0,17.0,10.0,10.0,10.0,358,405,65,144,0
29,25,5.385164807134504,95.3851648071345,40.0,93.605551275464,125.35533905932738,110.43427781701902,20.0,125.35533905932738,108.63427781701903,0.0,40.0,17.0,10.0,10.0,10.0,358,405,169,224,0
29,26,7.0710678118654755,97.07106781186548,10.0,93.605551275464,125.35533905932738,110.43427781701902,20.0,125.35533905932738,108.63427781701903,0.0,40.0,17.0,10.0,10.0,10.0,358,405,622,701,1
29,27,3.605551275463989,93.605551275464,10.0,93.605551275464,125.35533905932738,110.43427781701902,20.0,125.35533905932738,108.63427781701903,0.0,40.0,17.0,10.0,10.0,10.0,358,405,261,316,0
29,28,5.830951894845301,95.8309518948453,20.0,93.605551275464,125.35533905932738,110.43427781701902,20.0,125.35533905932738,108.63427781701903,0.0,40.0,17.0,10.0,10.0,10.0,358,405,546,593,1
29,30,5.0,95.0,10.0,93.605551275464,125.35533905932738,110.43427781701902,20.0,125.35533905932738,108.63427781701903,0.0,40.0,17.0,10.0,10.0,10.0,358,405,449,504,1
29,31,18.027756377319946,108.02775637731995,20.0,93.605551275464,125.35533905932738,110.43427781701902,20.0,125.35533905932738,108.63427781701903,0.0,40.0,17.0,10.0,10.0,10.0,358,405,200,237,0
29,32,14.142135623730951,104.14213562373095,30.0,93.605551275464,125.35533905932738,110.43427781701902,20.0,125.35533905932738,108.63427781701903,0.0,40.0,17.0,10.0,10.0,10.0,358,405,31,100,0
29,33,15.620499351813308,105.62049935181331,40.0,93.605551275464,125.35533905932738,110.43427781701902,20.0,125.35533905932738,108.63427781701903,0.0,40.0,17.0,10.0,10.0,10.0,358,405,87,158,0
29,34,13.0,103.0,20.0,93.605551275464,125.35533905932738,110.43427781701902,20.0,125.35533905932738,108.63427781701903,0.0,40.0,17.0,10.0,10.0,10.0,358,405,751,816,1
29,35,21.213203435596427,111.21320343559643,10.0,93.605551275464,125.35533905932738,110.43427781701902,20.0,125.35533905932738,108.63427781701903,0.0,40.0,17.0,10.0,10.0,10.0,358,405,283,344,0
29,36,15.811388300841896,105.8113883008419,10.0,93.605551275464,125.35533905932738,110.43427781701902,20.0,125.35533905932738,108.63427781701903,0.0,40.0,17.0,10.0,10.0,10.0,358,405,665,716,0
29,37,20.591260281974,110.591260281974,20.0,93.605551275464,125.35533905932738,110.43427781701902,20.0,125.35533905932738,108.63427781701903,0.0,40.0,17.0,10.0,10.0,10.0,358,405,383,434,0
29,38,22.360679774997898,112.36067977499789,30.0,93.605551275464,125.35533905932738,110.43427781701902,20.0,125.35533905932738,108.63427781701903,0.0,40.0,17.0,10.0,10.0,10.0,358,405,479,522,1
29,39,20.615528128088304,110.6155281280883,20.0,93.605551275464,125.35533905932738,110.43427781701902,20.0,125.35533905932738,108.63427781701903,0.0,40.0,17.0,10.0,10.0,10.0,358,405,567,624,1
29,40,25.0,115.0,10.0,93.605551275464,125.35533905932738,110.43427781701902,20.0,125.35533905932738,108.63427781701903,0.0,40.0,17.0,10.0,10.0,10.0,358,405,264,321,0
29,41,23.430749027719962,113.43074902771997,10.0,93.605551275464,125.35533905932738,110.43427781701902,20.0,125.35533905932738,108.63427781701903,0.0,40.0,17.0,10.0,10.0,10.0,358,405,166,235,0
29,42,22.20360331117452,112.20360331117452,20.0,93.605551275464,125.35533905932738,110.43427781701902,20.0,125.35533905932738,108.63427781701903,0.0,40.0,17.0,10.0,10.0,10.0,358,405,68,149,0
29,43,19.849433241279208,109.8494332412792,10.0,93.605551275464,125.35533905932738,110.43427781701902,20.0,125.35533905932738,108.63427781701903,0.0,40.0,17.0,10.0,10.0,10.0,358,405,16,80,0
29,44,23.323807579381203,113.3238075793812,10.0,93.605551275464,125.35533905932738,110.43427781701902,20.0,125.35533905932738,108.63427781701903,0.0,40.0,17.0,10.0,10.0,10.0,358,405,359,412,0
29,45,22.360679774997898,112.36067977499789,10.0,93.605551275464,125.35533905932738,110.43427781701902,20.0,125.35533905932738,108.63427781701903,0.0,40.0,17.0,10.0,10.0,10.0,358,405,541,600,0
29,46,20.591260281974,110.591260281974,30.0,93.605551275464,125.35533905932738,110.43427781701902,20.0,125.35533905932738,108.63427781701903,0.0,40.0,17.0,10.0,10.0,10.0,358,405,448,509,1
29,47,18.027756377319946,108.02775637731995,10.0,93.605551275464,125.35533905932738,110.43427781701902,20.0,125.35533905932738,108.63427781701903,0.0,40.0,17.0,10.0,10.0,10.0,358,405,1054,1127,0
29,48,21.540659228538015,111.54065922853802,10.0,93.605551275464,125.35533905932738,110.43427781701902,20.0,125.35533905932738,108.63427781701903,0.0,40.0,17.0,10.0,10.0,10.0,358,405,632,693,0
29,49,17.0,107.0,10.0,93.605551275464,125.35533905932738,110.43427781701902,20.0,125.35533905932738,108.63427781701903,0.0,40.0,17.0,10.0,10.0,10.0,358,405,1001,1066,0
29,50,18.973665961010276,108.97366596101028,10.0,93.605551275464,125.35533905932738,110.43427781701902,20.0,125.35533905932738,108.63427781701903,0.0,40.0,17.0,10.0,10.0,10.0,358,405,815,880,0
30,0,20.615528128088304,110.6155281280883,0.0,93.0,120.4138126514911,110.47876472253247,20.615528128088304,120.4138126514911,108.67876472253246,0.0,40.0,17.0,10.0,10.0,10.0,449,504,0,1236,1
30,1,28.178005607210743,118.17800560721074,10.0,93.0,120.4138126514911,110.47876472253247,20.615528128088304,120.4138126514911,108.67876472253246,0.0,40.0,17.0,10.0,10.0,10.0,449,504,912,967,0
30,2,29.154759474226502,119.1547594742265,30.0,93.0,120.4138126514911,110.47876472253247,20.615528128088304,120.4138126514911,108.67876472253246,0.0,40.0,17.0,10.0,10.0,10.0,449,504,825,870,0
30,3,24.596747752497688,114.59674775249769,10.0,93.0,120.4138126514911,110.47876472253247,20.615528128088304,120.4138126514911,108.67876472253246,0.0,40.0,17.0,10.0,10.0,10.0,449,504,65,146,0
30,4,25.553864678361276,115.55386467836128,10.0,93.0,120.4138126514911,110.47876472253247,20.615528128088304,120.4138126514911,108.67876472253246,0.0,40.0,17.0,10.0,10.0,10.0,449,504,727,782,0
30,5,24.166091947189145,114.16609194718914,10.0,93.0,120.4138126514911,110.47876472253247,20.615528128088304,120.4138126514911,108.67876472253246,0.0,40.0,17.0,10.0,10.0,10.0,449,504,15,67,0
30,6,24.413111231467404,114.41311123146741,20.0,93.0,120.4138126514911,110.47876472253247,20.615528128088304,120.4138126514911,108.67876472253246,0.0,40.0,17.0,10.0,10.0,10.0,449,504,621,702,0
30,7,22.825424421026653,112.82542442102665,20.0,93.0,120.4138126514911,110.47876472253247,20.615528128088304,120.4138126514911,108.67876472253246,0.0,40.0,17.0,10.0,10.0,10.0,449,504,170,225,0
30,8,22.20360331117452,112.20360331117452,20.0,93.0,120.4138126514911,110.47876472253247,20.615528128088304,120.4138126514911,108.67876472253246,0.0,40.0,17.0,10.0,10.0,10.0,449,504,255,324,0
30,9,23.430749027719962,113.43074902771997,10.0,93.0,120.4138126514911,110.47876472253247,20.615528128088304,120.4138126514911,108.67876472253246,0.0,40.0,17.0,10.0,10.0,10.0,449,504,534,605,1
30,10,18.601075237738275,108.60107523773827,10.0,93.0,120.4138126514911,110.47876472253247,20.615528128088304,120.4138126514911,108.67876472253246,0.0,40.0,17.0,10.0,10.0,10.0,449,504,357,410,0
30,11,20.518284528683193,110.5182845286832,10.0,93.0,120.4138126514911,110.47876472253247,20.615528128088304,120.4138126514911,108.67876472253246,0.0,40.0,17.0,10.0,10.0,10.0,449,504,448,505,0
30,12,30.4138126514911,120.4138126514911,20.0,93.0,120.4138126514911,110.47876472253247,20.615528128088304,120.4138126514911,108.67876472253246,0.0,40.0,17.0,10.0,10.0,10.0,449,504,652,721,1
30,13,20.09975124224178,110.09975124224178,30.0,93.0,120.4138126514911,110.47876472253247,20.615528128088304,120.4138126514911,108.67876472253246,0.0,40.0,17.0,10.0,10.0,10.0,449,504,30,92,0
30,14,30.066592756745816,120.06659275674582,10.0,93.0,120.4138126514911,110.47876472253247,20.615528128088304,120.4138126514911,108.67876472253246,0.0,40.0,17.0,10.0,10.0,10.0,449,504,567,620,1
30,15,25.0,115.0,40.0,93.0,120.4138126514911,110.47876472253247,20.615528128088304,120.4138126514911,108.67876472253246,0.0,40.0,17.0,10.0,10.0,10.0,449,504,384,429,0
30,16,30.0,120.0,40.0,93.0,120.4138126514911,110.47876472253247,20.615528128088304,120.4138126514911,108.67876472253246,0.0,40.0,17.0,10.0,10.0,10.0,449,504,475,528,0
30,17,20.09975124224178,110.09975124224178,20.0,93.0,120.4138126514911,110.47876472253247,20.615528128088304,120.4138126514911,108.67876472253246,0.0,40.0,17.0,10.0,10.0,10.0,449,504,99,148,0
30,18,20.615528128088304,110.6155281280883,20.0,93.0,120.4138126514911,110.47876472253247,20.615528128088304,120.4138126514911,108.67876472253246,0.0,40.0,17.0,10.0,10.0,10.0,449,504,179,254,0
30,19,25.495097567963924,115.49509756796392,10.0,93.0,120.4138126514911,110.47876472253247,20.615528128088304,120.4138126514911,108.67876472253246,0.0,40.0,17.0,10.0,10.0,10.0,449,504,278,345,0
30,20,11.180339887498949,101.18033988749895,10.0,93.0,120.4138126514911,110.47876472253247,20.615528128088304,120.4138126514911,108.67876472253246,0.0,40.0,17.0,10.0,10.0,10.0,449,504,10,73,0
30,21,10.44030650891055,100.44030650891055,20.0,93.0,120.4138126514911,110.47876472253247,20.615528128088304,120.4138126514911,108.67876472253246,0.0,40.0,17.0,10.0,10.0,10.0,449,504,914,965,0
30,22,8.54400374531753,98.54400374531753,20.0,93.0,120.4138126514911,110.47876472253247,20.615528128088304,120.4138126514911,108.67876472253246,0.0,40.0,17.0,10.0,10.0,10.0,449,504,812,883,1
30,23,8.0,98.0,10.0,93.0,120.4138126514911,110.47876472253247,20.615528128088304,120.4138126514911,108.67876472253246,0.0,40.0,17.0,10.0,10.0,10.0,449,504,732,777,1
30,24,7.0710678118654755,97.07106781186548,10.0,93.0,120.4138126514911,110.47876472253247,20.615528128088304,120.4138126514911,108.67876472253246,0.0,40.0,17.0,10.0,10.0,10.0,449,504,65,144,0
30,25,5.830951894845301,95.8309518948453,40.0,93.0,120.4138126514911,110.47876472253247,20.615528128088304,120.4138126514911,108.67876472253246,0.0,40.0,17.0,10.0,10.0,10.0,449,504,169,224,0
30,26,5.0,95.0,10.0,93.0,120.4138126514911,110.47876472253247,20.615528128088304,120.4138126514911,108.67876472253246,0.0,40.0,17.0,10.0,10.0,10.0,449,504,622,701,1
30,27,4.242640687119285,94.24264068711929,10.0,93.0,120.4138126514911,110.47876472253247,20.615528128088304,120.4138126514911,108.67876472253246,0.0,40.0,17.0,10.0,10.0,10.0,449,504,261,316,0
30,28,3.0,93.0,20.0,93.0,120.4138126514911,110.47876472253247,20.615528128088304,120.4138126514911,108.67876472253246,0.0,40.0,17.0,10.0,10.0,10.0,449,504,546,593,1
30,29,5.0,95.0,10.0,93.0,120.4138126514911,110.47876472253247,20.615528128088304,120.4138126514911,108.67876472253246,0.0,40.0,17.0,10.0,10.0,10.0,449,504,358,405,0
30,31,22.360679774997898,112.36067977499789,20.0,93.0,120.4138126514911,110.47876472253247,20.615528128088304,120.4138126514911,108.67876472253246,0.0,40.0,17.0,10.0,10.0,10.0,449,504,200,237,0
30,32,18.027756377319946,108.02775637731995,30.0,93.0,120.4138126514911,110.47876472253247,20.615528128088304,120.4138126514911,108.67876472253246,0.0,40.0,17.0,10.0,10.0,10.0,449,504,31,100,0
30,33,19.209372712298546,109.20937271229855,40.0,93.0,120.4138126514911,110.47876472253247,20.615528128088304,120.4138126514911,108.67876472253246,0.0,40.0,17.0,10.0,10.0,10.0,449,504,87,158,0
30,34,15.620499351813308,105.62049935181331,20.0,93.0,120.4138126514911,110.47876472253247,20.615528128088304,120.4138126514911,108.67876472253246,0.0,40.0,17.0,10.0,10.0,10.0,449,504,751,816,1
30,35,25.0,115.0,10.0,93.0,120.4138126514911,110.47876472253247,20.615528128088304,120.4138126514911,108.67876472253246,0.0,40.0,17.0,10.0,10.0,10.0,449,504,283,344,0
30,36,18.027756377319946,108.02775637731995,10.0,93.0,120.4138126514911,110.47876472253247,20.615528128088304,120.4138126514911,108.67876472253246,0.0,40.0,17.0,10.0,10.0,10.0,449,504,665,716,1
30,37,23.430749027719962,113.43074902771997,20.0,93.0,120.4138126514911,110.47876472253247,20.615528128088304,120.4138126514911,108.67876472253246,0.0,40.0,17.0,10.0,10.0,10.0,449,504,383,434,0
30,38,25.0,115.0,30.0,93.0,120.4138126514911,110.47876472253247,20.615528128088304,120.4138126514911,108.67876472253246,0.0,40.0,17.0,10.0,10.0,10.0,449,504,479,522,0
30,39,22.360679774997898,112.36067977499789,20.0,93.0,120.4138126514911,110.47876472253247,20.615528128088304,120.4138126514911,108.67876472253246,0.0,40.0,17.0,10.0,10.0,10.0,449,504,567,624,0
30,40,29.154759474226502,119.1547594742265,10.0,93.0,120.4138126514911,110.47876472253247,20.615528128088304,120.4138126514911,108.67876472253246,0.0,40.0,17.0,10.0,10.0,10.0,449,504,264,321,0
30,41,27.459060435491963,117.45906043549196,10.0,93.0,120.4138126514911,110.47876472253247,20.615528128088304,120.4138126514911,108.67876472253246,0.0,40.0,17.0,10.0,10.0,10.0,449,504,166,235,0
30,42,26.419689627245813,116.41968962724582,20.0,93.0,120.4138126514911,110.47876472253247,20.615528128088304,120.4138126514911,108.67876472253246,0.0,40.0,17.0,10.0,10.0,10.0,449,504,68,149,0
30,43,23.853720883753127,113.85372088375313,10.0,93.0,120.4138126514911,110.47876472253247,20.615528128088304,120.4138126514911,108.67876472253246,0.0,40.0,17.0,10.0,10.0,10.0,449,504,16,80,0
30,44,27.730849247724095,117.7308492477241,10.0,93.0,120.4138126514911,110.47876472253247,20.615528128088304,120.4138126514911,108.67876472253246,0.0,40.0,17.0,10.0,10.0,10.0,449,504,359,412,0
30,45,26.92582403567252,116.92582403567252,10.0,93.0,120.4138126514911,110.47876472253247,20.615528128088304,120.4138126514911,108.67876472253246,0.0,40.0,17.0,10.0,10.0,10.0,449,504,541,600,0
30,46,25.079872407968907,115.0798724079689,30.0,93.0,120.4138126514911,110.47876472253247,20.615528128088304,120.4138126514911,108.67876472253246,0.0,40.0,17.0,10.0,10.0,10.0,449,504,448,509,0
30,47,22.360679774997898,112.36067977499789,10.0,93.0,120.4138126514911,110.47876472253247,20.615528128088304,120.4138126514911,108.67876472253246,0.0,40.0,17.0,10.0,10.0,10.0,449,504,1054,1127,0
30,48,26.248809496813376,116.24880949681338,10.0,93.0,120.4138126514911,110.47876472253247,20.615528128088304,120.4138126514911,108.67876472253246,0.0,40.0,17.0,10.0,10.0,10.0,449,504,632,693,0
30,49,21.540659228538015,111.54065922853802,10.0,93.0,120.4138126514911,110.47876472253247,20.615528128088304,120.4138126514911,108.67876472253246,0.0,40.0,17.0,10.0,10.0,10.0,449,504,1001,1066,0
30,50,23.769728648009426,113.76972864800942,10.0,93.0,120.4138126514911,110.47876472253247,20.615528128088304,120.4138126514911,108.67876472253246,0.0,40.0,17.0,10.0,10.0,10.0,449,504,815,880,0
31,0,33.54101966249684,123.54101966249684,0.0,95.0,142.20153254455275,119.10358561635277,33.54101966249684,142.20153254455275,117.30358561635278,0.0,40.0,16.8,20.0,20.0,20.0,200,237,0,1236,1
31,1,48.104053883222775,138.10405388322278,10.0,95.0,142.20153254455275,119.10358561635277,33.54101966249684,142.20153254455275,117.30358561635278,0.0,40.0,16.8,20.0,20.0,20.0,200,237,912,967,0
31,2,49.49747468305833,139.49747468305833,30.0,95.0,142.20153254455275,119.10358561635277,33.54101966249684,142.20153254455275,117.30358561635278,0.0,40.0,16.8,20.0,20.0,20.0,200,237,825,870,0
31,3,44.553338819890925,134.55333881989094,10.0,95.0,142.20153254455275,119.10358561635277,33.54101966249684,142.20153254455275,117.30358561635278,0.0,40.0,16.8,20.0,20.0,20.0,200,237,65,146,0
31,4,45.967379738244816,135.9673797382448,10.0,95.0,142.20153254455275,119.10358561635277,33.54101966249684,142.20153254455275,117.30358561635278,0.0,40.0,16.8,20.0,20.0,20.0,200,237,727,782,0
31,5,43.86342439892262,133.86342439892263,10.0,95.0,142.20153254455275,119.10358561635277,33.54101966249684,142.20153254455275,117.30358561635278,0.0,40.0,16.8,20.0,20.0,20.0,200,237,15,67,0
31,6,45.34313619501854,135.34313619501853,20.0,95.0,142.20153254455275,119.10358561635277,33.54101966249684,142.20153254455275,117.30358561635278,0.0,40.0,16.8,20.0,20.0,20.0,200,237,621,702,0
31,7,43.139309220245984,133.139309220246,20.0,95.0,142.20153254455275,119.10358561635277,33.54101966249684,142.20153254455275,117.30358561635278,0.0,40.0,16.8,20.0,20.0,20.0,200,237,170,225,0
31,8,43.278170016764804,133.27817001676482,20.0,95.0,142.20153254455275,119.10358561635277,33.54101966249684,142.20153254455275,117.30358561635278,0.0,40.0,16.8,20.0,20.0,20.0,200,237,255,324,0
31,9,44.82186966202994,134.82186966202994,10.0,95.0,142.20153254455275,119.10358561635277,33.54101966249684,142.20153254455275,117.30358561635278,0.0,40.0,16.8,20.0,20.0,20.0,200,237,534,605,0
31,10,39.824615503479755,129.82461550347975,10.0,95.0,142.20153254455275,119.10358561635277,33.54101966249684,142.20153254455275,117.30358561635278,0.0,40.0,16.8,20.0,20.0,20.0,200,237,357,410,0
31,11,42.20189569201838,132.20189569201838,10.0,95.0,142.20153254455275,119.10358561635277,33.54101966249684,142.20153254455275,117.30358561635278,0.0,40.0,16.8,20.0,20.0,20.0,200,237,448,505,0
31,12,52.20153254455275,142.20153254455275,20.0,95.0,142.20153254455275,119.10358561635277,33.54101966249684,142.20153254455275,117.30358561635278,0.0,40.0,16.8,20.0,20.0,20.0,200,237,652,721,0
31,13,41.7612260356422,131.7612260356422,30.0,95.0,142.20153254455275,119.10358561635277,33.54101966249684,142.20153254455275,117.30358561635278,0.0,40.0,16.8,20.0,20.0,20.0,200,237,30,92,0
31,14,51.419840528729765,141.41984052872976,10.0,95.0,142.20153254455275,119.10358561635277,33.54101966249684,142.20153254455275,117.30358561635278,0.0,40.0,16.8,20.0,20.0,20.0,200,237,567,620,0
31,15,46.09772228646444,136.09772228646443,40.0,95.0,142.20153254455275,119.10358561635277,33.54101966249684,142.20153254455275,117.30358561635278,0.0,40.0,16.8,20.0,20.0,20.0,200,237,384,429,0
31,16,50.99019513592785,140.99019513592785,40.0,95.0,142.20153254455275,119.10358561635277,33.54101966249684,142.20153254455275,117.30358561635278,0.0,40.0,16.8,20.0,20.0,20.0,200,237,475,528,0
31,17,40.792156108742276,130.7921561087423,20.0,95.0,142.20153254455275,119.10358561635277,33.54101966249684,142.20153254455275,117.30358561635278,0.0,40.0,16.8,20.0,20.0,20.0,200,237,99,148,0
31,18,40.311288741492746,130.31128874149275,20.0,95.0,142.20153254455275,119.10358561635277,33.54101966249684,142.20153254455275,117.30358561635278,0.0,40.0,16.8,20.0,20.0,20.0,200,237,179,254,0
31,19,45.27692569068709,135.27692569068708,10.0,95.0,142.20153254455275,119.10358561635277,33.54101966249684,142.20153254455275,117.30358561635278,0.0,40.0,16.8,20.0,20.0,20.0,200,237,278,345,0
31,20,25.0,115.0,10.0,95.0,142.20153254455275,119.10358561635277,33.54101966249684,142.20153254455275,117.30358561635278,0.0,40.0,16.8,20.0,20.0,20.0,200,237,10,73,0
31,21,26.248809496813376,116.24880949681338,20.0,95.0,142.20153254455275,119.10358561635277,33.54101966249684,142.20153254455275,117.30358561635278,0.0,40.0,16.8,20.0,20.0,20.0,200,237,914,965,0
31,22,24.758836806279895,114.7588368062799,20.0,95.0,142.20153254455275,119.10358561635277,33.54101966249684,142.20153254455275,117.30358561635278,0.0,40.0,16.8,20.0,20.0,20.0,200,237,812,883,0
31,23,26.90724809414742,116.90724809414742,10.0,95.0,142.20153254455275,119.10358561635277,33.54101966249684,142.20153254455275,117.30358561635278,0.0,40.0,16.8,20.0,20.0,20.0,200,237,732,777,0
31,24,21.213203435596427,111.21320343559643,10.0,95.0,142.20153254455275,119.10358561635277,33.54101966249684,142.20153254455275,117.30358561635278,0.0,40.0,16.8,20.0,20.0,20.0,200,237,65,144,0
31,25,22.67156809750927,112.67156809750927,40.0,95.0,142.20153254455275,119.10358561635277,33.54101966249684,142.20153254455275,117.30358561635278,0.0,40.0,16.8,20.0,20.0,20.0,200,237,169,224,0
31,26,25.0,115.0,10.0,95.0,142.20153254455275,119.10358561635277,33.54101966249684,142.20153254455275,117.30358561635278,0.0,40.0,16.8,20.0,20.0,20.0,200,237,622,701,0
31,27,21.400934559032695,111.40093455903269,10.0,95.0,142.20153254455275,119.10358561635277,33.54101966249684,142.20153254455275,117.30358561635278,0.0,40.0,16.8,20.0,20.0,20.0,200,237,261,316,1
31,28,23.853720883753127,113.85372088375313,20.0,95.0,142.20153254455275,119.10358561635277,33.54101966249684,142.20153254455275,117.30358561635278,0.0,40.0,16.8,20.0,20.0,20.0,200,237,546,593,0
31,29,18.027756377319946,108.02775637731995,10.0,95.0,142.20153254455275,119.10358561635277,33.54101966249684,142.20153254455275,117.30358561635278,0.0,40.0,16.8,20.0,20.0,20.0,200,237,358,405,1
31,30,22.360679774997898,112.36067977499789,10.0,95.0,142.20153254455275,119.10358561635277,33.54101966249684,142.20153254455275,117.30358561635278,0.0,40.0,16.8,20.0,20.0,20.0,200,237,449,504,1
31,32,5.0,95.0,30.0,95.0,142.20153254455275,119.10358561635277,33.54101966249684,142.20153254455275,117.30358561635278,0.0,40.0,16.8,20.0,20.0,20.0,200,237,31,100,0
31,33,5.385164807134504,95.3851648071345,40.0,95.0,142.20153254455275,119.10358561635277,33.54101966249684,142.20153254455275,117.30358561635278,0.0,40.0,16.8,20.0,20.0,20.0,200,237,87,158,0
31,34,10.198039027185569,100.19803902718557,20.0,95.0,142.20153254455275,119.10358561635277,33.54101966249684,142.20153254455275,117.30358561635278,0.0,40.0,16.8,20.0,20.0,20.0,200,237,751,816,1
31,35,5.0,95.0,10.0,95.0,142.20153254455275,119.10358561635277,33.54101966249684,142.20153254455275,117.30358561635278,0.0,40.0,16.8,20.0,20.0,20.0,200,237,283,344,1
31,36,11.180339887498949,101.18033988749895,10.0,95.0,142.20153254455275,119.10358561635277,33.54101966249684,142.20153254455275,117.30358561635278,0.0,40.0,16.8,20.0,20.0,20.0,200,237,665,716,0
31,37,9.433981132056603,99.4339811320566,20.0,95.0,142.20153254455275,119.10358561635277,33.54101966249684,142.20153254455275,117.30358561635278,0.0,40.0,16.8,20.0,20.0,20.0,200,237,383,434,1
31,38,11.180339887498949,101.18033988749895,30.0,95.0,142.20153254455275,119.10358561635277,33.54101966249684,142.20153254455275,117.30358561635278,0.0,40.0,16.8,20.0,20.0,20.0,200,237,479,522,1
31,39,14.142135623730951,104.14213562373095,20.0,95.0,142.20153254455275,119.10358561635277,33.54101966249684,142.20153254455275,117.30358561635278,0.0,40.0,16.8,20.0,20.0,20.0,200,237,567,624,0
31,40,25.495097567963924,115.49509756796392,10.0,95.0,142.20153254455275,119.10358561635277,33.54101966249684,142.20153254455275,117.30358561635278,0.0,40.0,16.8,20.0,20.0,20.0,200,237,264,321,1
31,41,25.179356624028344,115.17935662402834,10.0,95.0,142.20153254455275,119.10358561635277,33.54101966249684,142.20153254455275,117.30358561635278,0.0,40.0,16.8,20.0,20.0,20.0,200,237,166,235,0
31,42,23.194827009486403,113.1948270094864,20.0,95.0,142.20153254455275,119.10358561635277,33.54101966249684,142.20153254455275,117.30358561635278,0.0,40.0,16.8,20.0,20.0,20.0,200,237,68,149,0
31,43,23.0,113.0,10.0,95.0,142.20153254455275,119.10358561635277,33.54101966249684,142.20153254455275,117.30358561635278,0.0,40.0,16.8,20.0,20.0,20.0,200,237,16,80,0
31,44,22.561028345356956,112.56102834535696,10.0,95.0,142.20153254455275,119.10358561635277,33.54101966249684,142.20153254455275,117.30358561635278,0.0,40.0,16.8,20.0,20.0,20.0,200,237,359,412,1
31,45,20.615528128088304,110.6155281280883,10.0,95.0,142.20153254455275,119.10358561635277,33.54101966249684,142.20153254455275,117.30358561635278,0.0,40.0,16.8,20.0,20.0,20.0,200,237,541,600,0
31,46,20.223748416156685,110.22374841615668,30.0,95.0,142.20153254455275,119.10358561635277,33.54101966249684,142.20153254455275,117.30358561635278,0.0,40.0,16.8,20.0,20.0,20.0,200,237,448,509,1
31,47,20.0,110.0,10.0,95.0,142.20153254455275,119.10358561635277,33.54101966249684,142.20153254455275,117.30358561635278,0.0,40.0,16.8,20.0,20.0,20.0,200,237,1054,1127,0
31,48,18.681541692269406,108.6815416922694,10.0,95.0,142.20153254455275,119.10358561635277,33.54101966249684,142.20153254455275,117.30358561635278,0.0,40.0,16.8,20.0,20.0,20.0,200,237,632,693,0
31,49,18.0,108.0,10.0,95.0,142.20153254455275,119.10358561635277,33.54101966249684,142.20153254455275,117.30358561635278,0.0,40.0,16.8,20.0,20.0,20.0,200,237,1001,1066,0
31,50,16.278820596099706,106.2788205960997,10.0,95.0,142.20153254455275,119.10358561635277,33.54101966249684,142.20153254455275,117.30358561635278,0.0,40.0,16.8,20.0,20.0,20.0,200,237,815,880,0
32,0,31.622776601683793,121.6227766016838,0.0,92.0,137.43416490252568,116.69496954811687,31.622776601683793,137.43416490252568,114.89496954811688,0.0,40.0,16.6,30.0,30.0,30.0,31,100,0,1236,1
32,1,44.82186966202994,134.82186966202994,10.0,92.0,137.43416490252568,116.69496954811687,31.622776601683793,137.43416490252568,114.89496954811688,0.0,40.0,16.6,30.0,30.0,30.0,31,100,912,967,0
32,2,46.09772228646444,136.09772228646443,30.0,92.0,137.43416490252568,116.69496954811687,31.622776601683793,137.43416490252568,114.89496954811688,0.0,40.0,16.6,30.0,30.0,30.0,31,100,825,870,0
32,3,41.23105625617661,131.2310562561766,10.0,92.0,137.43416490252568,116.69496954811687,31.622776601683793,137.43416490252568,114.89496954811688,0.0,40.0,16.6,30.0,30.0,30.0,31,100,65,146,0
32,4,42.5205832509386,132.5205832509386,10.0,92.0,137.43416490252568,116.69496954811687,31.622776601683793,137.43416490252568,114.89496954811688,0.0,40.0,16.6,30.0,30.0,30.0,31,100,727,782,0
32,5,40.607881008493905,130.6078810084939,10.0,92.0,137.43416490252568,116.69496954811687,31.622776601683793,137.43416490252568,114.89496954811688,0.0,40.0,16.6,30.0,30.0,30.0,31,100,15,67,0
32,6,41.72529209005013,131.72529209005012,20.0,92.0,137.43416490252568,116.69496954811687,31.622776601683793,137.43416490252568,114.89496954811688,0.0,40.0,16.6,30.0,30.0,30.0,31,100,621,702,0
32,7,39.698866482558415,129.6988664825584,20.0,92.0,137.43416490252568,116.69496954811687,31.622776601683793,137.43416490252568,114.89496954811688,0.0,40.0,16.6,30.0,30.0,30.0,31,100,170,225,0
32,8,39.59797974644666,129.59797974644667,20.0,92.0,137.43416490252568,116.69496954811687,31.622776601683793,137.43416490252568,114.89496954811688,0.0,40.0,16.6,30.0,30.0,30.0,31,100,255,324,0
32,9,41.036569057366385,131.0365690573664,10.0,92.0,137.43416490252568,116.69496954811687,31.622776601683793,137.43416490252568,114.89496954811688,0.0,40.0,16.6,30.0,30.0,30.0,31,100,534,605,0
32,10,36.069377593742864,126.06937759374287,10.0,92.0,137.43416490252568,116.69496954811687,31.622776601683793,137.43416490252568,114.89496954811688,0.0,40.0,16.6,30.0,30.0,30.0,31,100,357,410,0
32,11,38.28837943815329,128.2883794381533,10.0,92.0,137.43416490252568,116.69496954811687,31.622776601683793,137.43416490252568,114.89496954811688,0.0,40.0,16.6,30.0,30.0,30.0,31,100,448,505,0
32,12,47.43416490252569,137.43416490252568,20.0,92.0,137.43416490252568,116.69496954811687,31.622776601683793,137.43416490252568,114.89496954811688,0.0,40.0,16.6,30.0,30.0,30.0,31,100,652,721,0
32,13,37.0,127.0,30.0,92.0,137.43416490252568,116.69496954811687,31.622776601683793,137.43416490252568,114.89496954811688,0.0,40.0,16.6,30.0,30.0,30.0,31,100,30,92,0
32,14,46.57252408878007,136.57252408878009,10.0,92.0,137.43416490252568,116.69496954811687,31.622776601683793,137.43416490252568,114.89496954811688,0.0,40.0,16.6,30.0,30.0,30.0,31,100,567,620,0
32,15,41.23105625617661,131.2310562561766,40.0,92.0,137.43416490252568,116.69496954811687,31.622776601683793,137.43416490252568,114.89496954811688,0.0,40.0,16.6,30.0,30.0,30.0,31,100,384,429,0
32,16,46.09772228646444,136.09772228646443,40.0,92.0,137.43416490252568,116.69496954811687,31.622776601683793,137.43416490252568,114.89496954811688,0.0,40.0,16.6,30.0,30.0,30.0,31,100,475,528,0
32,17,35.90264614203248,125.90264614203248,20.0,92.0,137.43416490252568,116.69496954811687,31.622776601683793,137.43416490252568,114.89496954811688,0.0,40.0,16.6,30.0,30.0,30.0,31,100,99,148,0
32,18,35.35533905932738,125.35533905932738,20.0,92.0,137.43416490252568,116.69496954811687,31.622776601683793,137.43416490252568,114.89496954811688,0.0,40.0,16.6,30.0,30.0,30.0,31,100,179,254,0
32,19,40.311288741492746,130.31128874149275,10.0,92.0,137.43416490252568,116.69496954811687,31.622776601683793,137.43416490252568,114.89496954811688,0.0,40.0,16.6,30.0,30.0,30.0,31,100,278,345,1
32,20,22.360679774997898,112.36067977499789,10.0,92.0,137.43416490252568,116.69496954811687,31.622776601683793,137.43416490252568,114.89496954811688,0.0,40.0,16.6,30.0,30.0,30.0,31,100,10,73,0
32,21,23.323807579381203,113.3238075793812,20.0,92.0,137.43416490252568,116.69496954811687,31.622776601683793,137.43416490252568,114.89496954811688,0.0,40.0,16.6,30.0,30.0,30.0,31,100,914,965,0
32,22,21.633307652783937,111.63330765278394,20.0,92.0,137.43416490252568,116.69496954811687,31.622776601683793,137.43416490252568,114.89496954811688,0.0,40.0,16.6,30.0,30.0,30.0,31,100,812,883,0
32,23,23.430749027719962,113.43074902771997,10.0,92.0,137.43416490252568,116.69496954811687,31.622776601683793,137.43416490252568,114.89496954811688,0.0,40.0,16.6,30.0,30.0,30.0,31,100,732,777,0
32,24,18.027756377319946,108.02775637731995,10.0,92.0,137.43416490252568,116.69496954811687,31.622776601683793,137.43416490252568,114.89496954811688,0.0,40.0,16.6,30.0,30.0,30.0,31,100,65,144,0
32,25,19.209372712298546,109.20937271229855,40.0,92.0,137.43416490252568,116.69496954811687,31.622776601683793,137.43416490252568,114.89496954811688,0.0,40.0,16.6,30.0,30.0,30.0,31,100,169,224,1
32,26,21.213203435596427,111.21320343559643,10.0,92.0,137.43416490252568,116.69496954811687,31.622776601683793,137.43416490252568,114.89496954811688,0.0,40.0,16.6,30.0,30.0,30.0,31,100,622,701,0
32,27,17.69180601295413,107.69180601295413,10.0,92.0,137.43416490252568,116.69496954811687,31.622776601683793,137.43416490252568,114.89496954811688,0.0,40.0,16.6,30.0,30.0,30.0,31,100,261,316,1
32,28,19.849433241279208,109.8494332412792,20.0,92.0,137.43416490252568,116.69496954811687,31.622776601683793,137.43416490252568,114.89496954811688,0.0,40.0,16.6,30.0,30.0,30.0,31,100,546,593,0
32,29,14.142135623730951,104.14213562373095,10.0,92.0,137.43416490252568,116.69496954811687,31.622776601683793,137.43416490252568,114.89496954811688,0.0,40.0,16.6,30.0,30.0,30.0,31,100,358,405,0
32,30,18.027756377319946,108.02775637731995,10.0,92.0,137.43416490252568,116.69496954811687,31.622776601683793,137.43416490252568,114.89496954811688,0.0,40.0,16.6,30.0,30.0,30.0,31,100,449,504,0
32,31,5.0,95.0,20.0,92.0,137.43416490252568,116.69496954811687,31.622776601683793,137.43416490252568,114.89496954811688,0.0,40.0,16.6,30.0,30.0,30.0,31,100,200,237,1
32,33,2.0,92.0,40.0,92.0,137.43416490252568,116.69496954811687,31.622776601683793,137.43416490252568,114.89496954811688,0.0,40.0,16.6,30.0,30.0,30.0,31,100,87,158,1
32,34,5.385164807134504,95.3851648071345,20.0,92.0,137.43416490252568,116.69496954811687,31.622776601683793,137.43416490252568,114.89496954811688,0.0,40.0,16.6,30.0,30.0,30.0,31,100,751,816,0
32,35,7.0710678118654755,97.07106781186548,10.0,92.0,137.43416490252568,116.69496954811687,31.622776601683793,137.43416490252568,114.89496954811688,0.0,40.0,16.6,30.0,30.0,30.0,31,100,283,344,1
32,36,7.0710678118654755,97.07106781186548,10.0,92.0,137.43416490252568,116.69496954811687,31.622776601683793,137.43416490252568,114.89496954811688,0.0,40.0,16.6,30.0,30.0,30.0,31,100,665,716,0
32,37,8.0,98.0,20.0,92.0,137.43416490252568,116.69496954811687,31.622776601683793,137.43416490252568,114.89496954811688,0.0,40.0,16.6,30.0,30.0,30.0,31,100,383,434,0
32,38,10.0,100.0,30.0,92.0,137.43416490252568,116.69496954811687,31.622776601683793,137.43416490252568,114.89496954811688,0.0,40.0,16.6,30.0,30.0,30.0,31,100,479,522,0
32,39,11.180339887498949,101.18033988749895,20.0,92.0,137.43416490252568,116.69496954811687,31.622776601683793,137.43416490252568,114.89496954811688,0.0,40.0,16.6,30.0,30.0,30.0,31,100,567,624,0
32,40,26.92582403567252,116.92582403567252,10.0,92.0,137.43416490252568,116.69496954811687,31.622776601683793,137.43416490252568,114.89496954811688,0.0,40.0,16.6,30.0,30.0,30.0,31,100,264,321,0
32,41,26.248809496813376,116.24880949681338,10.0,92.0,137.43416490252568,116.69496954811687,31.622776601683793,137.43416490252568,114.89496954811688,0.0,40.0,16.6,30.0,30.0,30.0,31,100,166,235,1
32,42,24.351591323771842,114.35159132377184,20.0,92.0,137.43416490252568,116.69496954811687,31.622776601683793,137.43416490252568,114.89496954811688,0.0,40.0,16.6,30.0,30.0,30.0,31,100,68,149,0
32,43,23.53720459187964,113.53720459187964,10.0,92.0,137.43416490252568,116.69496954811687,31.622776601683793,137.43416490252568,114.89496954811688,0.0,40.0,16.6,30.0,30.0,30.0,31,100,16,80,0
32,44,24.166091947189145,114.16609194718914,10.0,92.0,137.43416490252568,116.69496954811687,31.622776601683793,137.43416490252568,114.89496954811688,0.0,40.0,16.6,30.0,30.0,30.0,31,100,359,412,0
32,45,22.360679774997898,112.36067977499789,10.0,92.0,137.43416490252568,116.69496954811687,31.622776601683793,137.43416490252568,114.89496954811688,0.0,40.0,16.6,30.0,30.0,30.0,31,100,541,600,0
32,46,21.540659228538015,111.54065922853802,30.0,92.0,137.43416490252568,116.69496954811687,31.622776601683793,137.43416490252568,114.89496954811688,0.0,40.0,16.6,30.0,30.0,30.0,31,100,448,509,0
32,47,20.615528128088304,110.6155281280883,10.0,92.0,137.43416490252568,116.69496954811687,31.622776601683793,137.43416490252568,114.89496954811688,0.0,40.0,16.6,30.0,30.0,30.0,31,100,1054,1127,0
32,48,20.591260281974,110.591260281974,10.0,92.0,137.43416490252568,116.69496954811687,31.622776601683793,137.43416490252568,114.89496954811688,0.0,40.0,16.6,30.0,30.0,30.0,31,100,632,693,0
32,49,18.681541692269406,108.6815416922694,10.0,92.0,137.43416490252568,116.69496954811687,31.622776601683793,137.43416490252568,114.89496954811688,0.0,40.0,16.6,30.0,30.0,30.0,31,100,1001,1066,0
32,50,17.88854381999832,107.88854381999832,10.0,92.0,137.43416490252568,116.69496954811687,31.622776601683793,137.43416490252568,114.89496954811688,0.0,40.0,16.6,30.0,30.0,30.0,31,100,815,880,0
33,0,33.52610922848042,123.52610922848042,0.0,92.0,138.10405388322278,117.73105194512718,33.52610922848042,138.10405388322278,115.93105194512718,0.0,40.0,16.4,40.0,40.0,40.0,87,158,0,1236,1
33,1,46.400431032480725,136.40043103248072,10.0,92.0,138.10405388322278,117.73105194512718,33.52610922848042,138.10405388322278,115.93105194512718,0.0,40.0,16.4,40.0,40.0,40.0,87,158,912,967,0
33,2,47.634021455258214,137.63402145525822,30.0,92.0,138.10405388322278,117.73105194512718,33.52610922848042,138.10405388322278,115.93105194512718,0.0,40.0,16.4,40.0,40.0,40.0,87,158,825,870,0
33,3,42.80186911806539,132.80186911806538,10.0,92.0,138.10405388322278,117.73105194512718,33.52610922848042,138.10405388322278,115.93105194512718,0.0,40.0,16.4,40.0,40.0,40.0,87,158,65,146,0
33,4,44.04543109109048,134.04543109109048,10.0,92.0,138.10405388322278,117.73105194512718,33.52610922848042,138.10405388322278,115.93105194512718,0.0,40.0,16.4,40.0,40.0,40.0,87,158,727,782,0
33,5,42.20189569201838,132.20189569201838,10.0,92.0,138.10405388322278,117.73105194512718,33.52610922848042,138.10405388322278,115.93105194512718,0.0,40.0,16.4,40.0,40.0,40.0,87,158,15,67,0
33,6,43.18564576337837,133.18564576337837,20.0,92.0,138.10405388322278,117.73105194512718,33.52610922848042,138.10405388322278,115.93105194512718,0.0,40.0,16.4,40.0,40.0,40.0,87,158,621,702,0
33,7,41.23105625617661,131.2310562561766,20.0,92.0,138.10405388322278,117.73105194512718,33.52610922848042,138.10405388322278,115.93105194512718,0.0,40.0,16.4,40.0,40.0,40.0,87,158,170,225,0
33,8,41.036569057366385,131.0365690573664,20.0,92.0,138.10405388322278,117.73105194512718,33.52610922848042,138.10405388322278,115.93105194512718,0.0,40.0,16.4,40.0,40.0,40.0,87,158,255,324,0
33,9,42.42640687119285,132.42640687119285,10.0,92.0,138.10405388322278,117.73105194512718,33.52610922848042,138.10405388322278,115.93105194512718,0.0,40.0,16.4,40.0,40.0,40.0,87,158,534,605,0
33,10,37.48332962798263,127.48332962798263,10.0,92.0,138.10405388322278,117.73105194512718,33.52610922848042,138.10405388322278,115.93105194512718,0.0,40.0,16.4,40.0,40.0,40.0,87,158,357,410,0
33,11,39.6232255123179,129.6232255123179,10.0,92.0,138.10405388322278,117.73105194512718,33.52610922848042,138.10405388322278,115.93105194512718,0.0,40.0,16.4,40.0,40.0,40.0,87,158,448,505,0
33,12,48.104053883222775,138.10405388322278,20.0,92.0,138.10405388322278,117.73105194512718,33.52610922848042,138.10405388322278,115.93105194512718,0.0,40.0,16.4,40.0,40.0,40.0,87,158,652,721,0
33,13,37.69615364994153,127.69615364994152,30.0,92.0,138.10405388322278,117.73105194512718,33.52610922848042,138.10405388322278,115.93105194512718,0.0,40.0,16.4,40.0,40.0,40.0,87,158,30,92,0
33,14,47.12748667179272,137.12748667179272,10.0,92.0,138.10405388322278,117.73105194512718,33.52610922848042,138.10405388322278,115.93105194512718,0.0,40.0,16.4,40.0,40.0,40.0,87,158,567,620,0
33,15,41.7612260356422,131.7612260356422,40.0,92.0,138.10405388322278,117.73105194512718,33.52610922848042,138.10405388322278,115.93105194512718,0.0,40.0,16.4,40.0,40.0,40.0,87,158,384,429,0
33,16,46.57252408878007,136.57252408878009,40.0,92.0,138.10405388322278,117.73105194512718,33.52610922848042,138.10405388322278,115.93105194512718,0.0,40.0,16.4,40.0,40.0,40.0,87,158,475,528,0
33,17,36.40054944640259,126.4005494464026,20.0,92.0,138.10405388322278,117.73105194512718,33.52610922848042,138.10405388322278,115.93105194512718,0.0,40.0,16.4,40.0,40.0,40.0,87,158,99,148,0
33,18,35.6931365951495,125.6931365951495,20.0,92.0,138.10405388322278,117.73105194512718,33.52610922848042,138.10405388322278,115.93105194512718,0.0,40.0,16.4,40.0,40.0,40.0,87,158,179,254,0
33,19,40.607881008493905,130.6078810084939,10.0,92.0,138.10405388322278,117.73105194512718,33.52610922848042,138.10405388322278,115.93105194512718,0.0,40.0,16.4,40.0,40.0,40.0,87,158,278,345,0
33,20,24.166091947189145,114.16609194718914,10.0,92.0,138.10405388322278,117.73105194512718,33.52610922848042,138.10405388322278,115.93105194512718,0.0,40.0,16.4,40.0,40.0,40.0,87,158,10,73,0
33,21,25.059928172283335,115.05992817228334,20.0,92.0,138.10405388322278,117.73105194512718,33.52610922848042,138.10405388322278,115.93105194512718,0.0,40.0,16.4,40.0,40.0,40.0,87,158,914,965,0
33,22,23.323807579381203,113.3238075793812,20.0,92.0,138.10405388322278,117.73105194512718,33.52610922848042,138.10405388322278,115.93105194512718,0.0,40.0,16.4,40.0,40.0,40.0,87,158,812,883,0
33,23,25.0,115.0,10.0,92.0,138.10405388322278,117.73105194512718,33.52610922848042,138.10405388322278,115.93105194512718,0.0,40.0,16.4,40.0,40.0,40.0,87,158,732,777,0
33,24,19.72308292331602,109.72308292331601,10.0,92.0,138.10405388322278,117.73105194512718,33.52610922848042,138.10405388322278,115.93105194512718,0.0,40.0,16.4,40.0,40.0,40.0,87,158,65,144,0
33,25,20.808652046684813,110.80865204668481,40.0,92.0,138.10405388322278,117.73105194512718,33.52610922848042,138.10405388322278,115.93105194512718,0.0,40.0,16.4,40.0,40.0,40.0,87,158,169,224,0
33,26,22.67156809750927,112.67156809750927,10.0,92.0,138.10405388322278,117.73105194512718,33.52610922848042,138.10405388322278,115.93105194512718,0.0,40.0,16.4,40.0,40.0,40.0,87,158,622,701,0
33,27,19.209372712298546,109.20937271229855,10.0,92.0,138.10405388322278,117.73105194512718,33.52610922848042,138.10405388322278,115.93105194512718,0.0,40.0,16.4,40.0,40.0,40.0,87,158,261,316,1
33,28,21.213203435596427,111.21320343559643,20.0,92.0,138.10405388322278,117.73105194512718,33.52610922848042,138.10405388322278,115.93105194512718,0.0,40.0,16.4,40.0,40.0,40.0,87,158,546,593,0
33,29,15.620499351813308,105.62049935181331,10.0,92.0,138.10405388322278,117.73105194512718,33.52610922848042,138.10405388322278,115.93105194512718,0.0,40.0,16.4,40.0,40.0,40.0,87,158,358,405,0
33,30,19.209372712298546,109.20937271229855,10.0,92.0,138.10405388322278,117.73105194512718,33.52610922848042,138.10405388322278,115.93105194512718,0.0,40.0,16.4,40.0,40.0,40.0,87,158,449,504,0
33,31,5.385164807134504,95.3851648071345,20.0,92.0,138.10405388322278,117.73105194512718,33.52610922848042,138.10405388322278,115.93105194512718,0.0,40.0,16.4,40.0,40.0,40.0,87,158,200,237,1
33,32,2.0,92.0,30.0,92.0,138.10405388322278,117.73105194512718,33.52610922848042,138.10405388322278,115.93105194512718,0.0,40.0,16.4,40.0,40.0,40.0,87,158,31,100,0
33,34,5.0,95.0,20.0,92.0,138.10405388322278,117.73105194512718,33.52610922848042,138.10405388322278,115.93105194512718,0.0,40.0,16.4,40.0,40.0,40.0,87,158,751,816,0
33,35,5.830951894845301,95.8309518948453,10.0,92.0,138.10405388322278,117.73105194512718,33.52610922848042,138.10405388322278,115.93105194512718,0.0,40.0,16.4,40.0,40.0,40.0,87,158,283,344,1
33,36,5.830951894845301,95.8309518948453,10.0,92.0,138.10405388322278,117.73105194512718,33.52610922848042,138.10405388322278,115.93105194512718,0.0,40.0,16.4,40.0,40.0,40.0,87,158,665,716,1
33,37,6.0,96.0,20.0,92.0,138.10405388322278,117.73105194512718,33.52610922848042,138.10405388322278,115.93105194512718,0.0,40.0,16.4,40.0,40.0,40.0,87,158,383,434,1
33,38,8.0,98.0,30.0,92.0,138.10405388322278,117.73105194512718,33.52610922848042,138.10405388322278,115.93105194512718,0.0,40.0,16.4,40.0,40.0,40.0,87,158,479,522,0
33,39,9.433981132056603,99.4339811320566,20.0,92.0,138.10405388322278,117.73105194512718,33.52610922848042,138.10405388322278,115.93105194512718,0.0,40.0,16.4,40.0,40.0,40.0,87,158,567,624,1
33,40,28.792360097775937,118.79236009777594,10.0,92.0,138.10405388322278,117.73105194512718,33.52610922848042,138.10405388322278,115.93105194512718,0.0,40.0,16.4,40.0,40.0,40.0,87,158,264,321,0
33,41,28.160255680657446,118.16025568065744,10.0,92.0,138.10405388322278,117.73105194512718,33.52610922848042,138.10405388322278,115.93105194512718,0.0,40.0,16.4,40.0,40.0,40.0,87,158,166,235,0
33,42,26.248809496813376,116.24880949681338,20.0,92.0,138.10405388322278,117.73105194512718,33.52610922848042,138.10405388322278,115.93105194512718,0.0,40.0,16.4,40.0,40.0,40.0,87,158,68,149,0
33,43,25.495097567963924,115.49509756796392,10.0,92.0,138.10405388322278,117.73105194512718,33.52610922848042,138.10405388322278,115.93105194512718,0.0,40.0,16.4,40.0,40.0,40.0,87,158,16,80,0
33,44,26.0,116.0,10.0,92.0,138.10405388322278,117.73105194512718,33.52610922848042,138.10405388322278,115.93105194512718,0.0,40.0,16.4,40.0,40.0,40.0,87,158,359,412,0
33,45,24.166091947189145,114.16609194718914,10.0,92.0,138.10405388322278,117.73105194512718,33.52610922848042,138.10405388322278,115.93105194512718,0.0,40.0,16.4,40.0,40.0,40.0,87,158,541,600,0
33,46,23.40939982143925,113.40939982143925,30.0,92.0,138.10405388322278,117.73105194512718,33.52610922848042,138.10405388322278,115.93105194512718,0.0,40.0,16.4,40.0,40.0,40.0,87,158,448,509,0
33,47,22.561028345356956,112.56102834535696,10.0,92.0,138.10405388322278,117.73105194512718,33.52610922848042,138.10405388322278,115.93105194512718,0.0,40.0,16.4,40.0,40.0,40.0,87,158,1054,1127,0
33,48,22.360679774997898,112.36067977499789,10.0,92.0,138.10405388322278,117.73105194512718,33.52610922848042,138.10405388322278,115.93105194512718,0.0,40.0,16.4,40.0,40.0,40.0,87,158,632,693,0
33,49,20.615528128088304,110.6155281280883,10.0,92.0,138.10405388322278,117.73105194512718,33.52610922848042,138.10405388322278,115.93105194512718,0.0,40.0,16.4,40.0,40.0,40.0,87,158,1001,1066,0
33,50,19.697715603592208,109.6977156035922,10.0,92.0,138.10405388322278,117.73105194512718,33.52610922848042,138.10405388322278,115.93105194512718,0.0,40.0,16.4,40.0,40.0,40.0,87,158,815,880,0
34,0,32.38826948140329,122.38826948140328,0.0,93.0,134.65422712353222,116.40041963996849,32.38826948140329,134.65422712353222,114.6004196399685,0.0,40.0,16.8,20.0,20.0,20.0,751,816,0,1236,1
34,1,43.56604182158393,133.56604182158392,10.0,93.0,134.65422712353222,116.40041963996849,32.38826948140329,134.65422712353222,114.6004196399685,0.0,40.0,16.8,20.0,20.0,20.0,751,816,912,967,0
34,2,44.654227123532216,134.65422712353222,30.0,93.0,134.65422712353222,116.40041963996849,32.38826948140329,134.65422712353222,114.6004196399685,0.0,40.0,16.8,20.0,20.0,20.0,751,816,825,870,0
34,3,39.96248240537617,129.96248240537616,10.0,93.0,134.65422712353222,116.40041963996849,32.38826948140329,134.65422712353222,114.6004196399685,0.0,40.0,16.8,20.0,20.0,20.0,751,816,65,146,0
34,4,41.048751503547585,131.04875150354758,10.0,93.0,134.65422712353222,116.40041963996849,32.38826948140329,134.65422712353222,114.6004196399685,0.0,40.0,16.8,20.0,20.0,20.0,751,816,727,782,0
34,5,39.44616584663204,129.44616584663203,10.0,93.0,134.65422712353222,116.40041963996849,32.38826948140329,134.65422712353222,114.6004196399685,0.0,40.0,16.8,20.0,20.0,20.0,751,816,15,67,0
34,6,40.0,130.0,20.0,93.0,134.65422712353222,116.40041963996849,32.38826948140329,134.65422712353222,114.6004196399685,0.0,40.0,16.8,20.0,20.0,20.0,751,816,621,702,0
34,7,38.27531841800928,128.27531841800928,20.0,93.0,134.65422712353222,116.40041963996849,32.38826948140329,134.65422712353222,114.6004196399685,0.0,40.0,16.8,20.0,20.0,20.0,751,816,170,225,0
34,8,37.8021163428716,127.8021163428716,20.0,93.0,134.65422712353222,116.40041963996849,32.38826948140329,134.65422712353222,114.6004196399685,0.0,40.0,16.8,20.0,20.0,20.0,751,816,255,324,0
34,9,39.05124837953327,129.05124837953326,10.0,93.0,134.65422712353222,116.40041963996849,32.38826948140329,134.65422712353222,114.6004196399685,0.0,40.0,16.8,20.0,20.0,20.0,751,816,534,605,0
34,10,34.20526275297414,124.20526275297414,10.0,93.0,134.65422712353222,116.40041963996849,32.38826948140329,134.65422712353222,114.6004196399685,0.0,40.0,16.8,20.0,20.0,20.0,751,816,357,410,0
34,11,36.124783736376884,126.12478373637688,10.0,93.0,134.65422712353222,116.40041963996849,32.38826948140329,134.65422712353222,114.6004196399685,0.0,40.0,16.8,20.0,20.0,20.0,751,816,448,505,0
34,12,43.46262762420146,133.46262762420145,20.0,93.0,134.65422712353222,116.40041963996849,32.38826948140329,134.65422712353222,114.6004196399685,0.0,40.0,16.8,20.0,20.0,20.0,751,816,652,721,0
34,13,33.1058907144937,123.1058907144937,30.0,93.0,134.65422712353222,116.40041963996849,32.38826948140329,134.65422712353222,114.6004196399685,0.0,40.0,16.8,20.0,20.0,20.0,751,816,30,92,0
34,14,42.37924020083418,132.37924020083418,10.0,93.0,134.65422712353222,116.40041963996849,32.38826948140329,134.65422712353222,114.6004196399685,0.0,40.0,16.8,20.0,20.0,20.0,751,816,567,620,0
34,15,37.0,127.0,40.0,93.0,134.65422712353222,116.40041963996849,32.38826948140329,134.65422712353222,114.6004196399685,0.0,40.0,16.8,20.0,20.0,20.0,751,816,384,429,0
34,16,41.7612260356422,131.7612260356422,40.0,93.0,134.65422712353222,116.40041963996849,32.38826948140329,134.65422712353222,114.6004196399685,0.0,40.0,16.8,20.0,20.0,20.0,751,816,475,528,0
34,17,31.622776601683793,121.6227766016838,20.0,93.0,134.65422712353222,116.40041963996849,32.38826948140329,134.65422712353222,114.6004196399685,0.0,40.0,16.8,20.0,20.0,20.0,751,816,99,148,0
34,18,30.805843601498726,120.80584360149872,20.0,93.0,134.65422712353222,116.40041963996849,32.38826948140329,134.65422712353222,114.6004196399685,0.0,40.0,16.8,20.0,20.0,20.0,751,816,179,254,0
34,19,35.6931365951495,125.6931365951495,10.0,93.0,134.65422712353222,116.40041963996849,32.38826948140329,134.65422712353222,114.6004196399685,0.0,40.0,16.8,20.0,20.0,20.0,751,816,278,345,0
34,20,22.561028345356956,112.56102834535696,10.0,93.0,134.65422712353222,116.40041963996849,32.38826948140329,134.65422712353222,114.6004196399685,0.0,40.0,16.8,20.0,20.0,20.0,751,816,10,73,0
34,21,23.08679276123039,113.08679276123038,20.0,93.0,134.65422712353222,116.40041963996849,32.38826948140329,134.65422712353222,114.6004196399685,0.0,40.0,16.8,20.0,20.0,20.0,751,816,914,965,1
34,22,21.18962010041709,111.18962010041709,20.0,93.0,134.65422712353222,116.40041963996849,32.38826948140329,134.65422712353222,114.6004196399685,0.0,40.0,16.8,20.0,20.0,20.0,751,816,812,883,1
34,23,22.360679774997898,112.36067977499789,10.0,93.0,134.65422712353222,116.40041963996849,32.38826948140329,134.65422712353222,114.6004196399685,0.0,40.0,16.8,20.0,20.0,20.0,751,816,732,777,0
34,24,17.72004514666935,107.72004514666935,10.0,93.0,134.65422712353222,116.40041963996849,32.38826948140329,134.65422712353222,114.6004196399685,0.0,40.0,16.8,20.0,20.0,20.0,751,816,65,144,0
34,25,18.384776310850235,108.38477631085024,40.0,93.0,134.65422712353222,116.40041963996849,32.38826948140329,134.65422712353222,114.6004196399685,0.0,40.0,16.8,20.0,20.0,20.0,751,816,169,224,0
34,26,19.72308292331602,109.72308292331601,10.0,93.0,134.65422712353222,116.40041963996849,32.38826948140329,134.65422712353222,114.6004196399685,0.0,40.0,16.8,20.0,20.0,20.0,751,816,622,701,0
34,27,16.55294535724685,106.55294535724684,10.0,93.0,134.65422712353222,116.40041963996849,32.38826948140329,134.65422712353222,114.6004196399685,0.0,40.0,16.8,20.0,20.0,20.0,751,816,261,316,0
34,28,18.027756377319946,108.02775637731995,20.0,93.0,134.65422712353222,116.40041963996849,32.38826948140329,134.65422712353222,114.6004196399685,0.0,40.0,16.8,20.0,20.0,20.0,751,816,546,593,0
34,29,13.0,103.0,10.0,93.0,134.65422712353222,116.40041963996849,32.38826948140329,134.65422712353222,114.6004196399685,0.0,40.0,16.8,20.0,20.0,20.0,751,816,358,405,0
34,30,15.620499351813308,105.62049935181331,10.0,93.0,134.65422712353222,116.40041963996849,32.38826948140329,134.65422712353222,114.6004196399685,0.0,40.0,16.8,20.0,20.0,20.0,751,816,449,504,0
34,31,10.198039027185569,100.19803902718557,20.0,93.0,134.65422712353222,116.40041963996849,32.38826948140329,134.65422712353222,114.6004196399685,0.0,40.0,16.8,20.0,20.0,20.0,751,816,200,237,0
34,32,5.385164807134504,95.3851648071345,30.0,93.0,134.65422712353222,116.40041963996849,32.38826948140329,134.65422712353222,114.6004196399685,0.0,40.0,16.8,20.0,20.0,20.0,751,816,31,100,0
34,33,5.0,95.0,40.0,93.0,134.65422712353222,116.40041963996849,32.38826948140329,134.65422712353222,114.6004196399685,0.0,40.0,16.8,20.0,20.0,20.0,751,816,87,158,0
34,35,10.44030650891055,100.44030650891055,10.0,93.0,134.65422712353222,116.40041963996849,32.38826948140329,134.65422712353222,114.6004196399685,0.0,40.0,16.8,20.0,20.0,20.0,751,816,283,344,0
34,36,3.0,93.0,10.0,93.0,134.65422712353222,116.40041963996849,32.38826948140329,134.65422712353222,114.6004196399685,0.0,40.0,16.8,20.0,20.0,20.0,751,816,665,716,0
34,37,7.810249675906654,97.81024967590665,20.0,93.0,134.65422712353222,116.40041963996849,32.38826948140329,134.65422712353222,114.6004196399685,0.0,40.0,16.8,20.0,20.0,20.0,751,816,383,434,0
34,38,9.433981132056603,99.4339811320566,30.0,93.0,134.65422712353222,116.40041963996849,32.38826948140329,134.65422712353222,114.6004196399685,0.0,40.0,16.8,20.0,20.0,20.0,751,816,479,522,0
34,39,8.0,98.0,20.0,93.0,134.65422712353222,116.40041963996849,32.38826948140329,134.65422712353222,114.6004196399685,0.0,40.0,16.8,20.0,20.0,20.0,751,816,567,624,0
34,40,30.886890422961002,120.886890422961,10.0,93.0,134.65422712353222,116.40041963996849,32.38826948140329,134.65422712353222,114.6004196399685,0.0,40.0,16.8,20.0,20.0,20.0,751,816,264,321,0
34,41,29.966648127543394,119.9666481275434,10.0,93.0,134.65422712353222,116.40041963996849,32.38826948140329,134.65422712353222,114.6004196399685,0.0,40.0,16.8,20.0,20.0,20.0,751,816,166,235,0
34,42,28.178005607210743,118.17800560721074,20.0,93.0,134.65422712353222,116.40041963996849,32.38826948140329,134.65422712353222,114.6004196399685,0.0,40.0,16.8,20.0,20.0,20.0,751,816,68,149,0
34,43,26.92582403567252,116.92582403567252,10.0,93.0,134.65422712353222,116.40041963996849,32.38826948140329,134.65422712353222,114.6004196399685,0.0,40.0,16.8,20.0,20.0,20.0,751,816,16,80,0
34,44,28.30194339616981,118.3019433961698,10.0,93.0,134.65422712353222,116.40041963996849,32.38826948140329,134.65422712353222,114.6004196399685,0.0,40.0,16.8,20.0,20.0,20.0,751,816,359,412,0
34,45,26.627053911388696,116.6270539113887,10.0,93.0,134.65422712353222,116.40041963996849,32.38826948140329,134.65422712353222,114.6004196399685,0.0,40.0,16.8,20.0,20.0,20.0,751,816,541,600,0
34,46,25.553864678361276,115.55386467836128,30.0,93.0,134.65422712353222,116.40041963996849,32.38826948140329,134.65422712353222,114.6004196399685,0.0,40.0,16.8,20.0,20.0,20.0,751,816,448,509,0
34,47,24.166091947189145,114.16609194718914,10.0,93.0,134.65422712353222,116.40041963996849,32.38826948140329,134.65422712353222,114.6004196399685,0.0,40.0,16.8,20.0,20.0,20.0,751,816,1054,1127,1
34,48,25.0,115.0,10.0,93.0,134.65422712353222,116.40041963996849,32.38826948140329,134.65422712353222,114.6004196399685,0.0,40.0,16.8,20.0,20.0,20.0,751,816,632,693,0
34,49,22.360679774997898,112.36067977499789,10.0,93.0,134.65422712353222,116.40041963996849,32.38826948140329,134.65422712353222,114.6004196399685,0.0,40.0,16.8,20.0,20.0,20.0,751,816,1001,1066,1
34,50,22.20360331117452,112.20360331117452,10.0,93.0,134.65422712353222,116.40041963996849,32.38826948140329,134.65422712353222,114.6004196399685,0.0,40.0,16.8,20.0,20.0,20.0,751,816,815,880,1
35,0,38.07886552931954,128.07886552931956,0.0,95.0,143.85164807134504,121.84868958883115,38.07886552931954,143.85164807134504,120.04868958883115,0.0,40.0,17.0,10.0,10.0,10.0,283,344,0,1236,1
35,1,51.85556864985669,141.8555686498567,10.0,95.0,143.85164807134504,121.84868958883115,38.07886552931954,143.85164807134504,120.04868958883115,0.0,40.0,17.0,10.0,10.0,10.0,283,344,912,967,0
35,2,53.150729063673246,143.15072906367325,30.0,95.0,143.85164807134504,121.84868958883115,38.07886552931954,143.85164807134504,120.04868958883115,0.0,40.0,17.0,10.0,10.0,10.0,283,344,825,870,0
35,3,48.27007354458868,138.27007354458868,10.0,95.0,143.85164807134504,121.84868958883115,38.07886552931954,143.85164807134504,120.04868958883115,0.0,40.0,17.0,10.0,10.0,10.0,283,344,65,146,0
35,4,49.57822102496216,139.57822102496215,10.0,95.0,143.85164807134504,121.84868958883115,38.07886552931954,143.85164807134504,120.04868958883115,0.0,40.0,17.0,10.0,10.0,10.0,283,344,727,782,0
35,5,47.634021455258214,137.63402145525822,10.0,95.0,143.85164807134504,121.84868958883115,38.07886552931954,143.85164807134504,120.04868958883115,0.0,40.0,17.0,10.0,10.0,10.0,283,344,15,67,0
35,6,48.79549159502341,138.7954915950234,20.0,95.0,143.85164807134504,121.84868958883115,38.07886552931954,143.85164807134504,120.04868958883115,0.0,40.0,17.0,10.0,10.0,10.0,283,344,621,702,0
35,7,46.75467891024384,136.75467891024385,20.0,95.0,143.85164807134504,121.84868958883115,38.07886552931954,143.85164807134504,120.04868958883115,0.0,40.0,17.0,10.0,10.0,10.0,283,344,170,225,0
35,8,46.66904755831214,136.66904755831214,20.0,95.0,143.85164807134504,121.84868958883115,38.07886552931954,143.85164807134504,120.04868958883115,0.0,40.0,17.0,10.0,10.0,10.0,283,344,255,324,0
35,9,48.104053883222775,138.10405388322278,10.0,95.0,143.85164807134504,121.84868958883115,38.07886552931954,143.85164807134504,120.04868958883115,0.0,40.0,17.0,10.0,10.0,10.0,283,344,534,605,0
35,10,43.139309220245984,133.139309220246,10.0,95.0,143.85164807134504,121.84868958883115,38.07886552931954,143.85164807134504,120.04868958883115,0.0,40.0,17.0,10.0,10.0,10.0,283,344,357,410,0
35,11,45.34313619501854,135.34313619501853,10.0,95.0,143.85164807134504,121.84868958883115,38.07886552931954,143.85164807134504,120.04868958883115,0.0,40.0,17.0,10.0,10.0,10.0,283,344,448,505,0
35,12,53.85164807134504,143.85164807134504,20.0,95.0,143.85164807134504,121.84868958883115,38.07886552931954,143.85164807134504,120.04868958883115,0.0,40.0,17.0,10.0,10.0,10.0,283,344,652,721,0
35,13,43.46262762420146,133.46262762420145,30.0,95.0,143.85164807134504,121.84868958883115,38.07886552931954,143.85164807134504,120.04868958883115,0.0,40.0,17.0,10.0,10.0,10.0,283,344,30,92,0
35,14,52.81098370604357,142.81098370604357,10.0,95.0,143.85164807134504,121.84868958883115,38.07886552931954,143.85164807134504,120.04868958883115,0.0,40.0,17.0,10.0,10.0,10.0,283,344,567,620,0
35,15,47.43416490252569,137.43416490252568,40.0,95.0,143.85164807134504,121.84868958883115,38.07886552931954,143.85164807134504,120.04868958883115,0.0,40.0,17.0,10.0,10.0,10.0,283,344,384,429,1
35,16,52.20153254455275,142.20153254455275,40.0,95.0,143.85164807134504,121.84868958883115,38.07886552931954,143.85164807134504,120.04868958883115,0.0,40.0,17.0,10.0,10.0,10.0,283,344,475,528,0
35,17,42.05948168962618,132.05948168962618,20.0,95.0,143.85164807134504,121.84868958883115,38.07886552931954,143.85164807134504,120.04868958883115,0.0,40.0,17.0,10.0,10.0,10.0,283,344,99,148,0
35,18,41.23105625617661,131.2310562561766,20.0,95.0,143.85164807134504,121.84868958883115,38.07886552931954,143.85164807134504,120.04868958883115,0.0,40.0,17.0,10.0,10.0,10.0,283,344,179,254,0
35,19,46.09772228646444,136.09772228646443,10.0,95.0,143.85164807134504,121.84868958883115,38.07886552931954,143.85164807134504,120.04868958883115,0.0,40.0,17.0,10.0,10.0,10.0,283,344,278,345,0
35,20,29.154759474226502,119.1547594742265,10.0,95.0,143.85164807134504,121.84868958883115,38.07886552931954,143.85164807134504,120.04868958883115,0.0,40.0,17.0,10.0,10.0,10.0,283,344,10,73,0
35,21,30.23243291566195,120.23243291566195,20.0,95.0,143.85164807134504,121.84868958883115,38.07886552931954,143.85164807134504,120.04868958883115,0.0,40.0,17.0,10.0,10.0,10.0,283,344,914,965,0
35,22,28.600699292150182,118.60069929215018,20.0,95.0,143.85164807134504,121.84868958883115,38.07886552931954,143.85164807134504,120.04868958883115,0.0,40.0,17.0,10.0,10.0,10.0,283,344,812,883,0
35,23,30.479501308256342,120.47950130825635,10.0,95.0,143.85164807134504,121.84868958883115,38.07886552931954,143.85164807134504,120.04868958883115,0.0,40.0,17.0,10.0,10.0,10.0,283,344,732,777,0
35,24,25.0,115.0,10.0,95.0,143.85164807134504,121.84868958883115,38.07886552931954,143.85164807134504,120.04868958883115,0.0,40.0,17.0,10.0,10.0,10.0,283,344,65,144,0
35,25,26.248809496813376,116.24880949681338,40.0,95.0,143.85164807134504,121.84868958883115,38.07886552931954,143.85164807134504,120.04868958883115,0.0,40.0,17.0,10.0,10.0,10.0,283,344,169,224,0
35,26,28.284271247461902,118.2842712474619,10.0,95.0,143.85164807134504,121.84868958883115,38.07886552931954,143.85164807134504,120.04868958883115,0.0,40.0,17.0,10.0,10.0,10.0,283,344,622,701,0
35,27,24.758836806279895,114.7588368062799,10.0,95.0,143.85164807134504,121.84868958883115,38.07886552931954,143.85164807134504,120.04868958883115,0.0,40.0,17.0,10.0,10.0,10.0,283,344,261,316,0
35,28,26.90724809414742,116.90724809414742,20.0,95.0,143.85164807134504,121.84868958883115,38.07886552931954,143.85164807134504,120.04868958883115,0.0,40.0,17.0,10.0,10.0,10.0,283,344,546,593,0
35,29,21.213203435596427,111.21320343559643,10.0,95.0,143.85164807134504,121.84868958883115,38.07886552931954,143.85164807134504,120.04868958883115,0.0,40.0,17.0,10.0,10.0,10.0,283,344,358,405,0
35,30,25.0,115.0,10.0,95.0,143.85164807134504,121.84868958883115,38.07886552931954,143.85164807134504,120.04868958883115,0.0,40.0,17.0,10.0,10.0,10.0,283,344,449,504,1
35,31,5.0,95.0,20.0,95.0,143.85164807134504,121.84868958883115,38.07886552931954,143.85164807134504,120.04868958883115,0.0,40.0,17.0,10.0,10.0,10.0,283,344,200,237,0
35,32,7.0710678118654755,97.07106781186548,30.0,95.0,143.85164807134504,121.84868958883115,38.07886552931954,143.85164807134504,120.04868958883115,0.0,40.0,17.0,10.0,10.0,10.0,283,344,31,100,0
35,33,5.830951894845301,95.8309518948453,40.0,95.0,143.85164807134504,121.84868958883115,38.07886552931954,143.85164807134504,120.04868958883115,0.0,40.0,17.0,10.0,10.0,10.0,283,344,87,158,0
35,34,10.44030650891055,100.44030650891055,20.0,95.0,143.85164807134504,121.84868958883115,38.07886552931954,143.85164807134504,120.04868958883115,0.0,40.0,17.0,10.0,10.0,10.0,283,344,751,816,1
35,36,10.0,100.0,10.0,95.0,143.85164807134504,121.84868958883115,38.07886552931954,143.85164807134504,120.04868958883115,0.0,40.0,17.0,10.0,10.0,10.0,283,344,665,716,0
35,37,5.830951894845301,95.8309518948453,20.0,95.0,143.85164807134504,121.84868958883115,38.07886552931954,143.85164807134504,120.04868958883115,0.0,40.0,17.0,10.0,10.0,10.0,283,344,383,434,1
35,38,7.0710678118654755,97.07106781186548,30.0,95.0,143.85164807134504,121.84868958883115,38.07886552931954,143.85164807134504,120.04868958883115,0.0,40.0,17.0,10.0,10.0,10.0,283,344,479,522,1
35,39,11.180339887498949,101.18033988749895,20.0,95.0,143.85164807134504,121.84868958883115,38.07886552931954,143.85164807134504,120.04868958883115,0.0,40.0,17.0,10.0,10.0,10.0,283,344,567,624,0
35,40,30.4138126514911,120.4138126514911,10.0,95.0,143.85164807134504,121.84868958883115,38.07886552931954,143.85164807134504,120.04868958883115,0.0,40.0,17.0,10.0,10.0,10.0,283,344,264,321,0
35,41,30.14962686336267,120.14962686336267,10.0,95.0,143.85164807134504,121.84868958883115,38.07886552931954,143.85164807134504,120.04868958883115,0.0,40.0,17.0,10.0,10.0,10.0,283,344,166,235,0
35,42,28.160255680657446,118.16025568065744,20.0,95.0,143.85164807134504,121.84868958883115,38.07886552931954,143.85164807134504,120.04868958883115,0.0,40.0,17.0,10.0,10.0,10.0,283,344,68,149,0
35,43,28.0,118.0,10.0,95.0,143.85164807134504,121.84868958883115,38.07886552931954,143.85164807134504,120.04868958883115,0.0,40.0,17.0,10.0,10.0,10.0,283,344,16,80,0
35,44,27.459060435491963,117.45906043549196,10.0,95.0,143.85164807134504,121.84868958883115,38.07886552931954,143.85164807134504,120.04868958883115,0.0,40.0,17.0,10.0,10.0,10.0,283,344,359,412,0
35,45,25.495097567963924,115.49509756796392,10.0,95.0,143.85164807134504,121.84868958883115,38.07886552931954,143.85164807134504,120.04868958883115,0.0,40.0,17.0,10.0,10.0,10.0,283,344,541,600,0
35,46,25.179356624028344,115.17935662402834,30.0,95.0,143.85164807134504,121.84868958883115,38.07886552931954,143.85164807134504,120.04868958883115,0.0,40.0,17.0,10.0,10.0,10.0,283,344,448,509,1
35,47,25.0,115.0,10.0,95.0,143.85164807134504,121.84868958883115,38.07886552931954,143.85164807134504,120.04868958883115,0.0,40.0,17.0,10.0,10.0,10.0,283,344,1054,1127,0
35,48,23.53720459187964,113.53720459187964,10.0,95.0,143.85164807134504,121.84868958883115,38.07886552931954,143.85164807134504,120.04868958883115,0.0,40.0,17.0,10.0,10.0,10.0,283,344,632,693,0
35,49,23.0,113.0,10.0,95.0,143.85164807134504,121.84868958883115,38.07886552931954,143.85164807134504,120.04868958883115,0.0,40.0,17.0,10.0,10.0,10.0,283,344,1001,1066,0
35,50,21.213203435596427,111.21320343559643,10.0,95.0,143.85164807134504,121.84868958883115,38.07886552931954,143.85164807134504,120.04868958883115,0.0,40.0,17.0,10.0,10.0,10.0,283,344,815,880,0
36,0,35.35533905932738,125.35533905932738,0.0,93.0,137.169905660283,118.27263309465498,35.35533905932738,137.169905660283,116.47263309465495,0.0,40.0,17.0,10.0,10.0,10.0,665,716,0,1236,1
36,1,46.14108798023731,136.1410879802373,10.0,93.0,137.169905660283,118.27263309465498,35.35533905932738,137.169905660283,116.47263309465495,0.0,40.0,17.0,10.0,10.0,10.0,665,716,912,967,0
36,2,47.16990566028302,137.169905660283,30.0,93.0,137.169905660283,118.27263309465498,35.35533905932738,137.169905660283,116.47263309465495,0.0,40.0,17.0,10.0,10.0,10.0,665,716,825,870,0
36,3,42.5440947723653,132.5440947723653,10.0,93.0,137.169905660283,118.27263309465498,35.35533905932738,137.169905660283,116.47263309465495,0.0,40.0,17.0,10.0,10.0,10.0,665,716,65,146,0
36,4,43.56604182158393,133.56604182158392,10.0,93.0,137.169905660283,118.27263309465498,35.35533905932738,137.169905660283,116.47263309465495,0.0,40.0,17.0,10.0,10.0,10.0,665,716,727,782,0
36,5,42.05948168962618,132.05948168962618,10.0,93.0,137.169905660283,118.27263309465498,35.35533905932738,137.169905660283,116.47263309465495,0.0,40.0,17.0,10.0,10.0,10.0,665,716,15,67,0
36,6,42.43819034784589,132.43819034784588,20.0,93.0,137.169905660283,118.27263309465498,35.35533905932738,137.169905660283,116.47263309465495,0.0,40.0,17.0,10.0,10.0,10.0,665,716,621,702,0
36,7,40.8166632639171,130.8166632639171,20.0,93.0,137.169905660283,118.27263309465498,35.35533905932738,137.169905660283,116.47263309465495,0.0,40.0,17.0,10.0,10.0,10.0,665,716,170,225,0
36,8,40.22437072223753,130.22437072223752,20.0,93.0,137.169905660283,118.27263309465498,35.35533905932738,137.169905660283,116.47263309465495,0.0,40.0,17.0,10.0,10.0,10.0,665,716,255,324,0
36,9,41.400483088968905,131.4004830889689,10.0,93.0,137.169905660283,118.27263309465498,35.35533905932738,137.169905660283,116.47263309465495,0.0,40.0,17.0,10.0,10.0,10.0,665,716,534,605,0
36,10,36.61966684720111,126.6196668472011,10.0,93.0,137.169905660283,118.27263309465498,35.35533905932738,137.169905660283,116.47263309465495,0.0,40.0,17.0,10.0,10.0,10.0,665,716,357,410,0
36,11,38.41874542459709,128.4187454245971,10.0,93.0,137.169905660283,118.27263309465498,35.35533905932738,137.169905660283,116.47263309465495,0.0,40.0,17.0,10.0,10.0,10.0,665,716,448,505,0
36,12,44.721359549995796,134.72135954999578,20.0,93.0,137.169905660283,118.27263309465498,35.35533905932738,137.169905660283,116.47263309465495,0.0,40.0,17.0,10.0,10.0,10.0,665,716,652,721,0
36,13,34.48187929913333,124.48187929913334,30.0,93.0,137.169905660283,118.27263309465498,35.35533905932738,137.169905660283,116.47263309465495,0.0,40.0,17.0,10.0,10.0,10.0,665,716,30,92,0
36,14,43.46262762420146,133.46262762420145,10.0,93.0,137.169905660283,118.27263309465498,35.35533905932738,137.169905660283,116.47263309465495,0.0,40.0,17.0,10.0,10.0,10.0,665,716,567,620,0
36,15,38.07886552931954,128.07886552931956,40.0,93.0,137.169905660283,118.27263309465498,35.35533905932738,137.169905660283,116.47263309465495,0.0,40.0,17.0,10.0,10.0,10.0,665,716,384,429,0
36,16,42.720018726587654,132.72001872658765,40.0,93.0,137.169905660283,118.27263309465498,35.35533905932738,137.169905660283,116.47263309465495,0.0,40.0,17.0,10.0,10.0,10.0,665,716,475,528,0
36,17,32.69556544854363,122.69556544854363,20.0,93.0,137.169905660283,118.27263309465498,35.35533905932738,137.169905660283,116.47263309465495,0.0,40.0,17.0,10.0,10.0,10.0,665,716,99,148,0
36,18,31.622776601683793,121.6227766016838,20.0,93.0,137.169905660283,118.27263309465498,35.35533905932738,137.169905660283,116.47263309465495,0.0,40.0,17.0,10.0,10.0,10.0,665,716,179,254,0
36,19,36.40054944640259,126.4005494464026,10.0,93.0,137.169905660283,118.27263309465498,35.35533905932738,137.169905660283,116.47263309465495,0.0,40.0,17.0,10.0,10.0,10.0,665,716,278,345,0
36,20,25.495097567963924,115.49509756796392,10.0,93.0,137.169905660283,118.27263309465498,35.35533905932738,137.169905660283,116.47263309465495,0.0,40.0,17.0,10.0,10.0,10.0,665,716,10,73,0
36,21,25.96150997149434,115.96150997149434,20.0,93.0,137.169905660283,118.27263309465498,35.35533905932738,137.169905660283,116.47263309465495,0.0,40.0,17.0,10.0,10.0,10.0,665,716,914,965,1
36,22,24.041630560342615,114.04163056034261,20.0,93.0,137.169905660283,118.27263309465498,35.35533905932738,137.169905660283,116.47263309465495,0.0,40.0,17.0,10.0,10.0,10.0,665,716,812,883,1
36,23,25.079872407968907,115.0798724079689,10.0,93.0,137.169905660283,118.27263309465498,35.35533905932738,137.169905660283,116.47263309465495,0.0,40.0,17.0,10.0,10.0,10.0,665,716,732,777,0
36,24,20.615528128088304,110.6155281280883,10.0,93.0,137.169905660283,118.27263309465498,35.35533905932738,137.169905660283,116.47263309465495,0.0,40.0,17.0,10.0,10.0,10.0,665,716,65,144,0
36,25,21.18962010041709,111.18962010041709,40.0,93.0,137.169905660283,118.27263309465498,35.35533905932738,137.169905660283,116.47263309465495,0.0,40.0,17.0,10.0,10.0,10.0,665,716,169,224,0
36,26,22.360679774997898,112.36067977499789,10.0,93.0,137.169905660283,118.27263309465498,35.35533905932738,137.169905660283,116.47263309465495,0.0,40.0,17.0,10.0,10.0,10.0,665,716,622,701,0
36,27,19.313207915827967,109.31320791582797,10.0,93.0,137.169905660283,118.27263309465498,35.35533905932738,137.169905660283,116.47263309465495,0.0,40.0,17.0,10.0,10.0,10.0,665,716,261,316,0
36,28,20.591260281974,110.591260281974,20.0,93.0,137.169905660283,118.27263309465498,35.35533905932738,137.169905660283,116.47263309465495,0.0,40.0,17.0,10.0,10.0,10.0,665,716,546,593,0
36,29,15.811388300841896,105.8113883008419,10.0,93.0,137.169905660283,118.27263309465498,35.35533905932738,137.169905660283,116.47263309465495,0.0,40.0,17.0,10.0,10.0,10.0,665,716,358,405,0
36,30,18.027756377319946,108.02775637731995,10.0,93.0,137.169905660283,118.27263309465498,35.35533905932738,137.169905660283,116.47263309465495,0.0,40.0,17.0,10.0,10.0,10.0,665,716,449,504,0
36,31,11.180339887498949,101.18033988749895,20.0,93.0,137.169905660283,118.27263309465498,35.35533905932738,137.169905660283,116.47263309465495,0.0,40.0,17.0,10.0,10.0,10.0,665,716,200,237,0
36,32,7.0710678118654755,97.07106781186548,30.0,93.0,137.169905660283,118.27263309465498,35.35533905932738,137.169905660283,116.47263309465495,0.0,40.0,17.0,10.0,10.0,10.0,665,716,31,100,0
36,33,5.830951894845301,95.8309518948453,40.0,93.0,137.169905660283,118.27263309465498,35.35533905932738,137.169905660283,116.47263309465495,0.0,40.0,17.0,10.0,10.0,10.0,665,716,87,158,0
36,34,3.0,93.0,20.0,93.0,137.169905660283,118.27263309465498,35.35533905932738,137.169905660283,116.47263309465495,0.0,40.0,17.0,10.0,10.0,10.0,665,716,751,816,1
36,35,10.0,100.0,10.0,93.0,137.169905660283,118.27263309465498,35.35533905932738,137.169905660283,116.47263309465495,0.0,40.0,17.0,10.0,10.0,10.0,665,716,283,344,0
36,37,5.830951894845301,95.8309518948453,20.0,93.0,137.169905660283,118.27263309465498,35.35533905932738,137.169905660283,116.47263309465495,0.0,40.0,17.0,10.0,10.0,10.0,665,716,383,434,0
36,38,7.0710678118654755,97.07106781186548,30.0,93.0,137.169905660283,118.27263309465498,35.35533905932738,137.169905660283,116.47263309465495,0.0,40.0,17.0,10.0,10.0,10.0,665,716,479,522,0
36,39,5.0,95.0,20.0,93.0,137.169905660283,118.27263309465498,35.35533905932738,137.169905660283,116.47263309465495,0.0,40.0,17.0,10.0,10.0,10.0,665,716,567,624,0
36,40,33.54101966249684,123.54101966249684,10.0,93.0,137.169905660283,118.27263309465498,35.35533905932738,137.169905660283,116.47263309465495,0.0,40.0,17.0,10.0,10.0,10.0,665,716,264,321,0
36,41,32.69556544854363,122.69556544854363,10.0,93.0,137.169905660283,118.27263309465498,35.35533905932738,137.169905660283,116.47263309465495,0.0,40.0,17.0,10.0,10.0,10.0,665,716,166,235,0
36,42,30.870698080866262,120.87069808086626,20.0,93.0,137.169905660283,118.27263309465498,35.35533905932738,137.169905660283,116.47263309465495,0.0,40.0,17.0,10.0,10.0,10.0,665,716,68,149,0
36,43,29.732137494637012,119.73213749463702,10.0,93.0,137.169905660283,118.27263309465498,35.35533905932738,137.169905660283,116.47263309465495,0.0,40.0,17.0,10.0,10.0,10.0,665,716,16,80,0
36,44,30.886890422961002,120.886890422961,10.0,93.0,137.169905660283,118.27263309465498,35.35533905932738,137.169905660283,116.47263309465495,0.0,40.0,17.0,10.0,10.0,10.0,665,716,359,412,0
36,45,29.154759474226502,119.1547594742265,10.0,93.0,137.169905660283,118.27263309465498,35.35533905932738,137.169905660283,116.47263309465495,0.0,40.0,17.0,10.0,10.0,10.0,665,716,541,600,0
36,46,28.178005607210743,118.17800560721074,30.0,93.0,137.169905660283,118.27263309465498,35.35533905932738,137.169905660283,116.47263309465495,0.0,40.0,17.0,10.0,10.0,10.0,665,716,448,509,0
36,47,26.92582403567252,116.92582403567252,10.0,93.0,137.169905660283,118.27263309465498,35.35533905932738,137.169905660283,116.47263309465495,0.0,40.0,17.0,10.0,10.0,10.0,665,716,1054,1127,0
36,48,27.459060435491963,117.45906043549196,10.0,93.0,137.169905660283,118.27263309465498,35.35533905932738,137.169905660283,116.47263309465495,0.0,40.0,17.0,10.0,10.0,10.0,665,716,632,693,0
36,49,25.079872407968907,115.0798724079689,10.0,93.0,137.169905660283,118.27263309465498,35.35533905932738,137.169905660283,116.47263309465495,0.0,40.0,17.0,10.0,10.0,10.0,665,716,1001,1066,1
36,50,24.698178070456937,114.69817807045693,10.0,93.0,137.169905660283,118.27263309465498,35.35533905932738,137.169905660283,116.47263309465495,0.0,40.0,17.0,10.0,10.0,10.0,665,716,815,880,1
37,0,39.293765408777,129.293765408777,0.0,92.0,142.43090691567332,121.62679837065004,39.293765408777,142.43090691567332,119.82679837065002,0.0,40.0,16.8,20.0,20.0,20.0,383,434,0,1236,1
37,1,51.31276644267,141.31276644267,10.0,92.0,142.43090691567332,121.62679837065004,39.293765408777,142.43090691567332,119.82679837065002,0.0,40.0,16.8,20.0,20.0,20.0,383,434,912,967,0
37,2,52.43090691567332,142.43090691567332,30.0,92.0,142.43090691567332,121.62679837065004,39.293765408777,142.43090691567332,119.82679837065002,0.0,40.0,16.8,20.0,20.0,20.0,383,434,825,870,0
37,3,47.70744176750625,137.70744176750625,10.0,92.0,142.43090691567332,121.62679837065004,39.293765408777,142.43090691567332,119.82679837065002,0.0,40.0,16.8,20.0,20.0,20.0,383,434,65,146,0
37,4,48.82622246293481,138.82622246293482,10.0,92.0,142.43090691567332,121.62679837065004,39.293765408777,142.43090691567332,119.82679837065002,0.0,40.0,16.8,20.0,20.0,20.0,383,434,727,782,0
37,5,47.16990566028302,137.169905660283,10.0,92.0,142.43090691567332,121.62679837065004,39.293765408777,142.43090691567332,119.82679837065002,0.0,40.0,16.8,20.0,20.0,20.0,383,434,15,67,0
37,6,47.80167361086848,137.80167361086848,20.0,92.0,142.43090691567332,121.62679837065004,39.293765408777,142.43090691567332,119.82679837065002,0.0,40.0,16.8,20.0,20.0,20.0,383,434,621,702,0
37,7,46.04345773288535,136.04345773288534,20.0,92.0,142.43090691567332,121.62679837065004,39.293765408777,142.43090691567332,119.82679837065002,0.0,40.0,16.8,20.0,20.0,20.0,383,434,170,225,0
37,8,45.60701700396552,135.60701700396552,20.0,92.0,142.43090691567332,121.62679837065004,39.293765408777,142.43090691567332,119.82679837065002,0.0,40.0,16.8,20.0,20.0,20.0,383,434,255,324,0
37,9,46.861498055439924,136.86149805543994,10.0,92.0,142.43090691567332,121.62679837065004,39.293765408777,142.43090691567332,119.82679837065002,0.0,40.0,16.8,20.0,20.0,20.0,383,434,534,605,0
37,10,42.01190307520001,132.0119030752,10.0,92.0,142.43090691567332,121.62679837065004,39.293765408777,142.43090691567332,119.82679837065002,0.0,40.0,16.8,20.0,20.0,20.0,383,434,357,410,0
37,11,43.93176527297759,133.9317652729776,10.0,92.0,142.43090691567332,121.62679837065004,39.293765408777,142.43090691567332,119.82679837065002,0.0,40.0,16.8,20.0,20.0,20.0,383,434,448,505,0
37,12,50.53711507397311,140.5371150739731,20.0,92.0,142.43090691567332,121.62679837065004,39.293765408777,142.43090691567332,119.82679837065002,0.0,40.0,16.8,20.0,20.0,20.0,383,434,652,721,0
37,13,40.311288741492746,130.31128874149275,30.0,92.0,142.43090691567332,121.62679837065004,39.293765408777,142.43090691567332,119.82679837065002,0.0,40.0,16.8,20.0,20.0,20.0,383,434,30,92,0
37,14,49.24428900898052,139.24428900898053,10.0,92.0,142.43090691567332,121.62679837065004,39.293765408777,142.43090691567332,119.82679837065002,0.0,40.0,16.8,20.0,20.0,20.0,383,434,567,620,0
37,15,43.86342439892262,133.86342439892263,40.0,92.0,142.43090691567332,121.62679837065004,39.293765408777,142.43090691567332,119.82679837065002,0.0,40.0,16.8,20.0,20.0,20.0,383,434,384,429,0
37,16,48.46648326421054,138.46648326421052,40.0,92.0,142.43090691567332,121.62679837065004,39.293765408777,142.43090691567332,119.82679837065002,0.0,40.0,16.8,20.0,20.0,20.0,383,434,475,528,0
37,17,38.48376280978771,128.48376280978772,20.0,92.0,142.43090691567332,121.62679837065004,39.293765408777,142.43090691567332,119.82679837065002,0.0,40.0,16.8,20.0,20.0,20.0,383,434,99,148,0
37,18,37.33630940518894,127.33630940518894,20.0,92.0,142.43090691567332,121.62679837065004,39.293765408777,142.43090691567332,119.82679837065002,0.0,40.0,16.8,20.0,20.0,20.0,383,434,179,254,0
37,19,42.05948168962618,132.05948168962618,10.0,92.0,142.43090691567332,121.62679837065004,39.293765408777,142.43090691567332,119.82679837065002,0.0,40.0,16.8,20.0,20.0,20.0,383,434,278,345,0
37,20,29.732137494637012,119.73213749463702,10.0,92.0,142.43090691567332,121.62679837065004,39.293765408777,142.43090691567332,119.82679837065002,0.0,40.0,16.8,20.0,20.0,20.0,383,434,10,73,0
37,21,30.463092423455635,120.46309242345563,20.0,92.0,142.43090691567332,121.62679837065004,39.293765408777,142.43090691567332,119.82679837065002,0.0,40.0,16.8,20.0,20.0,20.0,383,434,914,965,0
37,22,28.635642126552707,118.63564212655271,20.0,92.0,142.43090691567332,121.62679837065004,39.293765408777,142.43090691567332,119.82679837065002,0.0,40.0,16.8,20.0,20.0,20.0,383,434,812,883,0
37,23,30.01666203960727,120.01666203960727,10.0,92.0,142.43090691567332,121.62679837065004,39.293765408777,142.43090691567332,119.82679837065002,0.0,40.0,16.8,20.0,20.0,20.0,383,434,732,777,0
37,24,25.079872407968907,115.0798724079689,10.0,92.0,142.43090691567332,121.62679837065004,39.293765408777,142.43090691567332,119.82679837065002,0.0,40.0,16.8,20.0,20.0,20.0,383,434,65,144,0
37,25,25.942243542145693,115.94224354214569,40.0,92.0,142.43090691567332,121.62679837065004,39.293765408777,142.43090691567332,119.82679837065002,0.0,40.0,16.8,20.0,20.0,20.0,383,434,169,224,0
37,26,27.459060435491963,117.45906043549196,10.0,92.0,142.43090691567332,121.62679837065004,39.293765408777,142.43090691567332,119.82679837065002,0.0,40.0,16.8,20.0,20.0,20.0,383,434,622,701,0
37,27,24.186773244895647,114.18677324489565,10.0,92.0,142.43090691567332,121.62679837065004,39.293765408777,142.43090691567332,119.82679837065002,0.0,40.0,16.8,20.0,20.0,20.0,383,434,261,316,0
37,28,25.80697580112788,115.80697580112788,20.0,92.0,142.43090691567332,121.62679837065004,39.293765408777,142.43090691567332,119.82679837065002,0.0,40.0,16.8,20.0,20.0,20.0,383,434,546,593,0
37,29,20.591260281974,110.591260281974,10.0,92.0,142.43090691567332,121.62679837065004,39.293765408777,142.43090691567332,119.82679837065002,0.0,40.0,16.8,20.0,20.0,20.0,383,434,358,405,0
37,30,23.430749027719962,113.43074902771997,10.0,92.0,142.43090691567332,121.62679837065004,39.293765408777,142.43090691567332,119.82679837065002,0.0,40.0,16.8,20.0,20.0,20.0,383,434,449,504,1
37,31,9.433981132056603,99.4339811320566,20.0,92.0,142.43090691567332,121.62679837065004,39.293765408777,142.43090691567332,119.82679837065002,0.0,40.0,16.8,20.0,20.0,20.0,383,434,200,237,0
37,32,8.0,98.0,30.0,92.0,142.43090691567332,121.62679837065004,39.293765408777,142.43090691567332,119.82679837065002,0.0,40.0,16.8,20.0,20.0,20.0,383,434,31,100,0
37,33,6.0,96.0,40.0,92.0,142.43090691567332,121.62679837065004,39.293765408777,142.43090691567332,119.82679837065002,0.0,40.0,16.8,20.0,20.0,20.0,383,434,87,158,0
37,34,7.810249675906654,97.81024967590665,20.0,92.0,142.43090691567332,121.62679837065004,39.293765408777,142.43090691567332,119.82679837065002,0.0,40.0,16.8,20.0,20.0,20.0,383,434,751,816,0
37,35,5.830951894845301,95.8309518948453,10.0,92.0,142.43090691567332,121.62679837065004,39.293765408777,142.43090691567332,119.82679837065002,0.0,40.0,16.8,20.0,20.0,20.0,383,434,283,344,0
37,36,5.830951894845301,95.8309518948453,10.0,92.0,142.43090691567332,121.62679837065004,39.293765408777,142.43090691567332,119.82679837065002,0.0,40.0,16.8,20.0,20.0,20.0,383,434,665,716,1
37,38,2.0,92.0,30.0,92.0,142.43090691567332,121.62679837065004,39.293765408777,142.43090691567332,119.82679837065002,0.0,40.0,16.8,20.0,20.0,20.0,383,434,479,522,1
37,39,5.385164807134504,95.3851648071345,20.0,92.0,142.43090691567332,121.62679837065004,39.293765408777,142.43090691567332,119.82679837065002,0.0,40.0,16.8,20.0,20.0,20.0,383,434,567,624,1
37,40,34.48187929913333,124.48187929913334,10.0,92.0,142.43090691567332,121.62679837065004,39.293765408777,142.43090691567332,119.82679837065002,0.0,40.0,16.8,20.0,20.0,20.0,383,434,264,321,0
37,41,33.95585369269929,123.95585369269929,10.0,92.0,142.43090691567332,121.62679837065004,39.293765408777,142.43090691567332,119.82679837065002,0.0,40.0,16.8,20.0,20.0,20.0,383,434,166,235,0
37,42,32.01562118716424,122.01562118716424,20.0,92.0,142.43090691567332,121.62679837065004,39.293765408777,142.43090691567332,119.82679837065002,0.0,40.0,16.8,20.0,20.0,20.0,383,434,68,149,0
37,43,31.400636936215164,121.40063693621516,10.0,92.0,142.43090691567332,121.62679837065004,39.293765408777,142.43090691567332,119.82679837065002,0.0,40.0,16.8,20.0,20.0,20.0,383,434,16,80,0
37,44,31.622776601683793,121.6227766016838,10.0,92.0,142.43090691567332,121.62679837065004,39.293765408777,142.43090691567332,119.82679837065002,0.0,40.0,16.8,20.0,20.0,20.0,383,434,359,412,0
37,45,29.732137494637012,119.73213749463702,10.0,92.0,142.43090691567332,121.62679837065004,39.293765408777,142.43090691567332,119.82679837065002,0.0,40.0,16.8,20.0,20.0,20.0,383,434,541,600,1
37,46,29.120439557122072,119.12043955712207,30.0,92.0,142.43090691567332,121.62679837065004,39.293765408777,142.43090691567332,119.82679837065002,0.0,40.0,16.8,20.0,20.0,20.0,383,434,448,509,1
37,47,28.442925306655784,118.44292530665578,10.0,92.0,142.43090691567332,121.62679837065004,39.293765408777,142.43090691567332,119.82679837065002,0.0,40.0,16.8,20.0,20.0,20.0,383,434,1054,1127,0
37,48,27.85677655436824,117.85677655436824,10.0,92.0,142.43090691567332,121.62679837065004,39.293765408777,142.43090691567332,119.82679837065002,0.0,40.0,16.8,20.0,20.0,20.0,383,434,632,693,0
37,49,26.476404589747453,116.47640458974746,10.0,92.0,142.43090691567332,121.62679837065004,39.293765408777,142.43090691567332,119.82679837065002,0.0,40.0,16.8,20.0,20.0,20.0,383,434,1001,1066,0
37,50,25.298221281347036,115.29822128134704,10.0,92.0,142.43090691567332,121.62679837065004,39.293765408777,142.43090691567332,119.82679837065002,0.0,40.0,16.8,20.0,20.0,20.0,383,434,815,880,0
38,0,41.23105625617661,131.2310562561766,0.0,92.0,144.08326913195984,123.1599248045429,41.23105625617661,144.08326913195984,121.3599248045429,0.0,40.0,16.6,30.0,30.0,30.0,479,522,0,1236,1
38,1,53.0,143.0,10.0,92.0,144.08326913195984,123.1599248045429,41.23105625617661,144.08326913195984,121.3599248045429,0.0,40.0,16.6,30.0,30.0,30.0,479,522,912,967,0
38,2,54.08326913195984,144.08326913195984,30.0,92.0,144.08326913195984,123.1599248045429,41.23105625617661,144.08326913195984,121.3599248045429,0.0,40.0,16.6,30.0,30.0,30.0,479,522,825,870,0
38,3,49.39635614091387,139.39635614091387,10.0,92.0,144.08326913195984,123.1599248045429,41.23105625617661,144.08326913195984,121.3599248045429,0.0,40.0,16.6,30.0,30.0,30.0,479,522,65,146,0
38,4,50.47771785649585,140.47771785649584,10.0,92.0,144.08326913195984,123.1599248045429,41.23105625617661,144.08326913195984,121.3599248045429,0.0,40.0,16.6,30.0,30.0,30.0,479,522,727,782,0
38,5,48.877397639399746,138.87739763939976,10.0,92.0,144.08326913195984,123.1599248045429,41.23105625617661,144.08326913195984,121.3599248045429,0.0,40.0,16.6,30.0,30.0,30.0,479,522,15,67,0
38,6,49.4064773081425,139.40647730814248,20.0,92.0,144.08326913195984,123.1599248045429,41.23105625617661,144.08326913195984,121.3599248045429,0.0,40.0,16.6,30.0,30.0,30.0,479,522,621,702,0
38,7,47.70744176750625,137.70744176750625,20.0,92.0,144.08326913195984,123.1599248045429,41.23105625617661,144.08326913195984,121.3599248045429,0.0,40.0,16.6,30.0,30.0,30.0,479,522,170,225,0
38,8,47.20169488482379,137.20169488482378,20.0,92.0,144.08326913195984,123.1599248045429,41.23105625617661,144.08326913195984,121.3599248045429,0.0,40.0,16.6,30.0,30.0,30.0,479,522,255,324,0
38,9,48.41487374764082,138.41487374764083,10.0,92.0,144.08326913195984,123.1599248045429,41.23105625617661,144.08326913195984,121.3599248045429,0.0,40.0,16.6,30.0,30.0,30.0,479,522,534,605,0
38,10,43.60045871318328,133.6004587131833,10.0,92.0,144.08326913195984,123.1599248045429,41.23105625617661,144.08326913195984,121.3599248045429,0.0,40.0,16.6,30.0,30.0,30.0,479,522,357,410,0
38,11,45.45327270945405,135.45327270945404,10.0,92.0,144.08326913195984,123.1599248045429,41.23105625617661,144.08326913195984,121.3599248045429,0.0,40.0,16.6,30.0,30.0,30.0,479,522,448,505,0
38,12,51.478150704935004,141.478150704935,20.0,92.0,144.08326913195984,123.1599248045429,41.23105625617661,144.08326913195984,121.3599248045429,0.0,40.0,16.6,30.0,30.0,30.0,479,522,652,721,1
38,13,41.340053217188775,131.34005321718877,30.0,92.0,144.08326913195984,123.1599248045429,41.23105625617661,144.08326913195984,121.3599248045429,0.0,40.0,16.6,30.0,30.0,30.0,479,522,30,92,0
38,14,50.08991914547278,140.08991914547278,10.0,92.0,144.08326913195984,123.1599248045429,41.23105625617661,144.08326913195984,121.3599248045429,0.0,40.0,16.6,30.0,30.0,30.0,479,522,567,620,0
38,15,44.721359549995796,134.72135954999578,40.0,92.0,144.08326913195984,123.1599248045429,41.23105625617661,144.08326913195984,121.3599248045429,0.0,40.0,16.6,30.0,30.0,30.0,479,522,384,429,0
38,16,49.24428900898052,139.24428900898053,40.0,92.0,144.08326913195984,123.1599248045429,41.23105625617661,144.08326913195984,121.3599248045429,0.0,40.0,16.6,30.0,30.0,30.0,479,522,475,528,0
38,17,39.35733730830886,129.35733730830884,20.0,92.0,144.08326913195984,123.1599248045429,41.23105625617661,144.08326913195984,121.3599248045429,0.0,40.0,16.6,30.0,30.0,30.0,479,522,99,148,0
38,18,38.07886552931954,128.07886552931956,20.0,92.0,144.08326913195984,123.1599248045429,41.23105625617661,144.08326913195984,121.3599248045429,0.0,40.0,16.6,30.0,30.0,30.0,479,522,179,254,0
38,19,42.720018726587654,132.72001872658765,10.0,92.0,144.08326913195984,123.1599248045429,41.23105625617661,144.08326913195984,121.3599248045429,0.0,40.0,16.6,30.0,30.0,30.0,479,522,278,345,0
38,20,31.622776601683793,121.6227766016838,10.0,92.0,144.08326913195984,123.1599248045429,41.23105625617661,144.08326913195984,121.3599248045429,0.0,40.0,16.6,30.0,30.0,30.0,479,522,10,73,0
38,21,32.31098884280702,122.31098884280702,20.0,92.0,144.08326913195984,123.1599248045429,41.23105625617661,144.08326913195984,121.3599248045429,0.0,40.0,16.6,30.0,30.0,30.0,479,522,914,965,0
38,22,30.463092423455635,120.46309242345563,20.0,92.0,144.08326913195984,123.1599248045429,41.23105625617661,144.08326913195984,121.3599248045429,0.0,40.0,16.6,30.0,30.0,30.0,479,522,812,883,0
38,23,31.76476034853718,121.76476034853718,10.0,92.0,144.08326913195984,123.1599248045429,41.23105625617661,144.08326913195984,121.3599248045429,0.0,40.0,16.6,30.0,30.0,30.0,479,522,732,777,0
38,24,26.92582403567252,116.92582403567252,10.0,92.0,144.08326913195984,123.1599248045429,41.23105625617661,144.08326913195984,121.3599248045429,0.0,40.0,16.6,30.0,30.0,30.0,479,522,65,144,0
38,25,27.730849247724095,117.7308492477241,40.0,92.0,144.08326913195984,123.1599248045429,41.23105625617661,144.08326913195984,121.3599248045429,0.0,40.0,16.6,30.0,30.0,30.0,479,522,169,224,0
38,26,29.154759474226502,119.1547594742265,10.0,92.0,144.08326913195984,123.1599248045429,41.23105625617661,144.08326913195984,121.3599248045429,0.0,40.0,16.6,30.0,30.0,30.0,479,522,622,701,1
38,27,25.942243542145693,115.94224354214569,10.0,92.0,144.08326913195984,123.1599248045429,41.23105625617661,144.08326913195984,121.3599248045429,0.0,40.0,16.6,30.0,30.0,30.0,479,522,261,316,0
38,28,27.459060435491963,117.45906043549196,20.0,92.0,144.08326913195984,123.1599248045429,41.23105625617661,144.08326913195984,121.3599248045429,0.0,40.0,16.6,30.0,30.0,30.0,479,522,546,593,0
38,29,22.360679774997898,112.36067977499789,10.0,92.0,144.08326913195984,123.1599248045429,41.23105625617661,144.08326913195984,121.3599248045429,0.0,40.0,16.6,30.0,30.0,30.0,479,522,358,405,0
38,30,25.0,115.0,10.0,92.0,144.08326913195984,123.1599248045429,41.23105625617661,144.08326913195984,121.3599248045429,0.0,40.0,16.6,30.0,30.0,30.0,479,522,449,504,0
38,31,11.180339887498949,101.18033988749895,20.0,92.0,144.08326913195984,123.1599248045429,41.23105625617661,144.08326913195984,121.3599248045429,0.0,40.0,16.6,30.0,30.0,30.0,479,522,200,237,0
38,32,10.0,100.0,30.0,92.0,144.08326913195984,123.1599248045429,41.23105625617661,144.08326913195984,121.3599248045429,0.0,40.0,16.6,30.0,30.0,30.0,479,522,31,100,0
38,33,8.0,98.0,40.0,92.0,144.08326913195984,123.1599248045429,41.23105625617661,144.08326913195984,121.3599248045429,0.0,40.0,16.6,30.0,30.0,30.0,479,522,87,158,0
38,34,9.433981132056603,99.4339811320566,20.0,92.0,144.08326913195984,123.1599248045429,41.23105625617661,144.08326913195984,121.3599248045429,0.0,40.0,16.6,30.0,30.0,30.0,479,522,751,816,1
38,35,7.0710678118654755,97.07106781186548,10.0,92.0,144.08326913195984,123.1599248045429,41.23105625617661,144.08326913195984,121.3599248045429,0.0,40.0,16.6,30.0,30.0,30.0,479,522,283,344,0
38,36,7.0710678118654755,97.07106781186548,10.0,92.0,144.08326913195984,123.1599248045429,41.23105625617661,144.08326913195984,121.3599248045429,0.0,40.0,16.6,30.0,30.0,30.0,479,522,665,716,1
38,37,2.0,92.0,20.0,92.0,144.08326913195984,123.1599248045429,41.23105625617661,144.08326913195984,121.3599248045429,0.0,40.0,16.6,30.0,30.0,30.0,479,522,383,434,0
38,39,5.0,95.0,20.0,92.0,144.08326913195984,123.1599248045429,41.23105625617661,144.08326913195984,121.3599248045429,0.0,40.0,16.6,30.0,30.0,30.0,479,522,567,624,1
38,40,36.40054944640259,126.4005494464026,10.0,92.0,144.08326913195984,123.1599248045429,41.23105625617661,144.08326913195984,121.3599248045429,0.0,40.0,16.6,30.0,30.0,30.0,479,522,264,321,0
38,41,35.90264614203248,125.90264614203248,10.0,92.0,144.08326913195984,123.1599248045429,41.23105625617661,144.08326913195984,121.3599248045429,0.0,40.0,16.6,30.0,30.0,30.0,479,522,166,235,0
38,42,33.95585369269929,123.95585369269929,20.0,92.0,144.08326913195984,123.1599248045429,41.23105625617661,144.08326913195984,121.3599248045429,0.0,40.0,16.6,30.0,30.0,30.0,479,522,68,149,0
38,43,33.37663853655727,123.37663853655727,10.0,92.0,144.08326913195984,123.1599248045429,41.23105625617661,144.08326913195984,121.3599248045429,0.0,40.0,16.6,30.0,30.0,30.0,479,522,16,80,0
38,44,33.52610922848042,123.52610922848042,10.0,92.0,144.08326913195984,123.1599248045429,41.23105625617661,144.08326913195984,121.3599248045429,0.0,40.0,16.6,30.0,30.0,30.0,479,522,359,412,0
38,45,31.622776601683793,121.6227766016838,10.0,92.0,144.08326913195984,123.1599248045429,41.23105625617661,144.08326913195984,121.3599248045429,0.0,40.0,16.6,30.0,30.0,30.0,479,522,541,600,0
38,46,31.04834939252005,121.04834939252005,30.0,92.0,144.08326913195984,123.1599248045429,41.23105625617661,144.08326913195984,121.3599248045429,0.0,40.0,16.6,30.0,30.0,30.0,479,522,448,509,0
38,47,30.4138126514911,120.4138126514911,10.0,92.0,144.08326913195984,123.1599248045429,41.23105625617661,144.08326913195984,121.3599248045429,0.0,40.0,16.6,30.0,30.0,30.0,479,522,1054,1127,0
38,48,29.732137494637012,119.73213749463702,10.0,92.0,144.08326913195984,123.1599248045429,41.23105625617661,144.08326913195984,121.3599248045429,0.0,40.0,16.6,30.0,30.0,30.0,479,522,632,693,0
38,49,28.442925306655784,118.44292530665578,10.0,92.0,144.08326913195984,123.1599248045429,41.23105625617661,144.08326913195984,121.3599248045429,0.0,40.0,16.6,30.0,30.0,30.0,479,522,1001,1066,0
38,50,27.202941017470888,117.20294101747089,10.0,92.0,144.08326913195984,123.1599248045429,41.23105625617661,144.08326913195984,121.3599248045429,0.0,40.0,16.6,30.0,30.0,30.0,479,522,815,880,0
39,0,40.311288741492746,130.31128874149275,0.0,95.0,141.478150704935,121.98162344220682,40.311288741492746,141.478150704935,120.18162344220681,0.0,40.0,16.8,20.0,20.0,20.0,567,624,0,1236,1
39,1,50.53711507397311,140.5371150739731,10.0,95.0,141.478150704935,121.98162344220682,40.311288741492746,141.478150704935,120.18162344220681,0.0,40.0,16.8,20.0,20.0,20.0,567,624,912,967,0
39,2,51.478150704935004,141.478150704935,30.0,95.0,141.478150704935,121.98162344220682,40.311288741492746,141.478150704935,120.18162344220681,0.0,40.0,16.8,20.0,20.0,20.0,567,624,825,870,0
39,3,46.95742752749558,136.95742752749558,10.0,95.0,141.478150704935,121.98162344220682,40.311288741492746,141.478150704935,120.18162344220681,0.0,40.0,16.8,20.0,20.0,20.0,567,624,65,146,0
39,4,47.885279575251516,137.8852795752515,10.0,95.0,141.478150704935,121.98162344220682,40.311288741492746,141.478150704935,120.18162344220681,0.0,40.0,16.8,20.0,20.0,20.0,567,624,727,782,0
39,5,46.51881339845203,136.51881339845204,10.0,95.0,141.478150704935,121.98162344220682,40.311288741492746,141.478150704935,120.18162344220681,0.0,40.0,16.8,20.0,20.0,20.0,567,624,15,67,0
39,6,46.647615158762406,136.6476151587624,20.0,95.0,141.478150704935,121.98162344220682,40.311288741492746,141.478150704935,120.18162344220681,0.0,40.0,16.8,20.0,20.0,20.0,567,624,621,702,0
39,7,45.17742799230607,135.17742799230606,20.0,95.0,141.478150704935,121.98162344220682,40.311288741492746,141.478150704935,120.18162344220681,0.0,40.0,16.8,20.0,20.0,20.0,567,624,170,225,0
39,8,44.41846462902562,134.4184646290256,20.0,95.0,141.478150704935,121.98162344220682,40.311288741492746,141.478150704935,120.18162344220681,0.0,40.0,16.8,20.0,20.0,20.0,567,624,255,324,0
39,9,45.48626166217664,135.48626166217664,10.0,95.0,141.478150704935,121.98162344220682,40.311288741492746,141.478150704935,120.18162344220681,0.0,40.0,16.8,20.0,20.0,20.0,567,624,534,605,0
39,10,40.8166632639171,130.8166632639171,10.0,95.0,141.478150704935,121.98162344220682,40.311288741492746,141.478150704935,120.18162344220681,0.0,40.0,16.8,20.0,20.0,20.0,567,624,357,410,0
39,11,42.43819034784589,132.43819034784588,10.0,95.0,141.478150704935,121.98162344220682,40.311288741492746,141.478150704935,120.18162344220681,0.0,40.0,16.8,20.0,20.0,20.0,567,624,448,505,0
39,12,47.16990566028302,137.169905660283,20.0,95.0,141.478150704935,121.98162344220682,40.311288741492746,141.478150704935,120.18162344220681,0.0,40.0,16.8,20.0,20.0,20.0,567,624,652,721,1
39,13,37.20215047547655,127.20215047547654,30.0,95.0,141.478150704935,121.98162344220682,40.311288741492746,141.478150704935,120.18162344220681,0.0,40.0,16.8,20.0,20.0,20.0,567,624,30,92,0
39,14,45.65084884205331,135.6508488420533,10.0,95.0,141.478150704935,121.98162344220682,40.311288741492746,141.478150704935,120.18162344220681,0.0,40.0,16.8,20.0,20.0,20.0,567,624,567,620,0
39,15,40.311288741492746,130.31128874149275,40.0,95.0,141.478150704935,121.98162344220682,40.311288741492746,141.478150704935,120.18162344220681,0.0,40.0,16.8,20.0,20.0,20.0,567,624,384,429,0
39,16,44.721359549995796,134.72135954999578,40.0,95.0,141.478150704935,121.98162344220682,40.311288741492746,141.478150704935,120.18162344220681,0.0,40.0,16.8,20.0,20.0,20.0,567,624,475,528,0
39,17,34.9857113690718,124.9857113690718,20.0,95.0,141.478150704935,121.98162344220682,40.311288741492746,141.478150704935,120.18162344220681,0.0,40.0,16.8,20.0,20.0,20.0,567,624,99,148,0
39,18,33.54101966249684,123.54101966249684,20.0,95.0,141.478150704935,121.98162344220682,40.311288741492746,141.478150704935,120.18162344220681,0.0,40.0,16.8,20.0,20.0,20.0,567,624,179,254,0
39,19,38.07886552931954,128.07886552931956,10.0,95.0,141.478150704935,121.98162344220682,40.311288741492746,141.478150704935,120.18162344220681,0.0,40.0,16.8,20.0,20.0,20.0,567,624,278,345,0
39,20,30.4138126514911,120.4138126514911,10.0,95.0,141.478150704935,121.98162344220682,40.311288741492746,141.478150704935,120.18162344220681,0.0,40.0,16.8,20.0,20.0,20.0,567,624,10,73,0
39,21,30.805843601498726,120.80584360149872,20.0,95.0,141.478150704935,121.98162344220682,40.311288741492746,141.478150704935,120.18162344220681,0.0,40.0,16.8,20.0,20.0,20.0,567,624,914,965,0
39,22,28.861739379323623,118.86173937932362,20.0,95.0,141.478150704935,121.98162344220682,40.311288741492746,141.478150704935,120.18162344220681,0.0,40.0,16.8,20.0,20.0,20.0,567,624,812,883,0
39,23,29.732137494637012,119.73213749463702,10.0,95.0,141.478150704935,121.98162344220682,40.311288741492746,141.478150704935,120.18162344220681,0.0,40.0,16.8,20.0,20.0,20.0,567,624,732,777,1
39,24,25.495097567963924,115.49509756796392,10.0,95.0,141.478150704935,121.98162344220682,40.311288741492746,141.478150704935,120.18162344220681,0.0,40.0,16.8,20.0,20.0,20.0,567,624,65,144,0
39,25,25.96150997149434,115.96150997149434,40.0,95.0,141.478150704935,121.98162344220682,40.311288741492746,141.478150704935,120.18162344220681,0.0,40.0,16.8,20.0,20.0,20.0,567,624,169,224,0
39,26,26.92582403567252,116.92582403567252,10.0,95.0,141.478150704935,121.98162344220682,40.311288741492746,141.478150704935,120.18162344220681,0.0,40.0,16.8,20.0,20.0,20.0,567,624,622,701,1
39,27,24.041630560342615,114.04163056034261,10.0,95.0,141.478150704935,121.98162344220682,40.311288741492746,141.478150704935,120.18162344220681,0.0,40.0,16.8,20.0,20.0,20.0,567,624,261,316,0
39,28,25.079872407968907,115.0798724079689,20.0,95.0,141.478150704935,121.98162344220682,40.311288741492746,141.478150704935,120.18162344220681,0.0,40.0,16.8,20.0,20.0,20.0,567,624,546,593,0
39,29,20.615528128088304,110.6155281280883,10.0,95.0,141.478150704935,121.98162344220682,40.311288741492746,141.478150704935,120.18162344220681,0.0,40.0,16.8,20.0,20.0,20.0,567,624,358,405,0
39,30,22.360679774997898,112.36067977499789,10.0,95.0,141.478150704935,121.98162344220682,40.311288741492746,141.478150704935,120.18162344220681,0.0,40.0,16.8,20.0,20.0,20.0,567,624,449,504,0
39,31,14.142135623730951,104.14213562373095,20.0,95.0,141.478150704935,121.98162344220682,40.311288741492746,141.478150704935,120.18162344220681,0.0,40.0,16.8,20.0,20.0,20.0,567,624,200,237,0
39,32,11.180339887498949,101.18033988749895,30.0,95.0,141.478150704935,121.98162344220682,40.311288741492746,141.478150704935,120.18162344220681,0.0,40.0,16.8,20.0,20.0,20.0,567,624,31,100,0
39,33,9.433981132056603,99.4339811320566,40.0,95.0,141.478150704935,121.98162344220682,40.311288741492746,141.478150704935,120.18162344220681,0.0,40.0,16.8,20.0,20.0,20.0,567,624,87,158,0
39,34,8.0,98.0,20.0,95.0,141.478150704935,121.98162344220682,40.311288741492746,141.478150704935,120.18162344220681,0.0,40.0,16.8,20.0,20.0,20.0,567,624,751,816,1
39,35,11.180339887498949,101.18033988749895,10.0,95.0,141.478150704935,121.98162344220682,40.311288741492746,141.478150704935,120.18162344220681,0.0,40.0,16.8,20.0,20.0,20.0,567,624,283,344,0
39,36,5.0,95.0,10.0,95.0,141.478150704935,121.98162344220682,40.311288741492746,141.478150704935,120.18162344220681,0.0,40.0,16.8,20.0,20.0,20.0,567,624,665,716,1
39,37,5.385164807134504,95.3851648071345,20.0,95.0,141.478150704935,121.98162344220682,40.311288741492746,141.478150704935,120.18162344220681,0.0,40.0,16.8,20.0,20.0,20.0,567,624,383,434,0
39,38,5.0,95.0,30.0,95.0,141.478150704935,121.98162344220682,40.311288741492746,141.478150704935,120.18162344220681,0.0,40.0,16.8,20.0,20.0,20.0,567,624,479,522,0
39,40,38.07886552931954,128.07886552931956,10.0,95.0,141.478150704935,121.98162344220682,40.311288741492746,141.478150704935,120.18162344220681,0.0,40.0,16.8,20.0,20.0,20.0,567,624,264,321,0
39,41,37.33630940518894,127.33630940518894,10.0,95.0,141.478150704935,121.98162344220682,40.311288741492746,141.478150704935,120.18162344220681,0.0,40.0,16.8,20.0,20.0,20.0,567,624,166,235,0
39,42,35.4682957019364,125.4682957019364,20.0,95.0,141.478150704935,121.98162344220682,40.311288741492746,141.478150704935,120.18162344220681,0.0,40.0,16.8,20.0,20.0,20.0,567,624,68,149,0
39,43,34.48187929913333,124.48187929913334,10.0,95.0,141.478150704935,121.98162344220682,40.311288741492746,141.478150704935,120.18162344220681,0.0,40.0,16.8,20.0,20.0,20.0,567,624,16,80,0
39,44,35.34119409414458,125.34119409414458,10.0,95.0,141.478150704935,121.98162344220682,40.311288741492746,141.478150704935,120.18162344220681,0.0,40.0,16.8,20.0,20.0,20.0,567,624,359,412,0
39,45,33.54101966249684,123.54101966249684,10.0,95.0,141.478150704935,121.98162344220682,40.311288741492746,141.478150704935,120.18162344220681,0.0,40.0,16.8,20.0,20.0,20.0,567,624,541,600,0
39,46,32.69556544854363,122.69556544854363,30.0,95.0,141.478150704935,121.98162344220682,40.311288741492746,141.478150704935,120.18162344220681,0.0,40.0,16.8,20.0,20.0,20.0,567,624,448,509,0
39,47,31.622776601683793,121.6227766016838,10.0,95.0,141.478150704935,121.98162344220682,40.311288741492746,141.478150704935,120.18162344220681,0.0,40.0,16.8,20.0,20.0,20.0,567,624,1054,1127,0
39,48,31.76476034853718,121.76476034853718,10.0,95.0,141.478150704935,121.98162344220682,40.311288741492746,141.478150704935,120.18162344220681,0.0,40.0,16.8,20.0,20.0,20.0,567,624,632,693,0
39,49,29.732137494637012,119.73213749463702,10.0,95.0,141.478150704935,121.98162344220682,40.311288741492746,141.478150704935,120.18162344220681,0.0,40.0,16.8,20.0,20.0,20.0,567,624,1001,1066,0
39,50,29.068883707497267,119.06888370749726,10.0,95.0,141.478150704935,121.98162344220682,40.311288741492746,141.478150704935,120.18162344220681,0.0,40.0,16.8,20.0,20.0,20.0,567,624,815,880,0
40,0,20.615528128088304,110.6155281280883,0.0,92.0,147.0087712549569,119.47682106214103,20.615528128088304,147.0087712549569,117.67682106214103,0.0,40.0,17.0,10.0,10.0,10.0,264,321,0,1236,1
40,1,39.293765408777,129.293765408777,10.0,92.0,147.0087712549569,119.47682106214103,20.615528128088304,147.0087712549569,117.67682106214103,0.0,40.0,17.0,10.0,10.0,10.0,264,321,912,967,0
40,2,41.23105625617661,131.2310562561766,30.0,92.0,147.0087712549569,119.47682106214103,20.615528128088304,147.0087712549569,117.67682106214103,0.0,40.0,17.0,10.0,10.0,10.0,264,321,825,870,0
40,3,36.6742416417845,126.6742416417845,10.0,92.0,147.0087712549569,119.47682106214103,20.615528128088304,147.0087712549569,117.67682106214103,0.0,40.0,17.0,10.0,10.0,10.0,264,321,65,146,0
40,4,38.63935817272331,128.63935817272332,10.0,92.0,147.0087712549569,119.47682106214103,20.615528128088304,147.0087712549569,117.67682106214103,0.0,40.0,17.0,10.0,10.0,10.0,264,321,727,782,0
40,5,35.6931365951495,125.6931365951495,10.0,92.0,147.0087712549569,119.47682106214103,20.615528128088304,147.0087712549569,117.67682106214103,0.0,40.0,17.0,10.0,10.0,10.0,264,321,15,67,0
40,6,39.319206502675,129.319206502675,20.0,92.0,147.0087712549569,119.47682106214103,20.615528128088304,147.0087712549569,117.67682106214103,0.0,40.0,17.0,10.0,10.0,10.0,264,321,621,702,0
40,7,36.345563690772494,126.3455636907725,20.0,92.0,147.0087712549569,119.47682106214103,20.615528128088304,147.0087712549569,117.67682106214103,0.0,40.0,17.0,10.0,10.0,10.0,264,321,170,225,0
40,8,38.118237105091836,128.11823710509185,20.0,92.0,147.0087712549569,119.47682106214103,20.615528128088304,147.0087712549569,117.67682106214103,0.0,40.0,17.0,10.0,10.0,10.0,264,321,255,324,0
40,9,40.11234224026316,130.11234224026316,10.0,92.0,147.0087712549569,119.47682106214103,20.615528128088304,147.0087712549569,117.67682106214103,0.0,40.0,17.0,10.0,10.0,10.0,264,321,534,605,0
40,10,36.0,126.0,10.0,92.0,147.0087712549569,119.47682106214103,20.615528128088304,147.0087712549569,117.67682106214103,0.0,40.0,17.0,10.0,10.0,10.0,264,321,357,410,1
40,11,39.0,129.0,10.0,92.0,147.0087712549569,119.47682106214103,20.615528128088304,147.0087712549569,117.67682106214103,0.0,40.0,17.0,10.0,10.0,10.0,264,321,448,505,0
40,12,55.90169943749474,145.90169943749476,20.0,92.0,147.0087712549569,119.47682106214103,20.615528128088304,147.0087712549569,117.67682106214103,0.0,40.0,17.0,10.0,10.0,10.0,264,321,652,721,0
40,13,46.84015371452148,136.84015371452148,30.0,92.0,147.0087712549569,119.47682106214103,20.615528128088304,147.0087712549569,117.67682106214103,0.0,40.0,17.0,10.0,10.0,10.0,264,321,30,92,0
40,14,56.515484603779164,146.51548460377916,10.0,92.0,147.0087712549569,119.47682106214103,20.615528128088304,147.0087712549569,117.67682106214103,0.0,40.0,17.0,10.0,10.0,10.0,264,321,567,620,0
40,15,52.20153254455275,142.20153254455275,40.0,92.0,147.0087712549569,119.47682106214103,20.615528128088304,147.0087712549569,117.67682106214103,0.0,40.0,17.0,10.0,10.0,10.0,264,321,384,429,0
40,16,57.0087712549569,147.0087712549569,40.0,92.0,147.0087712549569,119.47682106214103,20.615528128088304,147.0087712549569,117.67682106214103,0.0,40.0,17.0,10.0,10.0,10.0,264,321,475,528,0
40,17,48.104053883222775,138.10405388322278,20.0,92.0,147.0087712549569,119.47682106214103,20.615528128088304,147.0087712549569,117.67682106214103,0.0,40.0,17.0,10.0,10.0,10.0,264,321,99,148,0
40,18,49.24428900898052,139.24428900898053,20.0,92.0,147.0087712549569,119.47682106214103,20.615528128088304,147.0087712549569,117.67682106214103,0.0,40.0,17.0,10.0,10.0,10.0,264,321,179,254,0
40,19,53.85164807134504,143.85164807134504,10.0,92.0,147.0087712549569,119.47682106214103,20.615528128088304,147.0087712549569,117.67682106214103,0.0,40.0,17.0,10.0,10.0,10.0,264,321,278,345,0
40,20,20.615528128088304,110.6155281280883,10.0,92.0,147.0087712549569,119.47682106214103,20.615528128088304,147.0087712549569,117.67682106214103,0.0,40.0,17.0,10.0,10.0,10.0,264,321,10,73,0
40,21,22.561028345356956,112.56102834535696,20.0,92.0,147.0087712549569,119.47682106214103,20.615528128088304,147.0087712549569,117.67682106214103,0.0,40.0,17.0,10.0,10.0,10.0,264,321,914,965,0
40,22,23.08679276123039,113.08679276123038,20.0,92.0,147.0087712549569,119.47682106214103,20.615528128088304,147.0087712549569,117.67682106214103,0.0,40.0,17.0,10.0,10.0,10.0,264,321,812,883,0
40,23,25.96150997149434,115.96150997149434,10.0,92.0,147.0087712549569,119.47682106214103,20.615528128088304,147.0087712549569,117.67682106214103,0.0,40.0,17.0,10.0,10.0,10.0,264,321,732,777,0
40,24,22.360679774997898,112.36067977499789,10.0,92.0,147.0087712549569,119.47682106214103,20.615528128088304,147.0087712549569,117.67682106214103,0.0,40.0,17.0,10.0,10.0,10.0,264,321,65,144,0
40,25,24.166091947189145,114.16609194718914,40.0,92.0,147.0087712549569,119.47682106214103,20.615528128088304,147.0087712549569,117.67682106214103,0.0,40.0,17.0,10.0,10.0,10.0,264,321,169,224,0
40,26,26.92582403567252,116.92582403567252,10.0,92.0,147.0087712549569,119.47682106214103,20.615528128088304,147.0087712549569,117.67682106214103,0.0,40.0,17.0,10.0,10.0,10.0,264,321,622,701,0
40,27,25.059928172283335,115.05992817228334,10.0,92.0,147.0087712549569,119.47682106214103,20.615528128088304,147.0087712549569,117.67682106214103,0.0,40.0,17.0,10.0,10.0,10.0,264,321,261,316,0
40,28,27.730849247724095,117.7308492477241,20.0,92.0,147.0087712549569,119.47682106214103,20.615528128088304,147.0087712549569,117.67682106214103,0.0,40.0,17.0,10.0,10.0,10.0,264,321,546,593,0
40,29,25.0,115.0,10.0,92.0,147.0087712549569,119.47682106214103,20.615528128088304,147.0087712549569,117.67682106214103,0.0,40.0,17.0,10.0,10.0,10.0,264,321,358,405,1
40,30,29.154759474226502,119.1547594742265,10.0,92.0,147.0087712549569,119.47682106214103,20.615528128088304,147.0087712549569,117.67682106214103,0.0,40.0,17.0,10.0,10.0,10.0,264,321,449,504,0
40,31,25.495097567963924,115.49509756796392,20.0,92.0,147.0087712549569,119.47682106214103,20.615528128088304,147.0087712549569,117.67682106214103,0.0,40.0,17.0,10.0,10.0,10.0,264,321,200,237,0
40,32,26.92582403567252,116.92582403567252,30.0,92.0,147.0087712549569,119.47682106214103,20.615528128088304,147.0087712549569,117.67682106214103,0.0,40.0,17.0,10.0,10.0,10.0,264,321,31,100,0
40,33,28.792360097775937,118.79236009777594,40.0,92.0,147.0087712549569,119.47682106214103,20.615528128088304,147.0087712549569,117.67682106214103,0.0,40.0,17.0,10.0,10.0,10.0,264,321,87,158,0
40,34,30.886890422961002,120.886890422961,20.0,92.0,147.0087712549569,119.47682106214103,20.615528128088304,147.0087712549569,117.67682106214103,0.0,40.0,17.0,10.0,10.0,10.0,264,321,751,816,0
40,35,30.4138126514911,120.4138126514911,10.0,92.0,147.0087712549569,119.47682106214103,20.615528128088304,147.0087712549569,117.67682106214103,0.0,40.0,17.0,10.0,10.0,10.0,264,321,283,344,0
40,36,33.54101966249684,123.54101966249684,10.0,92.0,147.0087712549569,119.47682106214103,20.615528128088304,147.0087712549569,117.67682106214103,0.0,40.0,17.0,10.0,10.0,10.0,264,321,665,716,0
40,37,34.48187929913333,124.48187929913334,20.0,92.0,147.0087712549569,119.47682106214103,20.615528128088304,147.0087712549569,117.67682106214103,0.0,40.0,17.0,10.0,10.0,10.0,264,321,383,434,1
40,38,36.40054944640259,126.4005494464026,30.0,92.0,147.0087712549569,119.47682106214103,20.615528128088304,147.0087712549569,117.67682106214103,0.0,40.0,17.0,10.0,10.0,10.0,264,321,479,522,0
40,39,38.07886552931954,128.07886552931956,20.0,92.0,147.0087712549569,119.47682106214103,20.615528128088304,147.0087712549569,117.67682106214103,0.0,40.0,17.0,10.0,10.0,10.0,264,321,567,624,0
40,41,2.0,92.0,10.0,92.0,147.0087712549569,119.47682106214103,20.615528128088304,147.0087712549569,117.67682106214103,0.0,40.0,17.0,10.0,10.0,10.0,264,321,166,235,0
40,42,2.8284271247461903,92.82842712474618,20.0,92.0,147.0087712549569,119.47682106214103,20.615528128088304,147.0087712549569,117.67682106214103,0.0,40.0,17.0,10.0,10.0,10.0,264,321,68,149,0
40,43,5.385164807134504,95.3851648071345,10.0,92.0,147.0087712549569,119.47682106214103,20.615528128088304,147.0087712549569,117.67682106214103,0.0,40.0,17.0,10.0,10.0,10.0,264,321,16,80,0
40,44,3.0,93.0,10.0,92.0,147.0087712549569,119.47682106214103,20.615528128088304,147.0087712549569,117.67682106214103,0.0,40.0,17.0,10.0,10.0,10.0,264,321,359,412,1
40,45,5.0,95.0,10.0,92.0,147.0087712549569,119.47682106214103,20.615528128088304,147.0087712549569,117.67682106214103,0.0,40.0,17.0,10.0,10.0,10.0,264,321,541,600,1
40,46,5.385164807134504,95.3851648071345,30.0,92.0,147.0087712549569,119.47682106214103,20.615528128088304,147.0087712549569,117.67682106214103,0.0,40.0,17.0,10.0,10.0,10.0,264,321,448,509,1
40,47,7.0710678118654755,97.07106781186548,10.0,92.0,147.0087712549569,119.47682106214103,20.615528128088304,147.0087712549569,117.67682106214103,0.0,40.0,17.0,10.0,10.0,10.0,264,321,1054,1127,0
40,48,7.0,97.0,10.0,92.0,147.0087712549569,119.47682106214103,20.615528128088304,147.0087712549569,117.67682106214103,0.0,40.0,17.0,10.0,10.0,10.0,264,321,632,693,1
40,49,8.602325267042627,98.60232526704263,10.0,92.0,147.0087712549569,119.47682106214103,20.615528128088304,147.0087712549569,117.67682106214103,0.0,40.0,17.0,10.0,10.0,10.0,264,321,1001,1066,0
40,50,9.219544457292887,99.21954445729288,10.0,92.0,147.0087712549569,119.47682106214103,20.615528128088304,147.0087712549569,117.67682106214103,0.0,40.0,17.0,10.0,10.0,10.0,264,321,815,880,0
41,0,18.681541692269406,108.6815416922694,0.0,92.0,145.08175741568164,118.11001175142533,18.681541692269406,145.08175741568164,116.31001175142534,0.0,40.0,17.0,10.0,10.0,10.0,166,235,0,1236,1
41,1,37.36308338453881,127.36308338453881,10.0,92.0,145.08175741568164,118.11001175142533,18.681541692269406,145.08175741568164,116.31001175142534,0.0,40.0,17.0,10.0,10.0,10.0,166,235,912,967,0
41,2,39.293765408777,129.293765408777,30.0,92.0,145.08175741568164,118.11001175142533,18.681541692269406,145.08175741568164,116.31001175142534,0.0,40.0,17.0,10.0,10.0,10.0,166,235,825,870,0
41,3,34.713109915419565,124.71310991541957,10.0,92.0,145.08175741568164,118.11001175142533,18.681541692269406,145.08175741568164,116.31001175142534,0.0,40.0,17.0,10.0,10.0,10.0,166,235,65,146,0
41,4,36.6742416417845,126.6742416417845,10.0,92.0,145.08175741568164,118.11001175142533,18.681541692269406,145.08175741568164,116.31001175142534,0.0,40.0,17.0,10.0,10.0,10.0,166,235,727,782,0
41,5,33.734255586866,123.734255586866,10.0,92.0,145.08175741568164,118.11001175142533,18.681541692269406,145.08175741568164,116.31001175142534,0.0,40.0,17.0,10.0,10.0,10.0,166,235,15,67,0
41,6,37.33630940518894,127.33630940518894,20.0,92.0,145.08175741568164,118.11001175142533,18.681541692269406,145.08175741568164,116.31001175142534,0.0,40.0,17.0,10.0,10.0,10.0,166,235,621,702,0
41,7,34.36568055487916,124.36568055487916,20.0,92.0,145.08175741568164,118.11001175142533,18.681541692269406,145.08175741568164,116.31001175142534,0.0,40.0,17.0,10.0,10.0,10.0,166,235,170,225,0
41,8,36.124783736376884,126.12478373637688,20.0,92.0,145.08175741568164,118.11001175142533,18.681541692269406,145.08175741568164,116.31001175142534,0.0,40.0,17.0,10.0,10.0,10.0,166,235,255,324,0
41,9,38.118237105091836,128.11823710509185,10.0,92.0,145.08175741568164,118.11001175142533,18.681541692269406,145.08175741568164,116.31001175142534,0.0,40.0,17.0,10.0,10.0,10.0,166,235,534,605,0
41,10,34.0,124.0,10.0,92.0,145.08175741568164,118.11001175142533,18.681541692269406,145.08175741568164,116.31001175142534,0.0,40.0,17.0,10.0,10.0,10.0,166,235,357,410,0
41,11,37.0,127.0,10.0,92.0,145.08175741568164,118.11001175142533,18.681541692269406,145.08175741568164,116.31001175142534,0.0,40.0,17.0,10.0,10.0,10.0,166,235,448,505,0
41,12,53.9351462406472,143.9351462406472,20.0,92.0,145.08175741568164,118.11001175142533,18.681541692269406,145.08175741568164,116.31001175142534,0.0,40.0,17.0,10.0,10.0,10.0,166,235,652,721,0
41,13,44.9221548904324,134.9221548904324,30.0,92.0,145.08175741568164,118.11001175142533,18.681541692269406,145.08175741568164,116.31001175142534,0.0,40.0,17.0,10.0,10.0,10.0,166,235,30,92,0
41,14,54.57105459856901,144.57105459856902,10.0,92.0,145.08175741568164,118.11001175142533,18.681541692269406,145.08175741568164,116.31001175142534,0.0,40.0,17.0,10.0,10.0,10.0,166,235,567,620,0
41,15,50.28916384272063,140.28916384272063,40.0,92.0,145.08175741568164,118.11001175142533,18.681541692269406,145.08175741568164,116.31001175142534,0.0,40.0,17.0,10.0,10.0,10.0,166,235,384,429,0
41,16,55.08175741568164,145.08175741568164,40.0,92.0,145.08175741568164,118.11001175142533,18.681541692269406,145.08175741568164,116.31001175142534,0.0,40.0,17.0,10.0,10.0,10.0,166,235,475,528,0
41,17,46.238512086787566,136.23851208678758,20.0,92.0,145.08175741568164,118.11001175142533,18.681541692269406,145.08175741568164,116.31001175142534,0.0,40.0,17.0,10.0,10.0,10.0,166,235,99,148,0
41,18,47.4236228055175,137.4236228055175,20.0,92.0,145.08175741568164,118.11001175142533,18.681541692269406,145.08175741568164,116.31001175142534,0.0,40.0,17.0,10.0,10.0,10.0,166,235,179,254,0
41,19,52.0,142.0,10.0,92.0,145.08175741568164,118.11001175142533,18.681541692269406,145.08175741568164,116.31001175142534,0.0,40.0,17.0,10.0,10.0,10.0,166,235,278,345,0
41,20,18.681541692269406,108.6815416922694,10.0,92.0,145.08175741568164,118.11001175142533,18.681541692269406,145.08175741568164,116.31001175142534,0.0,40.0,17.0,10.0,10.0,10.0,166,235,10,73,0
41,21,20.615528128088304,110.6155281280883,20.0,92.0,145.08175741568164,118.11001175142533,18.681541692269406,145.08175741568164,116.31001175142534,0.0,40.0,17.0,10.0,10.0,10.0,166,235,914,965,0
41,22,21.18962010041709,111.18962010041709,20.0,92.0,145.08175741568164,118.11001175142533,18.681541692269406,145.08175741568164,116.31001175142534,0.0,40.0,17.0,10.0,10.0,10.0,166,235,812,883,0
41,23,24.041630560342615,114.04163056034261,10.0,92.0,145.08175741568164,118.11001175142533,18.681541692269406,145.08175741568164,116.31001175142534,0.0,40.0,17.0,10.0,10.0,10.0,166,235,732,777,0
41,24,20.591260281974,110.591260281974,10.0,92.0,145.08175741568164,118.11001175142533,18.681541692269406,145.08175741568164,116.31001175142534,0.0,40.0,17.0,10.0,10.0,10.0,166,235,65,144,0
41,25,22.360679774997898,112.36067977499789,40.0,92.0,145.08175741568164,118.11001175142533,18.681541692269406,145.08175741568164,116.31001175142534,0.0,40.0,17.0,10.0,10.0,10.0,166,235,169,224,0
41,26,25.079872407968907,115.0798724079689,10.0,92.0,145.08175741568164,118.11001175142533,18.681541692269406,145.08175741568164,116.31001175142534,0.0,40.0,17.0,10.0,10.0,10.0,166,235,622,701,0
41,27,23.323807579381203,113.3238075793812,10.0,92.0,145.08175741568164,118.11001175142533,18.681541692269406,145.08175741568164,116.31001175142534,0.0,40.0,17.0,10.0,10.0,10.0,166,235,261,316,0
41,28,25.942243542145693,115.94224354214569,20.0,92.0,145.08175741568164,118.11001175142533,18.681541692269406,145.08175741568164,116.31001175142534,0.0,40.0,17.0,10.0,10.0,10.0,166,235,546,593,0
41,29,23.430749027719962,113.43074902771997,10.0,92.0,145.08175741568164,118.11001175142533,18.681541692269406,145.08175741568164,116.31001175142534,0.0,40.0,17.0,10.0,10.0,10.0,166,235,358,405,0
41,30,27.459060435491963,117.45906043549196,10.0,92.0,145.08175741568164,118.11001175142533,18.681541692269406,145.08175741568164,116.31001175142534,0.0,40.0,17.0,10.0,10.0,10.0,166,235,449,504,0
41,31,25.179356624028344,115.17935662402834,20.0,92.0,145.08175741568164,118.11001175142533,18.681541692269406,145.08175741568164,116.31001175142534,0.0,40.0,17.0,10.0,10.0,10.0,166,235,200,237,0
41,32,26.248809496813376,116.24880949681338,30.0,92.0,145.08175741568164,118.11001175142533,18.681541692269406,145.08175741568164,116.31001175142534,0.0,40.0,17.0,10.0,10.0,10.0,166,235,31,100,0
41,33,28.160255680657446,118.16025568065744,40.0,92.0,145.08175741568164,118.11001175142533,18.681541692269406,145.08175741568164,116.31001175142534,0.0,40.0,17.0,10.0,10.0,10.0,166,235,87,158,0
41,34,29.966648127543394,119.9666481275434,20.0,92.0,145.08175741568164,118.11001175142533,18.681541692269406,145.08175741568164,116.31001175142534,0.0,40.0,17.0,10.0,10.0,10.0,166,235,751,816,0
41,35,30.14962686336267,120.14962686336267,10.0,92.0,145.08175741568164,118.11001175142533,18.681541692269406,145.08175741568164,116.31001175142534,0.0,40.0,17.0,10.0,10.0,10.0,166,235,283,344,0
41,36,32.69556544854363,122.69556544854363,10.0,92.0,145.08175741568164,118.11001175142533,18.681541692269406,145.08175741568164,116.31001175142534,0.0,40.0,17.0,10.0,10.0,10.0,166,235,665,716,0
41,37,33.95585369269929,123.95585369269929,20.0,92.0,145.08175741568164,118.11001175142533,18.681541692269406,145.08175741568164,116.31001175142534,0.0,40.0,17.0,10.0,10.0,10.0,166,235,383,434,0
41,38,35.90264614203248,125.90264614203248,30.0,92.0,145.08175741568164,118.11001175142533,18.681541692269406,145.08175741568164,116.31001175142534,0.0,40.0,17.0,10.0,10.0,10.0,166,235,479,522,0
41,39,37.33630940518894,127.33630940518894,20.0,92.0,145.08175741568164,118.11001175142533,18.681541692269406,145.08175741568164,116.31001175142534,0.0,40.0,17.0,10.0,10.0,10.0,166,235,567,624,0
41,40,2.0,92.0,10.0,92.0,145.08175741568164,118.11001175142533,18.681541692269406,145.08175741568164,116.31001175142534,0.0,40.0,17.0,10.0,10.0,10.0,166,235,264,321,1
41,42,2.0,92.0,20.0,92.0,145.08175741568164,118.11001175142533,18.681541692269406,145.08175741568164,116.31001175142534,0.0,40.0,17.0,10.0,10.0,10.0,166,235,68,149,0
41,43,3.605551275463989,93.605551275464,10.0,92.0,145.08175741568164,118.11001175142533,18.681541692269406,145.08175741568164,116.31001175142534,0.0,40.0,17.0,10.0,10.0,10.0,166,235,16,80,0
41,44,3.605551275463989,93.605551275464,10.0,92.0,145.08175741568164,118.11001175142533,18.681541692269406,145.08175741568164,116.31001175142534,0.0,40.0,17.0,10.0,10.0,10.0,166,235,359,412,1
41,45,5.385164807134504,95.3851648071345,10.0,92.0,145.08175741568164,118.11001175142533,18.681541692269406,145.08175741568164,116.31001175142534,0.0,40.0,17.0,10.0,10.0,10.0,166,235,541,600,0
41,46,5.0,95.0,30.0,92.0,145.08175741568164,118.11001175142533,18.681541692269406,145.08175741568164,116.31001175142534,0.0,40.0,17.0,10.0,10.0,10.0,166,235,448,509,1
41,47,5.830951894845301,95.8309518948453,10.0,92.0,145.08175741568164,118.11001175142533,18.681541692269406,145.08175741568164,116.31001175142534,0.0,40.0,17.0,10.0,10.0,10.0,166,235,1054,1127,0
41,48,7.280109889280518,97.28010988928052,10.0,92.0,145.08175741568164,118.11001175142533,18.681541692269406,145.08175741568164,116.31001175142534,0.0,40.0,17.0,10.0,10.0,10.0,166,235,632,693,0
41,49,7.615773105863909,97.61577310586391,10.0,92.0,145.08175741568164,118.11001175142533,18.681541692269406,145.08175741568164,116.31001175142534,0.0,40.0,17.0,10.0,10.0,10.0,166,235,1001,1066,0
41,50,9.0,99.0,10.0,92.0,145.08175741568164,118.11001175142533,18.681541692269406,145.08175741568164,116.31001175142534,0.0,40.0,17.0,10.0,10.0,10.0,166,235,815,880,0
42,0,19.313207915827967,109.31320791582797,0.0,92.0,144.57105459856902,117.34873345406935,19.313207915827967,144.57105459856902,115.54873345406935,0.0,40.0,16.8,20.0,20.0,20.0,68,149,0,1236,1
42,1,37.94733192202055,127.94733192202055,10.0,92.0,144.57105459856902,117.34873345406935,19.313207915827967,144.57105459856902,115.54873345406935,0.0,40.0,16.8,20.0,20.0,20.0,68,149,912,967,0
42,2,39.84971769034255,129.84971769034254,30.0,92.0,144.57105459856902,117.34873345406935,19.313207915827967,144.57105459856902,115.54873345406935,0.0,40.0,16.8,20.0,20.0,20.0,68,149,825,870,0
42,3,35.17101079013795,125.17101079013796,10.0,92.0,144.57105459856902,117.34873345406935,19.313207915827967,144.57105459856902,115.54873345406935,0.0,40.0,16.8,20.0,20.0,20.0,68,149,65,146,0
42,4,37.107950630558946,127.10795063055895,10.0,92.0,144.57105459856902,117.34873345406935,19.313207915827967,144.57105459856902,115.54873345406935,0.0,40.0,16.8,20.0,20.0,20.0,68,149,727,782,0
42,5,34.20526275297414,124.20526275297414,10.0,92.0,144.57105459856902,117.34873345406935,19.313207915827967,144.57105459856902,115.54873345406935,0.0,40.0,16.8,20.0,20.0,20.0,68,149,15,67,0
42,6,37.656340767525464,127.65634076752546,20.0,92.0,144.57105459856902,117.34873345406935,19.313207915827967,144.57105459856902,115.54873345406935,0.0,40.0,16.8,20.0,20.0,20.0,68,149,621,702,0
42,7,34.713109915419565,124.71310991541957,20.0,92.0,144.57105459856902,117.34873345406935,19.313207915827967,144.57105459856902,115.54873345406935,0.0,40.0,16.8,20.0,20.0,20.0,68,149,170,225,0
42,8,36.345563690772494,126.3455636907725,20.0,92.0,144.57105459856902,117.34873345406935,19.313207915827967,144.57105459856902,115.54873345406935,0.0,40.0,16.8,20.0,20.0,20.0,68,149,255,324,0
42,9,38.3275357934736,128.3275357934736,10.0,92.0,144.57105459856902,117.34873345406935,19.313207915827967,144.57105459856902,115.54873345406935,0.0,40.0,16.8,20.0,20.0,20.0,68,149,534,605,0
42,10,34.058772731852805,124.0587727318528,10.0,92.0,144.57105459856902,117.34873345406935,19.313207915827967,144.57105459856902,115.54873345406935,0.0,40.0,16.8,20.0,20.0,20.0,68,149,357,410,0
42,11,37.05401462729781,127.05401462729782,10.0,92.0,144.57105459856902,117.34873345406935,19.313207915827967,144.57105459856902,115.54873345406935,0.0,40.0,16.8,20.0,20.0,20.0,68,149,448,505,0
42,12,53.600373133029585,143.6003731330296,20.0,92.0,144.57105459856902,117.34873345406935,19.313207915827967,144.57105459856902,115.54873345406935,0.0,40.0,16.8,20.0,20.0,20.0,68,149,652,721,0
42,13,44.384682042344295,134.3846820423443,30.0,92.0,144.57105459856902,117.34873345406935,19.313207915827967,144.57105459856902,115.54873345406935,0.0,40.0,16.8,20.0,20.0,20.0,68,149,30,92,0
42,14,54.12947441089743,144.12947441089744,10.0,92.0,144.57105459856902,117.34873345406935,19.313207915827967,144.57105459856902,115.54873345406935,0.0,40.0,16.8,20.0,20.0,20.0,68,149,567,620,0
42,15,49.72926703662542,139.72926703662543,40.0,92.0,144.57105459856902,117.34873345406935,19.313207915827967,144.57105459856902,115.54873345406935,0.0,40.0,16.8,20.0,20.0,20.0,68,149,384,429,0
42,16,54.57105459856901,144.57105459856902,40.0,92.0,144.57105459856902,117.34873345406935,19.313207915827967,144.57105459856902,115.54873345406935,0.0,40.0,16.8,20.0,20.0,20.0,68,149,475,528,0
42,17,45.5411901469428,135.5411901469428,20.0,92.0,144.57105459856902,117.34873345406935,19.313207915827967,144.57105459856902,115.54873345406935,0.0,40.0,16.8,20.0,20.0,20.0,68,149,99,148,0
42,18,46.61544808322666,136.61544808322665,20.0,92.0,144.57105459856902,117.34873345406935,19.313207915827967,144.57105459856902,115.54873345406935,0.0,40.0,16.8,20.0,20.0,20.0,68,149,179,254,0
42,19,51.264022471905186,141.26402247190518,10.0,92.0,144.57105459856902,117.34873345406935,19.313207915827967,144.57105459856902,115.54873345406935,0.0,40.0,16.8,20.0,20.0,20.0,68,149,278,345,0
42,20,18.24828759089466,108.24828759089466,10.0,92.0,144.57105459856902,117.34873345406935,19.313207915827967,144.57105459856902,115.54873345406935,0.0,40.0,16.8,20.0,20.0,20.0,68,149,10,73,0
42,21,20.223748416156685,110.22374841615668,20.0,92.0,144.57105459856902,117.34873345406935,19.313207915827967,144.57105459856902,115.54873345406935,0.0,40.0,16.8,20.0,20.0,20.0,68,149,914,965,0
42,22,20.615528128088304,110.6155281280883,20.0,92.0,144.57105459856902,117.34873345406935,19.313207915827967,144.57105459856902,115.54873345406935,0.0,40.0,16.8,20.0,20.0,20.0,68,149,812,883,0
42,23,23.53720459187964,113.53720459187964,10.0,92.0,144.57105459856902,117.34873345406935,19.313207915827967,144.57105459856902,115.54873345406935,0.0,40.0,16.8,20.0,20.0,20.0,68,149,732,777,0
42,24,19.697715603592208,109.6977156035922,10.0,92.0,144.57105459856902,117.34873345406935,19.313207915827967,144.57105459856902,115.54873345406935,0.0,40.0,16.8,20.0,20.0,20.0,68,149,65,144,0
42,25,21.540659228538015,111.54065922853802,40.0,92.0,144.57105459856902,117.34873345406935,19.313207915827967,144.57105459856902,115.54873345406935,0.0,40.0,16.8,20.0,20.0,20.0,68,149,169,224,1
42,26,24.351591323771842,114.35159132377184,10.0,92.0,144.57105459856902,117.34873345406935,19.313207915827967,144.57105459856902,115.54873345406935,0.0,40.0,16.8,20.0,20.0,20.0,68,149,622,701,0
42,27,22.360679774997898,112.36067977499789,10.0,92.0,144.57105459856902,117.34873345406935,19.313207915827967,144.57105459856902,115.54873345406935,0.0,40.0,16.8,20.0,20.0,20.0,68,149,261,316,0
42,28,25.079872407968907,115.0798724079689,20.0,92.0,144.57105459856902,117.34873345406935,19.313207915827967,144.57105459856902,115.54873345406935,0.0,40.0,16.8,20.0,20.0,20.0,68,149,546,593,0
42,29,22.20360331117452,112.20360331117452,10.0,92.0,144.57105459856902,117.34873345406935,19.313207915827967,144.57105459856902,115.54873345406935,0.0,40.0,16.8,20.0,20.0,20.0,68,149,358,405,0
42,30,26.419689627245813,116.41968962724582,10.0,92.0,144.57105459856902,117.34873345406935,19.313207915827967,144.57105459856902,115.54873345406935,0.0,40.0,16.8,20.0,20.0,20.0,68,149,449,504,0
42,31,23.194827009486403,113.1948270094864,20.0,92.0,144.57105459856902,117.34873345406935,19.313207915827967,144.57105459856902,115.54873345406935,0.0,40.0,16.8,20.0,20.0,20.0,68,149,200,237,1
42,32,24.351591323771842,114.35159132377184,30.0,92.0,144.57105459856902,117.34873345406935,19.313207915827967,144.57105459856902,115.54873345406935,0.0,40.0,16.8,20.0,20.0,20.0,68,149,31,100,0
42,33,26.248809496813376,116.24880949681338,40.0,92.0,144.57105459856902,117.34873345406935,19.313207915827967,144.57105459856902,115.54873345406935,0.0,40.0,16.8,20.0,20.0,20.0,68,149,87,158,0
42,34,28.178005607210743,118.17800560721074,20.0,92.0,144.57105459856902,117.34873345406935,19.313207915827967,144.57105459856902,115.54873345406935,0.0,40.0,16.8,20.0,20.0,20.0,68,149,751,816,0
42,35,28.160255680657446,118.16025568065744,10.0,92.0,144.57105459856902,117.34873345406935,19.313207915827967,144.57105459856902,115.54873345406935,0.0,40.0,16.8,20.0,20.0,20.0,68,149,283,344,0
42,36,30.870698080866262,120.87069808086626,10.0,92.0,144.57105459856902,117.34873345406935,19.313207915827967,144.57105459856902,115.54873345406935,0.0,40.0,16.8,20.0,20.0,20.0,68,149,665,716,0
42,37,32.01562118716424,122.01562118716424,20.0,92.0,144.57105459856902,117.34873345406935,19.313207915827967,144.57105459856902,115.54873345406935,0.0,40.0,16.8,20.0,20.0,20.0,68,149,383,434,0
42,38,33.95585369269929,123.95585369269929,30.0,92.0,144.57105459856902,117.34873345406935,19.313207915827967,144.57105459856902,115.54873345406935,0.0,40.0,16.8,20.0,20.0,20.0,68,149,479,522,0
42,39,35.4682957019364,125.4682957019364,20.0,92.0,144.57105459856902,117.34873345406935,19.313207915827967,144.57105459856902,115.54873345406935,0.0,40.0,16.8,20.0,20.0,20.0,68,149,567,624,0
42,40,2.8284271247461903,92.82842712474618,10.0,92.0,144.57105459856902,117.34873345406935,19.313207915827967,144.57105459856902,115.54873345406935,0.0,40.0,16.8,20.0,20.0,20.0,68,149,264,321,1
42,41,2.0,92.0,10.0,92.0,144.57105459856902,117.34873345406935,19.313207915827967,144.57105459856902,115.54873345406935,0.0,40.0,16.8,20.0,20.0,20.0,68,149,166,235,1
42,43,3.0,93.0,10.0,92.0,144.57105459856902,117.34873345406935,19.313207915827967,144.57105459856902,115.54873345406935,0.0,40.0,16.8,20.0,20.0,20.0,68,149,16,80,0
42,44,2.23606797749979,92.23606797749979,10.0,92.0,144.57105459856902,117.34873345406935,19.313207915827967,144.57105459856902,115.54873345406935,0.0,40.0,16.8,20.0,20.0,20.0,68,149,359,412,1
42,45,3.605551275463989,93.605551275464,10.0,92.0,144.57105459856902,117.34873345406935,19.313207915827967,144.57105459856902,115.54873345406935,0.0,40.0,16.8,20.0,20.0,20.0,68,149,541,600,0
42,46,3.0,93.0,30.0,92.0,144.57105459856902,117.34873345406935,19.313207915827967,144.57105459856902,115.54873345406935,0.0,40.0,16.8,20.0,20.0,20.0,68,149,448,509,0
42,47,4.242640687119285,94.24264068711929,10.0,92.0,144.57105459856902,117.34873345406935,19.313207915827967,144.57105459856902,115.54873345406935,0.0,40.0,16.8,20.0,20.0,20.0,68,149,1054,1127,0
42,48,5.385164807134504,95.3851648071345,10.0,92.0,144.57105459856902,117.34873345406935,19.313207915827967,144.57105459856902,115.54873345406935,0.0,40.0,16.8,20.0,20.0,20.0,68,149,632,693,0
42,49,5.830951894845301,95.8309518948453,10.0,92.0,144.57105459856902,117.34873345406935,19.313207915827967,144.57105459856902,115.54873345406935,0.0,40.0,16.8,20.0,20.0,20.0,68,149,1001,1066,0
42,50,7.0,97.0,10.0,92.0,144.57105459856902,117.34873345406935,19.313207915827967,144.57105459856902,115.54873345406935,0.0,40.0,16.8,20.0,20.0,20.0,68,149,815,880,0
43,0,16.55294535724685,106.55294535724684,0.0,93.0,141.66236541235796,115.67003731879942,16.55294535724685,141.66236541235796,113.87003731879942,0.0,40.0,17.0,10.0,10.0,10.0,16,80,0,1236,1
43,1,35.11409973215888,125.11409973215888,10.0,93.0,141.66236541235796,115.67003731879942,16.55294535724685,141.66236541235796,113.87003731879942,0.0,40.0,17.0,10.0,10.0,10.0,16,80,912,967,0
43,2,37.0,127.0,30.0,93.0,141.66236541235796,115.67003731879942,16.55294535724685,141.66236541235796,113.87003731879942,0.0,40.0,17.0,10.0,10.0,10.0,16,80,825,870,0
43,3,32.28002478313795,122.28002478313795,10.0,93.0,141.66236541235796,115.67003731879942,16.55294535724685,141.66236541235796,113.87003731879942,0.0,40.0,17.0,10.0,10.0,10.0,16,80,65,146,0
43,4,34.20526275297414,124.20526275297414,10.0,93.0,141.66236541235796,115.67003731879942,16.55294535724685,141.66236541235796,113.87003731879942,0.0,40.0,17.0,10.0,10.0,10.0,16,80,727,782,0
43,5,31.32091952673165,121.32091952673164,10.0,93.0,141.66236541235796,115.67003731879942,16.55294535724685,141.66236541235796,113.87003731879942,0.0,40.0,17.0,10.0,10.0,10.0,16,80,15,67,0
43,6,34.713109915419565,124.71310991541957,20.0,93.0,141.66236541235796,115.67003731879942,16.55294535724685,141.66236541235796,113.87003731879942,0.0,40.0,17.0,10.0,10.0,10.0,16,80,621,702,0
43,7,31.78049716414141,121.78049716414141,20.0,93.0,141.66236541235796,115.67003731879942,16.55294535724685,141.66236541235796,113.87003731879942,0.0,40.0,17.0,10.0,10.0,10.0,16,80,170,225,1
43,8,33.37663853655727,123.37663853655727,20.0,93.0,141.66236541235796,115.67003731879942,16.55294535724685,141.66236541235796,113.87003731879942,0.0,40.0,17.0,10.0,10.0,10.0,16,80,255,324,0
43,9,35.35533905932738,125.35533905932738,10.0,93.0,141.66236541235796,115.67003731879942,16.55294535724685,141.66236541235796,113.87003731879942,0.0,40.0,17.0,10.0,10.0,10.0,16,80,534,605,0
43,10,31.064449134018133,121.06444913401813,10.0,93.0,141.66236541235796,115.67003731879942,16.55294535724685,141.66236541235796,113.87003731879942,0.0,40.0,17.0,10.0,10.0,10.0,16,80,357,410,0
43,11,34.058772731852805,124.0587727318528,10.0,93.0,141.66236541235796,115.67003731879942,16.55294535724685,141.66236541235796,113.87003731879942,0.0,40.0,17.0,10.0,10.0,10.0,16,80,448,505,0
43,12,50.635955604688654,140.63595560468866,20.0,93.0,141.66236541235796,115.67003731879942,16.55294535724685,141.66236541235796,113.87003731879942,0.0,40.0,17.0,10.0,10.0,10.0,16,80,652,721,0
43,13,41.48493702538308,131.4849370253831,30.0,93.0,141.66236541235796,115.67003731879942,16.55294535724685,141.66236541235796,113.87003731879942,0.0,40.0,17.0,10.0,10.0,10.0,16,80,30,92,0
43,14,51.19570294468082,141.19570294468082,10.0,93.0,141.66236541235796,115.67003731879942,16.55294535724685,141.66236541235796,113.87003731879942,0.0,40.0,17.0,10.0,10.0,10.0,16,80,567,620,0
43,15,46.84015371452148,136.84015371452148,40.0,93.0,141.66236541235796,115.67003731879942,16.55294535724685,141.66236541235796,113.87003731879942,0.0,40.0,17.0,10.0,10.0,10.0,16,80,384,429,0
43,16,51.66236541235796,141.66236541235796,40.0,93.0,141.66236541235796,115.67003731879942,16.55294535724685,141.66236541235796,113.87003731879942,0.0,40.0,17.0,10.0,10.0,10.0,16,80,475,528,0
43,17,42.720018726587654,132.72001872658765,20.0,93.0,141.66236541235796,115.67003731879942,16.55294535724685,141.66236541235796,113.87003731879942,0.0,40.0,17.0,10.0,10.0,10.0,16,80,99,148,0
43,18,43.86342439892262,133.86342439892263,20.0,93.0,141.66236541235796,115.67003731879942,16.55294535724685,141.66236541235796,113.87003731879942,0.0,40.0,17.0,10.0,10.0,10.0,16,80,179,254,0
43,19,48.46648326421054,138.46648326421052,10.0,93.0,141.66236541235796,115.67003731879942,16.55294535724685,141.66236541235796,113.87003731879942,0.0,40.0,17.0,10.0,10.0,10.0,16,80,278,345,0
43,20,15.297058540778355,105.29705854077835,10.0,93.0,141.66236541235796,115.67003731879942,16.55294535724685,141.66236541235796,113.87003731879942,0.0,40.0,17.0,10.0,10.0,10.0,16,80,10,73,0
43,21,17.26267650163207,107.26267650163207,20.0,93.0,141.66236541235796,115.67003731879942,16.55294535724685,141.66236541235796,113.87003731879942,0.0,40.0,17.0,10.0,10.0,10.0,16,80,914,965,0
43,22,17.72004514666935,107.72004514666935,20.0,93.0,141.66236541235796,115.67003731879942,16.55294535724685,141.66236541235796,113.87003731879942,0.0,40.0,17.0,10.0,10.0,10.0,16,80,812,883,0
43,23,20.615528128088304,110.6155281280883,10.0,93.0,141.66236541235796,115.67003731879942,16.55294535724685,141.66236541235796,113.87003731879942,0.0,40.0,17.0,10.0,10.0,10.0,16,80,732,777,0
43,24,17.0,107.0,10.0,93.0,141.66236541235796,115.67003731879942,16.55294535724685,141.66236541235796,113.87003731879942,0.0,40.0,17.0,10.0,10.0,10.0,16,80,65,144,0
43,25,18.788294228055936,108.78829422805593,40.0,93.0,141.66236541235796,115.67003731879942,16.55294535724685,141.66236541235796,113.87003731879942,0.0,40.0,17.0,10.0,10.0,10.0,16,80,169,224,0
43,26,21.540659228538015,111.54065922853802,10.0,93.0,141.66236541235796,115.67003731879942,16.55294535724685,141.66236541235796,113.87003731879942,0.0,40.0,17.0,10.0,10.0,10.0,16,80,622,701,0
43,27,19.72308292331602,109.72308292331601,10.0,93.0,141.66236541235796,115.67003731879942,16.55294535724685,141.66236541235796,113.87003731879942,0.0,40.0,17.0,10.0,10.0,10.0,16,80,261,316,0
43,28,22.360679774997898,112.36067977499789,20.0,93.0,141.66236541235796,115.67003731879942,16.55294535724685,141.66236541235796,113.87003731879942,0.0,40.0,17.0,10.0,10.0,10.0,16,80,546,593,0
43,29,19.849433241279208,109.8494332412792,10.0,93.0,141.66236541235796,115.67003731879942,16.55294535724685,141.66236541235796,113.87003731879942,0.0,40.0,17.0,10.0,10.0,10.0,16,80,358,405,0
43,30,23.853720883753127,113.85372088375313,10.0,93.0,141.66236541235796,115.67003731879942,16.55294535724685,141.66236541235796,113.87003731879942,0.0,40.0,17.0,10.0,10.0,10.0,16,80,449,504,0
43,31,23.0,113.0,20.0,93.0,141.66236541235796,115.67003731879942,16.55294535724685,141.66236541235796,113.87003731879942,0.0,40.0,17.0,10.0,10.0,10.0,16,80,200,237,0
43,32,23.53720459187964,113.53720459187964,30.0,93.0,141.66236541235796,115.67003731879942,16.55294535724685,141.66236541235796,113.87003731879942,0.0,40.0,17.0,10.0,10.0,10.0,16,80,31,100,0
43,33,25.495097567963924,115.49509756796392,40.0,93.0,141.66236541235796,115.67003731879942,16.55294535724685,141.66236541235796,113.87003731879942,0.0,40.0,17.0,10.0,10.0,10.0,16,80,87,158,0
43,34,26.92582403567252,116.92582403567252,20.0,93.0,141.66236541235796,115.67003731879942,16.55294535724685,141.66236541235796,113.87003731879942,0.0,40.0,17.0,10.0,10.0,10.0,16,80,751,816,0
43,35,28.0,118.0,10.0,93.0,141.66236541235796,115.67003731879942,16.55294535724685,141.66236541235796,113.87003731879942,0.0,40.0,17.0,10.0,10.0,10.0,16,80,283,344,0
43,36,29.732137494637012,119.73213749463702,10.0,93.0,141.66236541235796,115.67003731879942,16.55294535724685,141.66236541235796,113.87003731879942,0.0,40.0,17.0,10.0,10.0,10.0,16,80,665,716,0
43,37,31.400636936215164,121.40063693621516,20.0,93.0,141.66236541235796,115.67003731879942,16.55294535724685,141.66236541235796,113.87003731879942,0.0,40.0,17.0,10.0,10.0,10.0,16,80,383,434,0
43,38,33.37663853655727,123.37663853655727,30.0,93.0,141.66236541235796,115.67003731879942,16.55294535724685,141.66236541235796,113.87003731879942,0.0,40.0,17.0,10.0,10.0,10.0,16,80,479,522,0
43,39,34.48187929913333,124.48187929913334,20.0,93.0,141.66236541235796,115.67003731879942,16.55294535724685,141.66236541235796,113.87003731879942,0.0,40.0,17.0,10.0,10.0,10.0,16,80,567,624,0
43,40,5.385164807134504,95.3851648071345,10.0,93.0,141.66236541235796,115.67003731879942,16.55294535724685,141.66236541235796,113.87003731879942,0.0,40.0,17.0,10.0,10.0,10.0,16,80,264,321,1
43,41,3.605551275463989,93.605551275464,10.0,93.0,141.66236541235796,115.67003731879942,16.55294535724685,141.66236541235796,113.87003731879942,0.0,40.0,17.0,10.0,10.0,10.0,16,80,166,235,1
43,42,3.0,93.0,20.0,93.0,141.66236541235796,115.67003731879942,16.55294535724685,141.66236541235796,113.87003731879942,0.0,40.0,17.0,10.0,10.0,10.0,16,80,68,149,1
43,44,5.0990195135927845,95.09901951359278,10.0,93.0,141.66236541235796,115.67003731879942,16.55294535724685,141.66236541235796,113.87003731879942,0.0,40.0,17.0,10.0,10.0,10.0,16,80,359,412,0
43,45,5.830951894845301,95.8309518948453,10.0,93.0,141.66236541235796,115.67003731879942,16.55294535724685,141.66236541235796,113.87003731879942,0.0,40.0,17.0,10.0,10.0,10.0,16,80,541,600,0
43,46,4.242640687119285,94.24264068711929,30.0,93.0,141.66236541235796,115.67003731879942,16.55294535724685,141.66236541235796,113.87003731879942,0.0,40.0,17.0,10.0,10.0,10.0,16,80,448,509,0
43,47,3.0,93.0,10.0,93.0,141.66236541235796,115.67003731879942,16.55294535724685,141.66236541235796,113.87003731879942,0.0,40.0,17.0,10.0,10.0,10.0,16,80,1054,1127,0
43,48,7.0710678118654755,97.07106781186548,10.0,93.0,141.66236541235796,115.67003731879942,16.55294535724685,141.66236541235796,113.87003731879942,0.0,40.0,17.0,10.0,10.0,10.0,16,80,632,693,0
43,49,5.0,95.0,10.0,93.0,141.66236541235796,115.67003731879942,16.55294535724685,141.66236541235796,113.87003731879942,0.0,40.0,17.0,10.0,10.0,10.0,16,80,1001,1066,0
43,50,7.615773105863909,97.61577310586391,10.0,93.0,141.66236541235796,115.67003731879942,16.55294535724685,141.66236541235796,113.87003731879942,0.0,40.0,17.0,10.0,10.0,10.0,16,80,815,880,0
44,0,21.540659228538015,111.54065922853802,0.0,92.0,146.29387178015028,118.46233275277251,21.540659228538015,146.29387178015028,116.66233275277251,0.0,40.0,17.0,10.0,10.0,10.0,359,412,0,1236,1
44,1,40.162171256046406,130.1621712560464,10.0,92.0,146.29387178015028,118.46233275277251,21.540659228538015,146.29387178015028,116.66233275277251,0.0,40.0,17.0,10.0,10.0,10.0,359,412,912,967,0
44,2,42.05948168962618,132.05948168962618,30.0,92.0,146.29387178015028,118.46233275277251,21.540659228538015,146.29387178015028,116.66233275277251,0.0,40.0,17.0,10.0,10.0,10.0,359,412,825,870,0
44,3,37.36308338453881,127.36308338453881,10.0,92.0,146.29387178015028,118.46233275277251,21.540659228538015,146.29387178015028,116.66233275277251,0.0,40.0,17.0,10.0,10.0,10.0,359,412,65,146,0
44,4,39.293765408777,129.293765408777,10.0,92.0,146.29387178015028,118.46233275277251,21.540659228538015,146.29387178015028,116.66233275277251,0.0,40.0,17.0,10.0,10.0,10.0,359,412,727,782,0
44,5,36.40054944640259,126.4005494464026,10.0,92.0,146.29387178015028,118.46233275277251,21.540659228538015,146.29387178015028,116.66233275277251,0.0,40.0,17.0,10.0,10.0,10.0,359,412,15,67,0
44,6,39.81205847478876,129.81205847478876,20.0,92.0,146.29387178015028,118.46233275277251,21.540659228538015,146.29387178015028,116.66233275277251,0.0,40.0,17.0,10.0,10.0,10.0,359,412,621,702,0
44,7,36.87817782917155,126.87817782917155,20.0,92.0,146.29387178015028,118.46233275277251,21.540659228538015,146.29387178015028,116.66233275277251,0.0,40.0,17.0,10.0,10.0,10.0,359,412,170,225,0
44,8,38.47076812334269,128.47076812334268,20.0,92.0,146.29387178015028,118.46233275277251,21.540659228538015,146.29387178015028,116.66233275277251,0.0,40.0,17.0,10.0,10.0,10.0,359,412,255,324,0
44,9,40.44749683231337,130.44749683231336,10.0,92.0,146.29387178015028,118.46233275277251,21.540659228538015,146.29387178015028,116.66233275277251,0.0,40.0,17.0,10.0,10.0,10.0,359,412,534,605,0
44,10,36.124783736376884,126.12478373637688,10.0,92.0,146.29387178015028,118.46233275277251,21.540659228538015,146.29387178015028,116.66233275277251,0.0,40.0,17.0,10.0,10.0,10.0,359,412,357,410,0
44,11,39.11521443121589,129.1152144312159,10.0,92.0,146.29387178015028,118.46233275277251,21.540659228538015,146.29387178015028,116.66233275277251,0.0,40.0,17.0,10.0,10.0,10.0,359,412,448,505,0
44,12,55.44366510251645,145.44366510251643,20.0,92.0,146.29387178015028,118.46233275277251,21.540659228538015,146.29387178015028,116.66233275277251,0.0,40.0,17.0,10.0,10.0,10.0,359,412,652,721,1
44,13,46.09772228646444,136.09772228646443,30.0,92.0,146.29387178015028,118.46233275277251,21.540659228538015,146.29387178015028,116.66233275277251,0.0,40.0,17.0,10.0,10.0,10.0,359,412,30,92,0
44,14,55.90169943749474,145.90169943749476,10.0,92.0,146.29387178015028,118.46233275277251,21.540659228538015,146.29387178015028,116.66233275277251,0.0,40.0,17.0,10.0,10.0,10.0,359,412,567,620,0
44,15,51.419840528729765,141.41984052872976,40.0,92.0,146.29387178015028,118.46233275277251,21.540659228538015,146.29387178015028,116.66233275277251,0.0,40.0,17.0,10.0,10.0,10.0,359,412,384,429,0
44,16,56.293871780150276,146.29387178015028,40.0,92.0,146.29387178015028,118.46233275277251,21.540659228538015,146.29387178015028,116.66233275277251,0.0,40.0,17.0,10.0,10.0,10.0,359,412,475,528,0
44,17,47.12748667179272,137.12748667179272,20.0,92.0,146.29387178015028,118.46233275277251,21.540659228538015,146.29387178015028,116.66233275277251,0.0,40.0,17.0,10.0,10.0,10.0,359,412,99,148,0
44,18,48.104053883222775,138.10405388322278,20.0,92.0,146.29387178015028,118.46233275277251,21.540659228538015,146.29387178015028,116.66233275277251,0.0,40.0,17.0,10.0,10.0,10.0,359,412,179,254,0
44,19,52.81098370604357,142.81098370604357,10.0,92.0,146.29387178015028,118.46233275277251,21.540659228538015,146.29387178015028,116.66233275277251,0.0,40.0,17.0,10.0,10.0,10.0,359,412,278,345,0
44,20,20.09975124224178,110.09975124224178,10.0,92.0,146.29387178015028,118.46233275277251,21.540659228538015,146.29387178015028,116.66233275277251,0.0,40.0,17.0,10.0,10.0,10.0,359,412,10,73,0
44,21,22.090722034374522,112.09072203437452,20.0,92.0,146.29387178015028,118.46233275277251,21.540659228538015,146.29387178015028,116.66233275277251,0.0,40.0,17.0,10.0,10.0,10.0,359,412,914,965,0
44,22,22.360679774997898,112.36067977499789,20.0,92.0,146.29387178015028,118.46233275277251,21.540659228538015,146.29387178015028,116.66233275277251,0.0,40.0,17.0,10.0,10.0,10.0,359,412,812,883,0
44,23,25.317977802344327,115.31797780234433,10.0,92.0,146.29387178015028,118.46233275277251,21.540659228538015,146.29387178015028,116.66233275277251,0.0,40.0,17.0,10.0,10.0,10.0,359,412,732,777,0
44,24,21.18962010041709,111.18962010041709,10.0,92.0,146.29387178015028,118.46233275277251,21.540659228538015,146.29387178015028,116.66233275277251,0.0,40.0,17.0,10.0,10.0,10.0,359,412,65,144,0
44,25,23.08679276123039,113.08679276123038,40.0,92.0,146.29387178015028,118.46233275277251,21.540659228538015,146.29387178015028,116.66233275277251,0.0,40.0,17.0,10.0,10.0,10.0,359,412,169,224,0
44,26,25.96150997149434,115.96150997149434,10.0,92.0,146.29387178015028,118.46233275277251,21.540659228538015,146.29387178015028,116.66233275277251,0.0,40.0,17.0,10.0,10.0,10.0,359,412,622,701,0
44,27,23.769728648009426,113.76972864800942,10.0,92.0,146.29387178015028,118.46233275277251,21.540659228538015,146.29387178015028,116.66233275277251,0.0,40.0,17.0,10.0,10.0,10.0,359,412,261,316,0
44,28,26.570660511172846,116.57066051117285,20.0,92.0,146.29387178015028,118.46233275277251,21.540659228538015,146.29387178015028,116.66233275277251,0.0,40.0,17.0,10.0,10.0,10.0,359,412,546,593,0
44,29,23.323807579381203,113.3238075793812,10.0,92.0,146.29387178015028,118.46233275277251,21.540659228538015,146.29387178015028,116.66233275277251,0.0,40.0,17.0,10.0,10.0,10.0,359,412,358,405,0
44,30,27.730849247724095,117.7308492477241,10.0,92.0,146.29387178015028,118.46233275277251,21.540659228538015,146.29387178015028,116.66233275277251,0.0,40.0,17.0,10.0,10.0,10.0,359,412,449,504,1
44,31,22.561028345356956,112.56102834535696,20.0,92.0,146.29387178015028,118.46233275277251,21.540659228538015,146.29387178015028,116.66233275277251,0.0,40.0,17.0,10.0,10.0,10.0,359,412,200,237,0
44,32,24.166091947189145,114.16609194718914,30.0,92.0,146.29387178015028,118.46233275277251,21.540659228538015,146.29387178015028,116.66233275277251,0.0,40.0,17.0,10.0,10.0,10.0,359,412,31,100,0
44,33,26.0,116.0,40.0,92.0,146.29387178015028,118.46233275277251,21.540659228538015,146.29387178015028,116.66233275277251,0.0,40.0,17.0,10.0,10.0,10.0,359,412,87,158,0
44,34,28.30194339616981,118.3019433961698,20.0,92.0,146.29387178015028,118.46233275277251,21.540659228538015,146.29387178015028,116.66233275277251,0.0,40.0,17.0,10.0,10.0,10.0,359,412,751,816,0
44,35,27.459060435491963,117.45906043549196,10.0,92.0,146.29387178015028,118.46233275277251,21.540659228538015,146.29387178015028,116.66233275277251,0.0,40.0,17.0,10.0,10.0,10.0,359,412,283,344,0
44,36,30.886890422961002,120.886890422961,10.0,92.0,146.29387178015028,118.46233275277251,21.540659228538015,146.29387178015028,116.66233275277251,0.0,40.0,17.0,10.0,10.0,10.0,359,412,665,716,0
44,37,31.622776601683793,121.6227766016838,20.0,92.0,146.29387178015028,118.46233275277251,21.540659228538015,146.29387178015028,116.66233275277251,0.0,40.0,17.0,10.0,10.0,10.0,359,412,383,434,0
44,38,33.52610922848042,123.52610922848042,30.0,92.0,146.29387178015028,118.46233275277251,21.540659228538015,146.29387178015028,116.66233275277251,0.0,40.0,17.0,10.0,10.0,10.0,359,412,479,522,1
44,39,35.34119409414458,125.34119409414458,20.0,92.0,146.29387178015028,118.46233275277251,21.540659228538015,146.29387178015028,116.66233275277251,0.0,40.0,17.0,10.0,10.0,10.0,359,412,567,624,1
44,40,3.0,93.0,10.0,92.0,146.29387178015028,118.46233275277251,21.540659228538015,146.29387178015028,116.66233275277251,0.0,40.0,17.0,10.0,10.0,10.0,359,412,264,321,0
44,41,3.605551275463989,93.605551275464,10.0,92.0,146.29387178015028,118.46233275277251,21.540659228538015,146.29387178015028,116.66233275277251,0.0,40.0,17.0,10.0,10.0,10.0,359,412,166,235,0
44,42,2.23606797749979,92.23606797749979,20.0,92.0,146.29387178015028,118.46233275277251,21.540659228538015,146.29387178015028,116.66233275277251,0.0,40.0,17.0,10.0,10.0,10.0,359,412,68,149,0
44,43,5.0990195135927845,95.09901951359278,10.0,92.0,146.29387178015028,118.46233275277251,21.540659228538015,146.29387178015028,116.66233275277251,0.0,40.0,17.0,10.0,10.0,10.0,359,412,16,80,0
44,45,2.0,92.0,10.0,92.0,146.29387178015028,118.46233275277251,21.540659228538015,146.29387178015028,116.66233275277251,0.0,40.0,17.0,10.0,10.0,10.0,359,412,541,600,1
44,46,2.8284271247461903,92.82842712474618,30.0,92.0,146.29387178015028,118.46233275277251,21.540659228538015,146.29387178015028,116.66233275277251,0.0,40.0,17.0,10.0,10.0,10.0,359,412,448,509,1
44,47,5.385164807134504,95.3851648071345,10.0,92.0,146.29387178015028,118.46233275277251,21.540659228538015,146.29387178015028,116.66233275277251,0.0,40.0,17.0,10.0,10.0,10.0,359,412,1054,1127,0
44,48,4.0,94.0,10.0,92.0,146.29387178015028,118.46233275277251,21.540659228538015,146.29387178015028,116.66233275277251,0.0,40.0,17.0,10.0,10.0,10.0,359,412,632,693,0
44,49,6.4031242374328485,96.40312423743285,10.0,92.0,146.29387178015028,118.46233275277251,21.540659228538015,146.29387178015028,116.66233275277251,0.0,40.0,17.0,10.0,10.0,10.0,359,412,1001,1066,0
44,50,6.324555320336759,96.32455532033676,10.0,92.0,146.29387178015028,118.46233275277251,21.540659228538015,146.29387178015028,116.66233275277251,0.0,40.0,17.0,10.0,10.0,10.0,359,412,815,880,0
45,0,22.360679774997898,112.36067977499789,0.0,92.0,145.90169943749476,118.06856432335358,22.360679774997898,145.90169943749476,116.26856432335359,0.0,40.0,17.0,10.0,10.0,10.0,541,600,0,1236,1
45,1,40.85339643163099,130.85339643163098,10.0,92.0,145.90169943749476,118.06856432335358,22.360679774997898,145.90169943749476,116.26856432335359,0.0,40.0,17.0,10.0,10.0,10.0,541,600,912,967,0
45,2,42.720018726587654,132.72001872658765,30.0,92.0,145.90169943749476,118.06856432335358,22.360679774997898,145.90169943749476,116.26856432335359,0.0,40.0,17.0,10.0,10.0,10.0,541,600,825,870,0
45,3,37.94733192202055,127.94733192202055,10.0,92.0,145.90169943749476,118.06856432335358,22.360679774997898,145.90169943749476,116.26856432335359,0.0,40.0,17.0,10.0,10.0,10.0,541,600,65,146,0
45,4,39.84971769034255,129.84971769034254,10.0,92.0,145.90169943749476,118.06856432335358,22.360679774997898,145.90169943749476,116.26856432335359,0.0,40.0,17.0,10.0,10.0,10.0,541,600,727,782,0
45,5,37.0,127.0,10.0,92.0,145.90169943749476,118.06856432335358,22.360679774997898,145.90169943749476,116.26856432335359,0.0,40.0,17.0,10.0,10.0,10.0,541,600,15,67,0
45,6,40.26164427839479,130.26164427839478,20.0,92.0,145.90169943749476,118.06856432335358,22.360679774997898,145.90169943749476,116.26856432335359,0.0,40.0,17.0,10.0,10.0,10.0,541,600,621,702,0
45,7,37.36308338453881,127.36308338453881,20.0,92.0,145.90169943749476,118.06856432335358,22.360679774997898,145.90169943749476,116.26856432335359,0.0,40.0,17.0,10.0,10.0,10.0,541,600,170,225,0
45,8,38.8329756778952,128.8329756778952,20.0,92.0,145.90169943749476,118.06856432335358,22.360679774997898,145.90169943749476,116.26856432335359,0.0,40.0,17.0,10.0,10.0,10.0,541,600,255,324,0
45,9,40.792156108742276,130.7921561087423,10.0,92.0,145.90169943749476,118.06856432335358,22.360679774997898,145.90169943749476,116.26856432335359,0.0,40.0,17.0,10.0,10.0,10.0,541,600,534,605,0
45,10,36.345563690772494,126.3455636907725,10.0,92.0,145.90169943749476,118.06856432335358,22.360679774997898,145.90169943749476,116.26856432335359,0.0,40.0,17.0,10.0,10.0,10.0,541,600,357,410,0
45,11,39.319206502675,129.319206502675,10.0,92.0,145.90169943749476,118.06856432335358,22.360679774997898,145.90169943749476,116.26856432335359,0.0,40.0,17.0,10.0,10.0,10.0,541,600,448,505,0
45,12,55.226805085936306,145.2268050859363,20.0,92.0,145.90169943749476,118.06856432335358,22.360679774997898,145.90169943749476,116.26856432335359,0.0,40.0,17.0,10.0,10.0,10.0,541,600,652,721,0
45,13,45.70557952810576,135.70557952810577,30.0,92.0,145.90169943749476,118.06856432335358,22.360679774997898,145.90169943749476,116.26856432335359,0.0,40.0,17.0,10.0,10.0,10.0,541,600,30,92,0
45,14,55.57877292636101,145.578772926361,10.0,92.0,145.90169943749476,118.06856432335358,22.360679774997898,145.90169943749476,116.26856432335359,0.0,40.0,17.0,10.0,10.0,10.0,541,600,567,620,0
45,15,50.99019513592785,140.99019513592785,40.0,92.0,145.90169943749476,118.06856432335358,22.360679774997898,145.90169943749476,116.26856432335359,0.0,40.0,17.0,10.0,10.0,10.0,541,600,384,429,0
45,16,55.90169943749474,145.90169943749476,40.0,92.0,145.90169943749476,118.06856432335358,22.360679774997898,145.90169943749476,116.26856432335359,0.0,40.0,17.0,10.0,10.0,10.0,541,600,475,528,0
45,17,46.57252408878007,136.57252408878009,20.0,92.0,145.90169943749476,118.06856432335358,22.360679774997898,145.90169943749476,116.26856432335359,0.0,40.0,17.0,10.0,10.0,10.0,541,600,99,148,0
45,18,47.43416490252569,137.43416490252568,20.0,92.0,145.90169943749476,118.06856432335358,22.360679774997898,145.90169943749476,116.26856432335359,0.0,40.0,17.0,10.0,10.0,10.0,541,600,179,254,0
45,19,52.20153254455275,142.20153254455275,10.0,92.0,145.90169943749476,118.06856432335358,22.360679774997898,145.90169943749476,116.26856432335359,0.0,40.0,17.0,10.0,10.0,10.0,541,600,278,345,0
45,20,20.0,110.0,10.0,92.0,145.90169943749476,118.06856432335358,22.360679774997898,145.90169943749476,116.26856432335359,0.0,40.0,17.0,10.0,10.0,10.0,541,600,10,73,0
45,21,22.0,112.0,20.0,92.0,145.90169943749476,118.06856432335358,22.360679774997898,145.90169943749476,116.26856432335359,0.0,40.0,17.0,10.0,10.0,10.0,541,600,914,965,0
45,22,22.090722034374522,112.09072203437452,20.0,92.0,145.90169943749476,118.06856432335358,22.360679774997898,145.90169943749476,116.26856432335359,0.0,40.0,17.0,10.0,10.0,10.0,541,600,812,883,0
45,23,25.079872407968907,115.0798724079689,10.0,92.0,145.90169943749476,118.06856432335358,22.360679774997898,145.90169943749476,116.26856432335359,0.0,40.0,17.0,10.0,10.0,10.0,541,600,732,777,0
45,24,20.615528128088304,110.6155281280883,10.0,92.0,145.90169943749476,118.06856432335358,22.360679774997898,145.90169943749476,116.26856432335359,0.0,40.0,17.0,10.0,10.0,10.0,541,600,65,144,0
45,25,22.561028345356956,112.56102834535696,40.0,92.0,145.90169943749476,118.06856432335358,22.360679774997898,145.90169943749476,116.26856432335359,0.0,40.0,17.0,10.0,10.0,10.0,541,600,169,224,0
45,26,25.495097567963924,115.49509756796392,10.0,92.0,145.90169943749476,118.06856432335358,22.360679774997898,145.90169943749476,116.26856432335359,0.0,40.0,17.0,10.0,10.0,10.0,541,600,622,701,1
45,27,23.08679276123039,113.08679276123038,10.0,92.0,145.90169943749476,118.06856432335358,22.360679774997898,145.90169943749476,116.26856432335359,0.0,40.0,17.0,10.0,10.0,10.0,541,600,261,316,0
45,28,25.96150997149434,115.96150997149434,20.0,92.0,145.90169943749476,118.06856432335358,22.360679774997898,145.90169943749476,116.26856432335359,0.0,40.0,17.0,10.0,10.0,10.0,541,600,546,593,0
45,29,22.360679774997898,112.36067977499789,10.0,92.0,145.90169943749476,118.06856432335358,22.360679774997898,145.90169943749476,116.26856432335359,0.0,40.0,17.0,10.0,10.0,10.0,541,600,358,405,0
45,30,26.92582403567252,116.92582403567252,10.0,92.0,145.90169943749476,118.06856432335358,22.360679774997898,145.90169943749476,116.26856432335359,0.0,40.0,17.0,10.0,10.0,10.0,541,600,449,504,0
45,31,20.615528128088304,110.6155281280883,20.0,92.0,145.90169943749476,118.06856432335358,22.360679774997898,145.90169943749476,116.26856432335359,0.0,40.0,17.0,10.0,10.0,10.0,541,600,200,237,0
45,32,22.360679774997898,112.36067977499789,30.0,92.0,145.90169943749476,118.06856432335358,22.360679774997898,145.90169943749476,116.26856432335359,0.0,40.0,17.0,10.0,10.0,10.0,541,600,31,100,0
45,33,24.166091947189145,114.16609194718914,40.0,92.0,145.90169943749476,118.06856432335358,22.360679774997898,145.90169943749476,116.26856432335359,0.0,40.0,17.0,10.0,10.0,10.0,541,600,87,158,0
45,34,26.627053911388696,116.6270539113887,20.0,92.0,145.90169943749476,118.06856432335358,22.360679774997898,145.90169943749476,116.26856432335359,0.0,40.0,17.0,10.0,10.0,10.0,541,600,751,816,1
45,35,25.495097567963924,115.49509756796392,10.0,92.0,145.90169943749476,118.06856432335358,22.360679774997898,145.90169943749476,116.26856432335359,0.0,40.0,17.0,10.0,10.0,10.0,541,600,283,344,0
45,36,29.154759474226502,119.1547594742265,10.0,92.0,145.90169943749476,118.06856432335358,22.360679774997898,145.90169943749476,116.26856432335359,0.0,40.0,17.0,10.0,10.0,10.0,541,600,665,716,1
45,37,29.732137494637012,119.73213749463702,20.0,92.0,145.90169943749476,118.06856432335358,22.360679774997898,145.90169943749476,116.26856432335359,0.0,40.0,17.0,10.0,10.0,10.0,541,600,383,434,0
45,38,31.622776601683793,121.6227766016838,30.0,92.0,145.90169943749476,118.06856432335358,22.360679774997898,145.90169943749476,116.26856432335359,0.0,40.0,17.0,10.0,10.0,10.0,541,600,479,522,0
45,39,33.54101966249684,123.54101966249684,20.0,92.0,145.90169943749476,118.06856432335358,22.360679774997898,145.90169943749476,116.26856432335359,0.0,40.0,17.0,10.0,10.0,10.0,541,600,567,624,0
45,40,5.0,95.0,10.0,92.0,145.90169943749476,118.06856432335358,22.360679774997898,145.90169943749476,116.26856432335359,0.0,40.0,17.0,10.0,10.0,10.0,541,600,264,321,0
45,41,5.385164807134504,95.3851648071345,10.0,92.0,145.90169943749476,118.06856432335358,22.360679774997898,145.90169943749476,116.26856432335359,0.0,40.0,17.0,10.0,10.0,10.0,541,600,166,235,0
45,42,3.605551275463989,93.605551275464,20.0,92.0,145.90169943749476,118.06856432335358,22.360679774997898,145.90169943749476,116.26856432335359,0.0,40.0,17.0,10.0,10.0,10.0,541,600,68,149,0
45,43,5.830951894845301,95.8309518948453,10.0,92.0,145.90169943749476,118.06856432335358,22.360679774997898,145.90169943749476,116.26856432335359,0.0,40.0,17.0,10.0,10.0,10.0,541,600,16,80,0
45,44,2.0,92.0,10.0,92.0,145.90169943749476,118.06856432335358,22.360679774997898,145.90169943749476,116.26856432335359,0.0,40.0,17.0,10.0,10.0,10.0,541,600,359,412,0
45,46,2.0,92.0,30.0,92.0,145.90169943749476,118.06856432335358,22.360679774997898,145.90169943749476,116.26856432335359,0.0,40.0,17.0,10.0,10.0,10.0,541,600,448,509,0
45,47,5.0,95.0,10.0,92.0,145.90169943749476,118.06856432335358,22.360679774997898,145.90169943749476,116.26856432335359,0.0,40.0,17.0,10.0,10.0,10.0,541,600,1054,1127,1
45,48,2.0,92.0,10.0,92.0,145.90169943749476,118.06856432335358,22.360679774997898,145.90169943749476,116.26856432335359,0.0,40.0,17.0,10.0,10.0,10.0,541,600,632,693,1
45,49,5.385164807134504,95.3851648071345,10.0,92.0,145.90169943749476,118.06856432335358,22.360679774997898,145.90169943749476,116.26856432335359,0.0,40.0,17.0,10.0,10.0,10.0,541,600,1001,1066,1
45,50,4.47213595499958,94.47213595499957,10.0,92.0,145.90169943749476,118.06856432335358,22.360679774997898,145.90169943749476,116.26856432335359,0.0,40.0,17.0,10.0,10.0,10.0,541,600,815,880,1
46,0,20.591260281974,110.591260281974,0.0,92.0,143.9351462406472,116.65035717865923,20.591260281974,143.9351462406472,114.85035717865924,0.0,40.0,16.6,30.0,30.0,30.0,448,509,0,1236,1
46,1,39.0,129.0,10.0,92.0,143.9351462406472,116.65035717865923,20.591260281974,143.9351462406472,114.85035717865924,0.0,40.0,16.6,30.0,30.0,30.0,448,509,912,967,0
46,2,40.85339643163099,130.85339643163098,30.0,92.0,143.9351462406472,116.65035717865923,20.591260281974,143.9351462406472,114.85035717865924,0.0,40.0,16.6,30.0,30.0,30.0,448,509,825,870,0
46,3,36.05551275463989,126.05551275463989,10.0,92.0,143.9351462406472,116.65035717865923,20.591260281974,143.9351462406472,114.85035717865924,0.0,40.0,16.6,30.0,30.0,30.0,448,509,65,146,0
46,4,37.94733192202055,127.94733192202055,10.0,92.0,143.9351462406472,116.65035717865923,20.591260281974,143.9351462406472,114.85035717865924,0.0,40.0,16.6,30.0,30.0,30.0,448,509,727,782,0
46,5,35.11409973215888,125.11409973215888,10.0,92.0,143.9351462406472,116.65035717865923,20.591260281974,143.9351462406472,114.85035717865924,0.0,40.0,16.6,30.0,30.0,30.0,448,509,15,67,0
46,6,38.3275357934736,128.3275357934736,20.0,92.0,143.9351462406472,116.65035717865923,20.591260281974,143.9351462406472,114.85035717865924,0.0,40.0,16.6,30.0,30.0,30.0,448,509,621,702,0
46,7,35.4400902933387,125.4400902933387,20.0,92.0,143.9351462406472,116.65035717865923,20.591260281974,143.9351462406472,114.85035717865924,0.0,40.0,16.6,30.0,30.0,30.0,448,509,170,225,0
46,8,36.87817782917155,126.87817782917155,20.0,92.0,143.9351462406472,116.65035717865923,20.591260281974,143.9351462406472,114.85035717865924,0.0,40.0,16.6,30.0,30.0,30.0,448,509,255,324,0
46,9,38.8329756778952,128.8329756778952,10.0,92.0,143.9351462406472,116.65035717865923,20.591260281974,143.9351462406472,114.85035717865924,0.0,40.0,16.6,30.0,30.0,30.0,448,509,534,605,0
46,10,34.36568055487916,124.36568055487916,10.0,92.0,143.9351462406472,116.65035717865923,20.591260281974,143.9351462406472,114.85035717865924,0.0,40.0,16.6,30.0,30.0,30.0,448,509,357,410,0
46,11,37.33630940518894,127.33630940518894,10.0,92.0,143.9351462406472,116.65035717865923,20.591260281974,143.9351462406472,114.85035717865924,0.0,40.0,16.6,30.0,30.0,30.0,448,509,448,505,0
46,12,53.23532661682466,143.23532661682466,20.0,92.0,143.9351462406472,116.65035717865923,20.591260281974,143.9351462406472,114.85035717865924,0.0,40.0,16.6,30.0,30.0,30.0,448,509,652,721,0
46,13,43.73785545725808,133.7378554572581,30.0,92.0,143.9351462406472,116.65035717865923,20.591260281974,143.9351462406472,114.85035717865924,0.0,40.0,16.6,30.0,30.0,30.0,448,509,30,92,0
46,14,53.600373133029585,143.6003731330296,10.0,92.0,143.9351462406472,116.65035717865923,20.591260281974,143.9351462406472,114.85035717865924,0.0,40.0,16.6,30.0,30.0,30.0,448,509,567,620,0
46,15,49.03060268852505,139.03060268852505,40.0,92.0,143.9351462406472,116.65035717865923,20.591260281974,143.9351462406472,114.85035717865924,0.0,40.0,16.6,30.0,30.0,30.0,448,509,384,429,0
46,16,53.9351462406472,143.9351462406472,40.0,92.0,143.9351462406472,116.65035717865923,20.591260281974,143.9351462406472,114.85035717865924,0.0,40.0,16.6,30.0,30.0,30.0,448,509,475,528,0
46,17,44.64302857109943,134.64302857109942,20.0,92.0,143.9351462406472,116.65035717865923,20.591260281974,143.9351462406472,114.85035717865924,0.0,40.0,16.6,30.0,30.0,30.0,448,509,99,148,0
46,18,45.5411901469428,135.5411901469428,20.0,92.0,143.9351462406472,116.65035717865923,20.591260281974,143.9351462406472,114.85035717865924,0.0,40.0,16.6,30.0,30.0,30.0,448,509,179,254,0
46,19,50.28916384272063,140.28916384272063,10.0,92.0,143.9351462406472,116.65035717865923,20.591260281974,143.9351462406472,114.85035717865924,0.0,40.0,16.6,30.0,30.0,30.0,448,509,278,345,0
46,20,18.0,108.0,10.0,92.0,143.9351462406472,116.65035717865923,20.591260281974,143.9351462406472,114.85035717865924,0.0,40.0,16.6,30.0,30.0,30.0,448,509,10,73,0
46,21,20.0,110.0,20.0,92.0,143.9351462406472,116.65035717865923,20.591260281974,143.9351462406472,114.85035717865924,0.0,40.0,16.6,30.0,30.0,30.0,448,509,914,965,0
46,22,20.09975124224178,110.09975124224178,20.0,92.0,143.9351462406472,116.65035717865923,20.591260281974,143.9351462406472,114.85035717865924,0.0,40.0,16.6,30.0,30.0,30.0,448,509,812,883,0
46,23,23.08679276123039,113.08679276123038,10.0,92.0,143.9351462406472,116.65035717865923,20.591260281974,143.9351462406472,114.85035717865924,0.0,40.0,16.6,30.0,30.0,30.0,448,509,732,777,1
46,24,18.681541692269406,108.6815416922694,10.0,92.0,143.9351462406472,116.65035717865923,20.591260281974,143.9351462406472,114.85035717865924,0.0,40.0,16.6,30.0,30.0,30.0,448,509,65,144,0
46,25,20.615528128088304,110.6155281280883,40.0,92.0,143.9351462406472,116.65035717865923,20.591260281974,143.9351462406472,114.85035717865924,0.0,40.0,16.6,30.0,30.0,30.0,448,509,169,224,0
46,26,23.53720459187964,113.53720459187964,10.0,92.0,143.9351462406472,116.65035717865923,20.591260281974,143.9351462406472,114.85035717865924,0.0,40.0,16.6,30.0,30.0,30.0,448,509,622,701,1
46,27,21.18962010041709,111.18962010041709,10.0,92.0,143.9351462406472,116.65035717865923,20.591260281974,143.9351462406472,114.85035717865924,0.0,40.0,16.6,30.0,30.0,30.0,448,509,261,316,0
46,28,24.041630560342615,114.04163056034261,20.0,92.0,143.9351462406472,116.65035717865923,20.591260281974,143.9351462406472,114.85035717865924,0.0,40.0,16.6,30.0,30.0,30.0,448,509,546,593,1
46,29,20.591260281974,110.591260281974,10.0,92.0,143.9351462406472,116.65035717865923,20.591260281974,143.9351462406472,114.85035717865924,0.0,40.0,16.6,30.0,30.0,30.0,448,509,358,405,0
46,30,25.079872407968907,115.0798724079689,10.0,92.0,143.9351462406472,116.65035717865923,20.591260281974,143.9351462406472,114.85035717865924,0.0,40.0,16.6,30.0,30.0,30.0,448,509,449,504,0
46,31,20.223748416156685,110.22374841615668,20.0,92.0,143.9351462406472,116.65035717865923,20.591260281974,143.9351462406472,114.85035717865924,0.0,40.0,16.6,30.0,30.0,30.0,448,509,200,237,0
46,32,21.540659228538015,111.54065922853802,30.0,92.0,143.9351462406472,116.65035717865923,20.591260281974,143.9351462406472,114.85035717865924,0.0,40.0,16.6,30.0,30.0,30.0,448,509,31,100,0
46,33,23.40939982143925,113.40939982143925,40.0,92.0,143.9351462406472,116.65035717865923,20.591260281974,143.9351462406472,114.85035717865924,0.0,40.0,16.6,30.0,30.0,30.0,448,509,87,158,0
46,34,25.553864678361276,115.55386467836128,20.0,92.0,143.9351462406472,116.65035717865923,20.591260281974,143.9351462406472,114.85035717865924,0.0,40.0,16.6,30.0,30.0,30.0,448,509,751,816,0
46,35,25.179356624028344,115.17935662402834,10.0,92.0,143.9351462406472,116.65035717865923,20.591260281974,143.9351462406472,114.85035717865924,0.0,40.0,16.6,30.0,30.0,30.0,448,509,283,344,0
46,36,28.178005607210743,118.17800560721074,10.0,92.0,143.9351462406472,116.65035717865923,20.591260281974,143.9351462406472,114.85035717865924,0.0,40.0,16.6,30.0,30.0,30.0,448,509,665,716,0
46,37,29.120439557122072,119.12043955712207,20.0,92.0,143.9351462406472,116.65035717865923,20.591260281974,143.9351462406472,114.85035717865924,0.0,40.0,16.6,30.0,30.0,30.0,448,509,383,434,0
46,38,31.04834939252005,121.04834939252005,30.0,92.0,143.9351462406472,116.65035717865923,20.591260281974,143.9351462406472,114.85035717865924,0.0,40.0,16.6,30.0,30.0,30.0,448,509,479,522,0
46,39,32.69556544854363,122.69556544854363,20.0,92.0,143.9351462406472,116.65035717865923,20.591260281974,143.9351462406472,114.85035717865924,0.0,40.0,16.6,30.0,30.0,30.0,448,509,567,624,0
46,40,5.385164807134504,95.3851648071345,10.0,92.0,143.9351462406472,116.65035717865923,20.591260281974,143.9351462406472,114.85035717865924,0.0,40.0,16.6,30.0,30.0,30.0,448,509,264,321,0
46,41,5.0,95.0,10.0,92.0,143.9351462406472,116.65035717865923,20.591260281974,143.9351462406472,114.85035717865924,0.0,40.0,16.6,30.0,30.0,30.0,448,509,166,235,0
46,42,3.0,93.0,20.0,92.0,143.9351462406472,116.65035717865923,20.591260281974,143.9351462406472,114.85035717865924,0.0,40.0,16.6,30.0,30.0,30.0,448,509,68,149,0
46,43,4.242640687119285,94.24264068711929,10.0,92.0,143.9351462406472,116.65035717865923,20.591260281974,143.9351462406472,114.85035717865924,0.0,40.0,16.6,30.0,30.0,30.0,448,509,16,80,0
46,44,2.8284271247461903,92.82842712474618,10.0,92.0,143.9351462406472,116.65035717865923,20.591260281974,143.9351462406472,114.85035717865924,0.0,40.0,16.6,30.0,30.0,30.0,448,509,359,412,0
46,45,2.0,92.0,10.0,92.0,143.9351462406472,116.65035717865923,20.591260281974,143.9351462406472,114.85035717865924,0.0,40.0,16.6,30.0,30.0,30.0,448,509,541,600,1
46,47,3.0,93.0,10.0,92.0,143.9351462406472,116.65035717865923,20.591260281974,143.9351462406472,114.85035717865924,0.0,40.0,16.6,30.0,30.0,30.0,448,509,1054,1127,1
46,48,2.8284271247461903,92.82842712474618,10.0,92.0,143.9351462406472,116.65035717865923,20.591260281974,143.9351462406472,114.85035717865924,0.0,40.0,16.6,30.0,30.0,30.0,448,509,632,693,1
46,49,3.605551275463989,93.605551275464,10.0,92.0,143.9351462406472,116.65035717865923,20.591260281974,143.9351462406472,114.85035717865924,0.0,40.0,16.6,30.0,30.0,30.0,448,509,1001,1066,1
46,50,4.0,94.0,10.0,92.0,143.9351462406472,116.65035717865923,20.591260281974,143.9351462406472,114.85035717865924,0.0,40.0,16.6,30.0,30.0,30.0,448,509,815,880,1
47,0,18.027756377319946,108.02775637731995,0.0,92.0,140.99019513592785,114.92661746658035,18.027756377319946,140.99019513592785,113.12661746658036,0.0,40.0,17.0,10.0,10.0,10.0,1054,1127,0,1236,1
47,1,36.24913792078372,126.24913792078371,10.0,92.0,140.99019513592785,114.92661746658035,18.027756377319946,140.99019513592785,113.12661746658036,0.0,40.0,17.0,10.0,10.0,10.0,1054,1127,912,967,0
47,2,38.07886552931954,128.07886552931956,30.0,92.0,140.99019513592785,114.92661746658035,18.027756377319946,140.99019513592785,113.12661746658036,0.0,40.0,17.0,10.0,10.0,10.0,1054,1127,825,870,0
47,3,33.24154027718932,123.24154027718933,10.0,92.0,140.99019513592785,114.92661746658035,18.027756377319946,140.99019513592785,113.12661746658036,0.0,40.0,17.0,10.0,10.0,10.0,1054,1127,65,146,0
47,4,35.11409973215888,125.11409973215888,10.0,92.0,140.99019513592785,114.92661746658035,18.027756377319946,140.99019513592785,113.12661746658036,0.0,40.0,17.0,10.0,10.0,10.0,1054,1127,727,782,0
47,5,32.31098884280702,122.31098884280702,10.0,92.0,140.99019513592785,114.92661746658035,18.027756377319946,140.99019513592785,113.12661746658036,0.0,40.0,17.0,10.0,10.0,10.0,1054,1127,15,67,0
47,6,35.4400902933387,125.4400902933387,20.0,92.0,140.99019513592785,114.92661746658035,18.027756377319946,140.99019513592785,113.12661746658036,0.0,40.0,17.0,10.0,10.0,10.0,1054,1127,621,702,0
47,7,32.57299494980466,122.57299494980467,20.0,92.0,140.99019513592785,114.92661746658035,18.027756377319946,140.99019513592785,113.12661746658036,0.0,40.0,17.0,10.0,10.0,10.0,1054,1127,170,225,0
47,8,33.95585369269929,123.95585369269929,20.0,92.0,140.99019513592785,114.92661746658035,18.027756377319946,140.99019513592785,113.12661746658036,0.0,40.0,17.0,10.0,10.0,10.0,1054,1127,255,324,0
47,9,35.90264614203248,125.90264614203248,10.0,92.0,140.99019513592785,114.92661746658035,18.027756377319946,140.99019513592785,113.12661746658036,0.0,40.0,17.0,10.0,10.0,10.0,1054,1127,534,605,0
47,10,31.400636936215164,121.40063693621516,10.0,92.0,140.99019513592785,114.92661746658035,18.027756377319946,140.99019513592785,113.12661746658036,0.0,40.0,17.0,10.0,10.0,10.0,1054,1127,357,410,0
47,11,34.36568055487916,124.36568055487916,10.0,92.0,140.99019513592785,114.92661746658035,18.027756377319946,140.99019513592785,113.12661746658036,0.0,40.0,17.0,10.0,10.0,10.0,1054,1127,448,505,0
47,12,50.24937810560445,140.24937810560445,20.0,92.0,140.99019513592785,114.92661746658035,18.027756377319946,140.99019513592785,113.12661746658036,0.0,40.0,17.0,10.0,10.0,10.0,1054,1127,652,721,0
47,13,40.792156108742276,130.7921561087423,30.0,92.0,140.99019513592785,114.92661746658035,18.027756377319946,140.99019513592785,113.12661746658036,0.0,40.0,17.0,10.0,10.0,10.0,1054,1127,30,92,0
47,14,50.635955604688654,140.63595560468866,10.0,92.0,140.99019513592785,114.92661746658035,18.027756377319946,140.99019513592785,113.12661746658036,0.0,40.0,17.0,10.0,10.0,10.0,1054,1127,567,620,0
47,15,46.09772228646444,136.09772228646443,40.0,92.0,140.99019513592785,114.92661746658035,18.027756377319946,140.99019513592785,113.12661746658036,0.0,40.0,17.0,10.0,10.0,10.0,1054,1127,384,429,0
47,16,50.99019513592785,140.99019513592785,40.0,92.0,140.99019513592785,114.92661746658035,18.027756377319946,140.99019513592785,113.12661746658036,0.0,40.0,17.0,10.0,10.0,10.0,1054,1127,475,528,0
47,17,41.7612260356422,131.7612260356422,20.0,92.0,140.99019513592785,114.92661746658035,18.027756377319946,140.99019513592785,113.12661746658036,0.0,40.0,17.0,10.0,10.0,10.0,1054,1127,99,148,0
47,18,42.720018726587654,132.72001872658765,20.0,92.0,140.99019513592785,114.92661746658035,18.027756377319946,140.99019513592785,113.12661746658036,0.0,40.0,17.0,10.0,10.0,10.0,1054,1127,179,254,0
47,19,47.43416490252569,137.43416490252568,10.0,92.0,140.99019513592785,114.92661746658035,18.027756377319946,140.99019513592785,113.12661746658036,0.0,40.0,17.0,10.0,10.0,10.0,1054,1127,278,345,0
47,20,15.0,105.0,10.0,92.0,140.99019513592785,114.92661746658035,18.027756377319946,140.99019513592785,113.12661746658036,0.0,40.0,17.0,10.0,10.0,10.0,1054,1127,10,73,0
47,21,17.0,107.0,20.0,92.0,140.99019513592785,114.92661746658035,18.027756377319946,140.99019513592785,113.12661746658036,0.0,40.0,17.0,10.0,10.0,10.0,1054,1127,914,965,0
47,22,17.11724276862369,107.1172427686237,20.0,92.0,140.99019513592785,114.92661746658035,18.027756377319946,140.99019513592785,113.12661746658036,0.0,40.0,17.0,10.0,10.0,10.0,1054,1127,812,883,0
47,23,20.09975124224178,110.09975124224178,10.0,92.0,140.99019513592785,114.92661746658035,18.027756377319946,140.99019513592785,113.12661746658036,0.0,40.0,17.0,10.0,10.0,10.0,1054,1127,732,777,0
47,24,15.811388300841896,105.8113883008419,10.0,92.0,140.99019513592785,114.92661746658035,18.027756377319946,140.99019513592785,113.12661746658036,0.0,40.0,17.0,10.0,10.0,10.0,1054,1127,65,144,0
47,25,17.72004514666935,107.72004514666935,40.0,92.0,140.99019513592785,114.92661746658035,18.027756377319946,140.99019513592785,113.12661746658036,0.0,40.0,17.0,10.0,10.0,10.0,1054,1127,169,224,0
47,26,20.615528128088304,110.6155281280883,10.0,92.0,140.99019513592785,114.92661746658035,18.027756377319946,140.99019513592785,113.12661746658036,0.0,40.0,17.0,10.0,10.0,10.0,1054,1127,622,701,0
47,27,18.384776310850235,108.38477631085024,10.0,92.0,140.99019513592785,114.92661746658035,18.027756377319946,140.99019513592785,113.12661746658036,0.0,40.0,17.0,10.0,10.0,10.0,1054,1127,261,316,0
47,28,21.18962010041709,111.18962010041709,20.0,92.0,140.99019513592785,114.92661746658035,18.027756377319946,140.99019513592785,113.12661746658036,0.0,40.0,17.0,10.0,10.0,10.0,1054,1127,546,593,0
47,29,18.027756377319946,108.02775637731995,10.0,92.0,140.99019513592785,114.92661746658035,18.027756377319946,140.99019513592785,113.12661746658036,0.0,40.0,17.0,10.0,10.0,10.0,1054,1127,358,405,0
47,30,22.360679774997898,112.36067977499789,10.0,92.0,140.99019513592785,114.92661746658035,18.027756377319946,140.99019513592785,113.12661746658036,0.0,40.0,17.0,10.0,10.0,10.0,1054,1127,449,504,0
47,31,20.0,110.0,20.0,92.0,140.99019513592785,114.92661746658035,18.027756377319946,140.99019513592785,113.12661746658036,0.0,40.0,17.0,10.0,10.0,10.0,1054,1127,200,237,0
47,32,20.615528128088304,110.6155281280883,30.0,92.0,140.99019513592785,114.92661746658035,18.027756377319946,140.99019513592785,113.12661746658036,0.0,40.0,17.0,10.0,10.0,10.0,1054,1127,31,100,0
47,33,22.561028345356956,112.56102834535696,40.0,92.0,140.99019513592785,114.92661746658035,18.027756377319946,140.99019513592785,113.12661746658036,0.0,40.0,17.0,10.0,10.0,10.0,1054,1127,87,158,0
47,34,24.166091947189145,114.16609194718914,20.0,92.0,140.99019513592785,114.92661746658035,18.027756377319946,140.99019513592785,113.12661746658036,0.0,40.0,17.0,10.0,10.0,10.0,1054,1127,751,816,0
47,35,25.0,115.0,10.0,92.0,140.99019513592785,114.92661746658035,18.027756377319946,140.99019513592785,113.12661746658036,0.0,40.0,17.0,10.0,10.0,10.0,1054,1127,283,344,0
47,36,26.92582403567252,116.92582403567252,10.0,92.0,140.99019513592785,114.92661746658035,18.027756377319946,140.99019513592785,113.12661746658036,0.0,40.0,17.0,10.0,10.0,10.0,1054,1127,665,716,0
47,37,28.442925306655784,118.44292530665578,20.0,92.0,140.99019513592785,114.92661746658035,18.027756377319946,140.99019513592785,113.12661746658036,0.0,40.0,17.0,10.0,10.0,10.0,1054,1127,383,434,0
47,38,30.4138126514911,120.4138126514911,30.0,92.0,140.99019513592785,114.92661746658035,18.027756377319946,140.99019513592785,113.12661746658036,0.0,40.0,17.0,10.0,10.0,10.0,1054,1127,479,522,0
47,39,31.622776601683793,121.6227766016838,20.0,92.0,140.99019513592785,114.92661746658035,18.027756377319946,140.99019513592785,113.12661746658036,0.0,40.0,17.0,10.0,10.0,10.0,1054,1127,567,624,0
47,40,7.0710678118654755,97.07106781186548,10.0,92.0,140.99019513592785,114.92661746658035,18.027756377319946,140.99019513592785,113.12661746658036,0.0,40.0,17.0,10.0,10.0,10.0,1054,1127,264,321,0
47,41,5.830951894845301,95.8309518948453,10.0,92.0,140.99019513592785,114.92661746658035,18.027756377319946,140.99019513592785,113.12661746658036,0.0,40.0,17.0,10.0,10.0,10.0,1054,1127,166,235,0
47,42,4.242640687119285,94.24264068711929,20.0,92.0,140.99019513592785,114.92661746658035,18.027756377319946,140.99019513592785,113.12661746658036,0.0,40.0,17.0,10.0,10.0,10.0,1054,1127,68,149,0
47,43,3.0,93.0,10.0,92.0,140.99019513592785,114.92661746658035,18.027756377319946,140.99019513592785,113.12661746658036,0.0,40.0,17.0,10.0,10.0,10.0,1054,1127,16,80,0
47,44,5.385164807134504,95.3851648071345,10.0,92.0,140.99019513592785,114.92661746658035,18.027756377319946,140.99019513592785,113.12661746658036,0.0,40.0,17.0,10.0,10.0,10.0,1054,1127,359,412,0
47,45,5.0,95.0,10.0,92.0,140.99019513592785,114.92661746658035,18.027756377319946,140.99019513592785,113.12661746658036,0.0,40.0,17.0,10.0,10.0,10.0,1054,1127,541,600,0
47,46,3.0,93.0,30.0,92.0,140.99019513592785,114.92661746658035,18.027756377319946,140.99019513592785,113.12661746658036,0.0,40.0,17.0,10.0,10.0,10.0,1054,1127,448,509,0
47,48,5.385164807134504,95.3851648071345,10.0,92.0,140.99019513592785,114.92661746658035,18.027756377319946,140.99019513592785,113.12661746658036,0.0,40.0,17.0,10.0,10.0,10.0,1054,1127,632,693,0
47,49,2.0,92.0,10.0,92.0,140.99019513592785,114.92661746658035,18.027756377319946,140.99019513592785,113.12661746658036,0.0,40.0,17.0,10.0,10.0,10.0,1054,1127,1001,1066,0
47,50,5.0,95.0,10.0,92.0,140.99019513592785,114.92661746658035,18.027756377319946,140.99019513592785,113.12661746658036,0.0,40.0,17.0,10.0,10.0,10.0,1054,1127,815,880,0
48,0,23.323807579381203,113.3238075793812,0.0,92.0,145.578772926361,117.91670191999272,23.323807579381203,145.578772926361,116.11670191999272,0.0,40.0,17.0,10.0,10.0,10.0,632,693,0,1236,1
48,1,41.6293165929973,131.6293165929973,10.0,92.0,145.578772926361,117.91670191999272,23.323807579381203,145.578772926361,116.11670191999272,0.0,40.0,17.0,10.0,10.0,10.0,632,693,912,967,0
48,2,43.46262762420146,133.46262762420145,30.0,92.0,145.578772926361,117.91670191999272,23.323807579381203,145.578772926361,116.11670191999272,0.0,40.0,17.0,10.0,10.0,10.0,632,693,825,870,0
48,3,38.62641583165593,128.62641583165595,10.0,92.0,145.578772926361,117.91670191999272,23.323807579381203,145.578772926361,116.11670191999272,0.0,40.0,17.0,10.0,10.0,10.0,632,693,65,146,0
48,4,40.496913462633174,130.4969134626332,10.0,92.0,145.578772926361,117.91670191999272,23.323807579381203,145.578772926361,116.11670191999272,0.0,40.0,17.0,10.0,10.0,10.0,632,693,727,782,0
48,5,37.69615364994153,127.69615364994152,10.0,92.0,145.578772926361,117.91670191999272,23.323807579381203,145.578772926361,116.11670191999272,0.0,40.0,17.0,10.0,10.0,10.0,632,693,15,67,0
48,6,40.80441152620633,130.80441152620634,20.0,92.0,145.578772926361,117.91670191999272,23.323807579381203,145.578772926361,116.11670191999272,0.0,40.0,17.0,10.0,10.0,10.0,632,693,621,702,0
48,7,37.94733192202055,127.94733192202055,20.0,92.0,145.578772926361,117.91670191999272,23.323807579381203,145.578772926361,116.11670191999272,0.0,40.0,17.0,10.0,10.0,10.0,632,693,170,225,0
48,8,39.293765408777,129.293765408777,20.0,92.0,145.578772926361,117.91670191999272,23.323807579381203,145.578772926361,116.11670191999272,0.0,40.0,17.0,10.0,10.0,10.0,632,693,255,324,0
48,9,41.23105625617661,131.2310562561766,10.0,92.0,145.578772926361,117.91670191999272,23.323807579381203,145.578772926361,116.11670191999272,0.0,40.0,17.0,10.0,10.0,10.0,632,693,534,605,0
48,10,36.6742416417845,126.6742416417845,10.0,92.0,145.578772926361,117.91670191999272,23.323807579381203,145.578772926361,116.11670191999272,0.0,40.0,17.0,10.0,10.0,10.0,632,693,357,410,0
48,11,39.6232255123179,129.6232255123179,10.0,92.0,145.578772926361,117.91670191999272,23.323807579381203,145.578772926361,116.11670191999272,0.0,40.0,17.0,10.0,10.0,10.0,632,693,448,505,0
48,12,55.08175741568164,145.08175741568164,20.0,92.0,145.578772926361,117.91670191999272,23.323807579381203,145.578772926361,116.11670191999272,0.0,40.0,17.0,10.0,10.0,10.0,632,693,652,721,0
48,13,45.39823785126467,135.39823785126467,30.0,92.0,145.578772926361,117.91670191999272,23.323807579381203,145.578772926361,116.11670191999272,0.0,40.0,17.0,10.0,10.0,10.0,632,693,30,92,0
48,14,55.326304774492215,145.3263047744922,10.0,92.0,145.578772926361,117.91670191999272,23.323807579381203,145.578772926361,116.11670191999272,0.0,40.0,17.0,10.0,10.0,10.0,632,693,567,620,0
48,15,50.635955604688654,140.63595560468866,40.0,92.0,145.578772926361,117.91670191999272,23.323807579381203,145.578772926361,116.11670191999272,0.0,40.0,17.0,10.0,10.0,10.0,632,693,384,429,0
48,16,55.57877292636101,145.578772926361,40.0,92.0,145.578772926361,117.91670191999272,23.323807579381203,145.578772926361,116.11670191999272,0.0,40.0,17.0,10.0,10.0,10.0,632,693,475,528,0
48,17,46.09772228646444,136.09772228646443,20.0,92.0,145.578772926361,117.91670191999272,23.323807579381203,145.578772926361,116.11670191999272,0.0,40.0,17.0,10.0,10.0,10.0,632,693,99,148,0
48,18,46.84015371452148,136.84015371452148,20.0,92.0,145.578772926361,117.91670191999272,23.323807579381203,145.578772926361,116.11670191999272,0.0,40.0,17.0,10.0,10.0,10.0,632,693,179,254,0
48,19,51.66236541235796,141.66236541235796,10.0,92.0,145.578772926361,117.91670191999272,23.323807579381203,145.578772926361,116.11670191999272,0.0,40.0,17.0,10.0,10.0,10.0,632,693,278,345,0
48,20,20.09975124224178,110.09975124224178,10.0,92.0,145.578772926361,117.91670191999272,23.323807579381203,145.578772926361,116.11670191999272,0.0,40.0,17.0,10.0,10.0,10.0,632,693,10,73,0
48,21,22.090722034374522,112.09072203437452,20.0,92.0,145.578772926361,117.91670191999272,23.323807579381203,145.578772926361,116.11670191999272,0.0,40.0,17.0,10.0,10.0,10.0,632,693,914,965,0
48,22,22.0,112.0,20.0,92.0,145.578772926361,117.91670191999272,23.323807579381203,145.578772926361,116.11670191999272,0.0,40.0,17.0,10.0,10.0,10.0,632,693,812,883,1
48,23,25.0,115.0,10.0,92.0,145.578772926361,117.91670191999272,23.323807579381203,145.578772926361,116.11670191999272,0.0,40.0,17.0,10.0,10.0,10.0,632,693,732,777,1
48,24,20.223748416156685,110.22374841615668,10.0,92.0,145.578772926361,117.91670191999272,23.323807579381203,145.578772926361,116.11670191999272,0.0,40.0,17.0,10.0,10.0,10.0,632,693,65,144,0
48,25,22.20360331117452,112.20360331117452,40.0,92.0,145.578772926361,117.91670191999272,23.323807579381203,145.578772926361,116.11670191999272,0.0,40.0,17.0,10.0,10.0,10.0,632,693,169,224,0
48,26,25.179356624028344,115.17935662402834,10.0,92.0,145.578772926361,117.91670191999272,23.323807579381203,145.578772926361,116.11670191999272,0.0,40.0,17.0,10.0,10.0,10.0,632,693,622,701,0
48,27,22.561028345356956,112.56102834535696,10.0,92.0,145.578772926361,117.91670191999272,23.323807579381203,145.578772926361,116.11670191999272,0.0,40.0,17.0,10.0,10.0,10.0,632,693,261,316,0
48,28,25.495097567963924,115.49509756796392,20.0,92.0,145.578772926361,117.91670191999272,23.323807579381203,145.578772926361,116.11670191999272,0.0,40.0,17.0,10.0,10.0,10.0,632,693,546,593,0
48,29,21.540659228538015,111.54065922853802,10.0,92.0,145.578772926361,117.91670191999272,23.323807579381203,145.578772926361,116.11670191999272,0.0,40.0,17.0,10.0,10.0,10.0,632,693,358,405,0
48,30,26.248809496813376,116.24880949681338,10.0,92.0,145.578772926361,117.91670191999272,23.323807579381203,145.578772926361,116.11670191999272,0.0,40.0,17.0,10.0,10.0,10.0,632,693,449,504,0
48,31,18.681541692269406,108.6815416922694,20.0,92.0,145.578772926361,117.91670191999272,23.323807579381203,145.578772926361,116.11670191999272,0.0,40.0,17.0,10.0,10.0,10.0,632,693,200,237,0
48,32,20.591260281974,110.591260281974,30.0,92.0,145.578772926361,117.91670191999272,23.323807579381203,145.578772926361,116.11670191999272,0.0,40.0,17.0,10.0,10.0,10.0,632,693,31,100,0
48,33,22.360679774997898,112.36067977499789,40.0,92.0,145.578772926361,117.91670191999272,23.323807579381203,145.578772926361,116.11670191999272,0.0,40.0,17.0,10.0,10.0,10.0,632,693,87,158,0
48,34,25.0,115.0,20.0,92.0,145.578772926361,117.91670191999272,23.323807579381203,145.578772926361,116.11670191999272,0.0,40.0,17.0,10.0,10.0,10.0,632,693,751,816,1
48,35,23.53720459187964,113.53720459187964,10.0,92.0,145.578772926361,117.91670191999272,23.323807579381203,145.578772926361,116.11670191999272,0.0,40.0,17.0,10.0,10.0,10.0,632,693,283,344,0
48,36,27.459060435491963,117.45906043549196,10.0,92.0,145.578772926361,117.91670191999272,23.323807579381203,145.578772926361,116.11670191999272,0.0,40.0,17.0,10.0,10.0,10.0,632,693,665,716,0
48,37,27.85677655436824,117.85677655436824,20.0,92.0,145.578772926361,117.91670191999272,23.323807579381203,145.578772926361,116.11670191999272,0.0,40.0,17.0,10.0,10.0,10.0,632,693,383,434,0
48,38,29.732137494637012,119.73213749463702,30.0,92.0,145.578772926361,117.91670191999272,23.323807579381203,145.578772926361,116.11670191999272,0.0,40.0,17.0,10.0,10.0,10.0,632,693,479,522,0
48,39,31.76476034853718,121.76476034853718,20.0,92.0,145.578772926361,117.91670191999272,23.323807579381203,145.578772926361,116.11670191999272,0.0,40.0,17.0,10.0,10.0,10.0,632,693,567,624,0
48,40,7.0,97.0,10.0,92.0,145.578772926361,117.91670191999272,23.323807579381203,145.578772926361,116.11670191999272,0.0,40.0,17.0,10.0,10.0,10.0,632,693,264,321,0
48,41,7.280109889280518,97.28010988928052,10.0,92.0,145.578772926361,117.91670191999272,23.323807579381203,145.578772926361,116.11670191999272,0.0,40.0,17.0,10.0,10.0,10.0,632,693,166,235,0
48,42,5.385164807134504,95.3851648071345,20.0,92.0,145.578772926361,117.91670191999272,23.323807579381203,145.578772926361,116.11670191999272,0.0,40.0,17.0,10.0,10.0,10.0,632,693,68,149,0
48,43,7.0710678118654755,97.07106781186548,10.0,92.0,145.578772926361,117.91670191999272,23.323807579381203,145.578772926361,116.11670191999272,0.0,40.0,17.0,10.0,10.0,10.0,632,693,16,80,0
48,44,4.0,94.0,10.0,92.0,145.578772926361,117.91670191999272,23.323807579381203,145.578772926361,116.11670191999272,0.0,40.0,17.0,10.0,10.0,10.0,632,693,359,412,0
48,45,2.0,92.0,10.0,92.0,145.578772926361,117.91670191999272,23.323807579381203,145.578772926361,116.11670191999272,0.0,40.0,17.0,10.0,10.0,10.0,632,693,541,600,0
48,46,2.8284271247461903,92.82842712474618,30.0,92.0,145.578772926361,117.91670191999272,23.323807579381203,145.578772926361,116.11670191999272,0.0,40.0,17.0,10.0,10.0,10.0,632,693,448,509,0
48,47,5.385164807134504,95.3851648071345,10.0,92.0,145.578772926361,117.91670191999272,23.323807579381203,145.578772926361,116.11670191999272,0.0,40.0,17.0,10.0,10.0,10.0,632,693,1054,1127,1
48,49,5.0,95.0,10.0,92.0,145.578772926361,117.91670191999272,23.323807579381203,145.578772926361,116.11670191999272,0.0,40.0,17.0,10.0,10.0,10.0,632,693,1001,1066,1
48,50,2.8284271247461903,92.82842712474618,10.0,92.0,145.578772926361,117.91670191999272,23.323807579381203,145.578772926361,116.11670191999272,0.0,40.0,17.0,10.0,10.0,10.0,632,693,815,880,1
49,0,19.209372712298546,109.20937271229855,0.0,92.0,140.63595560468866,114.73194237811376,19.209372712298546,140.63595560468866,112.93194237811376,0.0,40.0,17.0,10.0,10.0,10.0,1001,1066,0,1236,1
49,1,37.12142238654117,127.12142238654117,10.0,92.0,140.63595560468866,114.73194237811376,19.209372712298546,140.63595560468866,112.93194237811376,0.0,40.0,17.0,10.0,10.0,10.0,1001,1066,912,967,0
49,2,38.91015291668744,128.91015291668742,30.0,92.0,140.63595560468866,114.73194237811376,19.209372712298546,140.63595560468866,112.93194237811376,0.0,40.0,17.0,10.0,10.0,10.0,1001,1066,825,870,0
49,3,34.0147027033899,124.0147027033899,10.0,92.0,140.63595560468866,114.73194237811376,19.209372712298546,140.63595560468866,112.93194237811376,0.0,40.0,17.0,10.0,10.0,10.0,1001,1066,65,146,0
49,4,35.84689665786984,125.84689665786985,10.0,92.0,140.63595560468866,114.73194237811376,19.209372712298546,140.63595560468866,112.93194237811376,0.0,40.0,17.0,10.0,10.0,10.0,1001,1066,727,782,0
49,5,33.1058907144937,123.1058907144937,10.0,92.0,140.63595560468866,114.73194237811376,19.209372712298546,140.63595560468866,112.93194237811376,0.0,40.0,17.0,10.0,10.0,10.0,1001,1066,15,67,0
49,6,36.05551275463989,126.05551275463989,20.0,92.0,140.63595560468866,114.73194237811376,19.209372712298546,140.63595560468866,112.93194237811376,0.0,40.0,17.0,10.0,10.0,10.0,1001,1066,621,702,0
49,7,33.24154027718932,123.24154027718933,20.0,92.0,140.63595560468866,114.73194237811376,19.209372712298546,140.63595560468866,112.93194237811376,0.0,40.0,17.0,10.0,10.0,10.0,1001,1066,170,225,0
49,8,34.48187929913333,124.48187929913334,20.0,92.0,140.63595560468866,114.73194237811376,19.209372712298546,140.63595560468866,112.93194237811376,0.0,40.0,17.0,10.0,10.0,10.0,1001,1066,255,324,0
49,9,36.40054944640259,126.4005494464026,10.0,92.0,140.63595560468866,114.73194237811376,19.209372712298546,140.63595560468866,112.93194237811376,0.0,40.0,17.0,10.0,10.0,10.0,1001,1066,534,605,0
49,10,31.78049716414141,121.78049716414141,10.0,92.0,140.63595560468866,114.73194237811376,19.209372712298546,140.63595560468866,112.93194237811376,0.0,40.0,17.0,10.0,10.0,10.0,1001,1066,357,410,0
49,11,34.713109915419565,124.71310991541957,10.0,92.0,140.63595560468866,114.73194237811376,19.209372712298546,140.63595560468866,112.93194237811376,0.0,40.0,17.0,10.0,10.0,10.0,1001,1066,448,505,0
49,12,50.08991914547278,140.08991914547278,20.0,92.0,140.63595560468866,114.73194237811376,19.209372712298546,140.63595560468866,112.93194237811376,0.0,40.0,17.0,10.0,10.0,10.0,1001,1066,652,721,0
49,13,40.44749683231337,130.44749683231336,30.0,92.0,140.63595560468866,114.73194237811376,19.209372712298546,140.63595560468866,112.93194237811376,0.0,40.0,17.0,10.0,10.0,10.0,1001,1066,30,92,0
49,14,50.35871324805669,140.3587132480567,10.0,92.0,140.63595560468866,114.73194237811376,19.209372712298546,140.63595560468866,112.93194237811376,0.0,40.0,17.0,10.0,10.0,10.0,1001,1066,567,620,0
49,15,45.70557952810576,135.70557952810577,40.0,92.0,140.63595560468866,114.73194237811376,19.209372712298546,140.63595560468866,112.93194237811376,0.0,40.0,17.0,10.0,10.0,10.0,1001,1066,384,429,0
49,16,50.635955604688654,140.63595560468866,40.0,92.0,140.63595560468866,114.73194237811376,19.209372712298546,140.63595560468866,112.93194237811376,0.0,40.0,17.0,10.0,10.0,10.0,1001,1066,475,528,0
49,17,41.23105625617661,131.2310562561766,20.0,92.0,140.63595560468866,114.73194237811376,19.209372712298546,140.63595560468866,112.93194237811376,0.0,40.0,17.0,10.0,10.0,10.0,1001,1066,99,148,0
49,18,42.05948168962618,132.05948168962618,20.0,92.0,140.63595560468866,114.73194237811376,19.209372712298546,140.63595560468866,112.93194237811376,0.0,40.0,17.0,10.0,10.0,10.0,1001,1066,179,254,0
49,19,46.84015371452148,136.84015371452148,10.0,92.0,140.63595560468866,114.73194237811376,19.209372712298546,140.63595560468866,112.93194237811376,0.0,40.0,17.0,10.0,10.0,10.0,1001,1066,278,345,0
49,20,15.132745950421556,105.13274595042155,10.0,92.0,140.63595560468866,114.73194237811376,19.209372712298546,140.63595560468866,112.93194237811376,0.0,40.0,17.0,10.0,10.0,10.0,1001,1066,10,73,0
49,21,17.11724276862369,107.1172427686237,20.0,92.0,140.63595560468866,114.73194237811376,19.209372712298546,140.63595560468866,112.93194237811376,0.0,40.0,17.0,10.0,10.0,10.0,1001,1066,914,965,0
49,22,17.0,107.0,20.0,92.0,140.63595560468866,114.73194237811376,19.209372712298546,140.63595560468866,112.93194237811376,0.0,40.0,17.0,10.0,10.0,10.0,1001,1066,812,883,0
49,23,20.0,110.0,10.0,92.0,140.63595560468866,114.73194237811376,19.209372712298546,140.63595560468866,112.93194237811376,0.0,40.0,17.0,10.0,10.0,10.0,1001,1066,732,777,0
49,24,15.297058540778355,105.29705854077835,10.0,92.0,140.63595560468866,114.73194237811376,19.209372712298546,140.63595560468866,112.93194237811376,0.0,40.0,17.0,10.0,10.0,10.0,1001,1066,65,144,0
49,25,17.26267650163207,107.26267650163207,40.0,92.0,140.63595560468866,114.73194237811376,19.209372712298546,140.63595560468866,112.93194237811376,0.0,40.0,17.0,10.0,10.0,10.0,1001,1066,169,224,0
49,26,20.223748416156685,110.22374841615668,10.0,92.0,140.63595560468866,114.73194237811376,19.209372712298546,140.63595560468866,112.93194237811376,0.0,40.0,17.0,10.0,10.0,10.0,1001,1066,622,701,0
49,27,17.72004514666935,107.72004514666935,10.0,92.0,140.63595560468866,114.73194237811376,19.209372712298546,140.63595560468866,112.93194237811376,0.0,40.0,17.0,10.0,10.0,10.0,1001,1066,261,316,0
49,28,20.615528128088304,110.6155281280883,20.0,92.0,140.63595560468866,114.73194237811376,19.209372712298546,140.63595560468866,112.93194237811376,0.0,40.0,17.0,10.0,10.0,10.0,1001,1066,546,593,0
49,29,17.0,107.0,10.0,92.0,140.63595560468866,114.73194237811376,19.209372712298546,140.63595560468866,112.93194237811376,0.0,40.0,17.0,10.0,10.0,10.0,1001,1066,358,405,0
49,30,21.540659228538015,111.54065922853802,10.0,92.0,140.63595560468866,114.73194237811376,19.209372712298546,140.63595560468866,112.93194237811376,0.0,40.0,17.0,10.0,10.0,10.0,1001,1066,449,504,0
49,31,18.0,108.0,20.0,92.0,140.63595560468866,114.73194237811376,19.209372712298546,140.63595560468866,112.93194237811376,0.0,40.0,17.0,10.0,10.0,10.0,1001,1066,200,237,0
49,32,18.681541692269406,108.6815416922694,30.0,92.0,140.63595560468866,114.73194237811376,19.209372712298546,140.63595560468866,112.93194237811376,0.0,40.0,17.0,10.0,10.0,10.0,1001,1066,31,100,0
49,33,20.615528128088304,110.6155281280883,40.0,92.0,140.63595560468866,114.73194237811376,19.209372712298546,140.63595560468866,112.93194237811376,0.0,40.0,17.0,10.0,10.0,10.0,1001,1066,87,158,0
49,34,22.360679774997898,112.36067977499789,20.0,92.0,140.63595560468866,114.73194237811376,19.209372712298546,140.63595560468866,112.93194237811376,0.0,40.0,17.0,10.0,10.0,10.0,1001,1066,751,816,0
49,35,23.0,113.0,10.0,92.0,140.63595560468866,114.73194237811376,19.209372712298546,140.63595560468866,112.93194237811376,0.0,40.0,17.0,10.0,10.0,10.0,1001,1066,283,344,0
49,36,25.079872407968907,115.0798724079689,10.0,92.0,140.63595560468866,114.73194237811376,19.209372712298546,140.63595560468866,112.93194237811376,0.0,40.0,17.0,10.0,10.0,10.0,1001,1066,665,716,0
49,37,26.476404589747453,116.47640458974746,20.0,92.0,140.63595560468866,114.73194237811376,19.209372712298546,140.63595560468866,112.93194237811376,0.0,40.0,17.0,10.0,10.0,10.0,1001,1066,383,434,0
49,38,28.442925306655784,118.44292530665578,30.0,92.0,140.63595560468866,114.73194237811376,19.209372712298546,140.63595560468866,112.93194237811376,0.0,40.0,17.0,10.0,10.0,10.0,1001,1066,479,522,0
49,39,29.732137494637012,119.73213749463702,20.0,92.0,140.63595560468866,114.73194237811376,19.209372712298546,140.63595560468866,112.93194237811376,0.0,40.0,17.0,10.0,10.0,10.0,1001,1066,567,624,0
49,40,8.602325267042627,98.60232526704263,10.0,92.0,140.63595560468866,114.73194237811376,19.209372712298546,140.63595560468866,112.93194237811376,0.0,40.0,17.0,10.0,10.0,10.0,1001,1066,264,321,0
49,41,7.615773105863909,97.61577310586391,10.0,92.0,140.63595560468866,114.73194237811376,19.209372712298546,140.63595560468866,112.93194237811376,0.0,40.0,17.0,10.0,10.0,10.0,1001,1066,166,235,0
49,42,5.830951894845301,95.8309518948453,20.0,92.0,140.63595560468866,114.73194237811376,19.209372712298546,140.63595560468866,112.93194237811376,0.0,40.0,17.0,10.0,10.0,10.0,1001,1066,68,149,0
49,43,5.0,95.0,10.0,92.0,140.63595560468866,114.73194237811376,19.209372712298546,140.63595560468866,112.93194237811376,0.0,40.0,17.0,10.0,10.0,10.0,1001,1066,16,80,0
49,44,6.4031242374328485,96.40312423743285,10.0,92.0,140.63595560468866,114.73194237811376,19.209372712298546,140.63595560468866,112.93194237811376,0.0,40.0,17.0,10.0,10.0,10.0,1001,1066,359,412,0
49,45,5.385164807134504,95.3851648071345,10.0,92.0,140.63595560468866,114.73194237811376,19.209372712298546,140.63595560468866,112.93194237811376,0.0,40.0,17.0,10.0,10.0,10.0,1001,1066,541,600,0
49,46,3.605551275463989,93.605551275464,30.0,92.0,140.63595560468866,114.73194237811376,19.209372712298546,140.63595560468866,112.93194237811376,0.0,40.0,17.0,10.0,10.0,10.0,1001,1066,448,509,0
49,47,2.0,92.0,10.0,92.0,140.63595560468866,114.73194237811376,19.209372712298546,140.63595560468866,112.93194237811376,0.0,40.0,17.0,10.0,10.0,10.0,1001,1066,1054,1127,1
49,48,5.0,95.0,10.0,92.0,140.63595560468866,114.73194237811376,19.209372712298546,140.63595560468866,112.93194237811376,0.0,40.0,17.0,10.0,10.0,10.0,1001,1066,632,693,0
49,50,3.605551275463989,93.605551275464,10.0,92.0,140.63595560468866,114.73194237811376,19.209372712298546,140.63595560468866,112.93194237811376,0.0,40.0,17.0,10.0,10.0,10.0,1001,1066,815,880,0
50,0,22.80350850198276,112.80350850198276,0.0,92.82842712474618,143.33854141237833,116.54633713569541,22.80350850198276,143.33854141237833,114.74633713569541,0.0,40.0,17.0,10.0,10.0,10.0,815,880,0,1236,1
50,1,40.70626487409524,130.70626487409524,10.0,92.82842712474618,143.33854141237833,116.54633713569541,22.80350850198276,143.33854141237833,114.74633713569541,0.0,40.0,17.0,10.0,10.0,10.0,815,880,912,967,0
50,2,42.485291572496,132.485291572496,30.0,92.82842712474618,143.33854141237833,116.54633713569541,22.80350850198276,143.33854141237833,114.74633713569541,0.0,40.0,17.0,10.0,10.0,10.0,815,880,825,870,0
50,3,37.57658845611187,127.57658845611186,10.0,92.82842712474618,143.33854141237833,116.54633713569541,22.80350850198276,143.33854141237833,114.74633713569541,0.0,40.0,17.0,10.0,10.0,10.0,815,880,65,146,0
50,4,39.395431207184416,129.3954312071844,10.0,92.82842712474618,143.33854141237833,116.54633713569541,22.80350850198276,143.33854141237833,114.74633713569541,0.0,40.0,17.0,10.0,10.0,10.0,815,880,727,782,0
50,5,36.6742416417845,126.6742416417845,10.0,92.82842712474618,143.33854141237833,116.54633713569541,22.80350850198276,143.33854141237833,114.74633713569541,0.0,40.0,17.0,10.0,10.0,10.0,815,880,15,67,0
50,6,39.56008088970496,129.56008088970498,20.0,92.82842712474618,143.33854141237833,116.54633713569541,22.80350850198276,143.33854141237833,114.74633713569541,0.0,40.0,17.0,10.0,10.0,10.0,815,880,621,702,0
50,7,36.76955262170047,126.76955262170047,20.0,92.82842712474618,143.33854141237833,116.54633713569541,22.80350850198276,143.33854141237833,114.74633713569541,0.0,40.0,17.0,10.0,10.0,10.0,815,880,170,225,0
50,8,37.94733192202055,127.94733192202055,20.0,92.82842712474618,143.33854141237833,116.54633713569541,22.80350850198276,143.33854141237833,114.74633713569541,0.0,40.0,17.0,10.0,10.0,10.0,815,880,255,324,0
50,9,39.84971769034255,129.84971769034254,10.0,92.82842712474618,143.33854141237833,116.54633713569541,22.80350850198276,143.33854141237833,114.74633713569541,0.0,40.0,17.0,10.0,10.0,10.0,815,880,534,605,0
50,10,35.17101079013795,125.17101079013796,10.0,92.82842712474618,143.33854141237833,116.54633713569541,22.80350850198276,143.33854141237833,114.74633713569541,0.0,40.0,17.0,10.0,10.0,10.0,815,880,357,410,0
50,11,38.07886552931954,128.07886552931956,10.0,92.82842712474618,143.33854141237833,116.54633713569541,22.80350850198276,143.33854141237833,114.74633713569541,0.0,40.0,17.0,10.0,10.0,10.0,815,880,448,505,0
50,12,53.009433122794285,143.0094331227943,20.0,92.82842712474618,143.33854141237833,116.54633713569541,22.80350850198276,143.33854141237833,114.74633713569541,0.0,40.0,17.0,10.0,10.0,10.0,815,880,652,721,0
50,13,43.18564576337837,133.18564576337837,30.0,92.82842712474618,143.33854141237833,116.54633713569541,22.80350850198276,143.33854141237833,114.74633713569541,0.0,40.0,17.0,10.0,10.0,10.0,815,880,30,92,0
50,14,53.150729063673246,143.15072906367325,10.0,92.82842712474618,143.33854141237833,116.54633713569541,22.80350850198276,143.33854141237833,114.74633713569541,0.0,40.0,17.0,10.0,10.0,10.0,815,880,567,620,0
50,15,48.373546489791295,138.3735464897913,40.0,92.82842712474618,143.33854141237833,116.54633713569541,22.80350850198276,143.33854141237833,114.74633713569541,0.0,40.0,17.0,10.0,10.0,10.0,815,880,384,429,0
50,16,53.33854141237835,143.33854141237833,40.0,92.82842712474618,143.33854141237833,116.54633713569541,22.80350850198276,143.33854141237833,114.74633713569541,0.0,40.0,17.0,10.0,10.0,10.0,815,880,475,528,0
50,17,43.73785545725808,133.7378554572581,20.0,92.82842712474618,143.33854141237833,116.54633713569541,22.80350850198276,143.33854141237833,114.74633713569541,0.0,40.0,17.0,10.0,10.0,10.0,815,880,99,148,0
50,18,44.384682042344295,134.3846820423443,20.0,92.82842712474618,143.33854141237833,116.54633713569541,22.80350850198276,143.33854141237833,114.74633713569541,0.0,40.0,17.0,10.0,10.0,10.0,815,880,179,254,0
50,19,49.24428900898052,139.24428900898053,10.0,92.82842712474618,143.33854141237833,116.54633713569541,22.80350850198276,143.33854141237833,114.74633713569541,0.0,40.0,17.0,10.0,10.0,10.0,815,880,278,345,0
50,20,18.439088914585774,108.43908891458577,10.0,92.82842712474618,143.33854141237833,116.54633713569541,22.80350850198276,143.33854141237833,114.74633713569541,0.0,40.0,17.0,10.0,10.0,10.0,815,880,10,73,0
50,21,20.396078054371138,110.39607805437115,20.0,92.82842712474618,143.33854141237833,116.54633713569541,22.80350850198276,143.33854141237833,114.74633713569541,0.0,40.0,17.0,10.0,10.0,10.0,815,880,914,965,1
50,22,20.09975124224178,110.09975124224178,20.0,92.82842712474618,143.33854141237833,116.54633713569541,22.80350850198276,143.33854141237833,114.74633713569541,0.0,40.0,17.0,10.0,10.0,10.0,815,880,812,883,0
50,23,23.08679276123039,113.08679276123038,10.0,92.82842712474618,143.33854141237833,116.54633713569541,22.80350850198276,143.33854141237833,114.74633713569541,0.0,40.0,17.0,10.0,10.0,10.0,815,880,732,777,0
50,24,18.027756377319946,108.02775637731995,10.0,92.82842712474618,143.33854141237833,116.54633713569541,22.80350850198276,143.33854141237833,114.74633713569541,0.0,40.0,17.0,10.0,10.0,10.0,815,880,65,144,0
50,25,20.024984394500787,110.02498439450079,40.0,92.82842712474618,143.33854141237833,116.54633713569541,22.80350850198276,143.33854141237833,114.74633713569541,0.0,40.0,17.0,10.0,10.0,10.0,815,880,169,224,0
50,26,23.021728866442675,113.02172886644267,10.0,92.82842712474618,143.33854141237833,116.54633713569541,22.80350850198276,143.33854141237833,114.74633713569541,0.0,40.0,17.0,10.0,10.0,10.0,815,880,622,701,0
50,27,20.223748416156685,110.22374841615668,10.0,92.82842712474618,143.33854141237833,116.54633713569541,22.80350850198276,143.33854141237833,114.74633713569541,0.0,40.0,17.0,10.0,10.0,10.0,815,880,261,316,0
50,28,23.194827009486403,113.1948270094864,20.0,92.82842712474618,143.33854141237833,116.54633713569541,22.80350850198276,143.33854141237833,114.74633713569541,0.0,40.0,17.0,10.0,10.0,10.0,815,880,546,593,0
50,29,18.973665961010276,108.97366596101028,10.0,92.82842712474618,143.33854141237833,116.54633713569541,22.80350850198276,143.33854141237833,114.74633713569541,0.0,40.0,17.0,10.0,10.0,10.0,815,880,358,405,0
50,30,23.769728648009426,113.76972864800942,10.0,92.82842712474618,143.33854141237833,116.54633713569541,22.80350850198276,143.33854141237833,114.74633713569541,0.0,40.0,17.0,10.0,10.0,10.0,815,880,449,504,0
50,31,16.278820596099706,106.2788205960997,20.0,92.82842712474618,143.33854141237833,116.54633713569541,22.80350850198276,143.33854141237833,114.74633713569541,0.0,40.0,17.0,10.0,10.0,10.0,815,880,200,237,0
50,32,17.88854381999832,107.88854381999832,30.0,92.82842712474618,143.33854141237833,116.54633713569541,22.80350850198276,143.33854141237833,114.74633713569541,0.0,40.0,17.0,10.0,10.0,10.0,815,880,31,100,0
50,33,19.697715603592208,109.6977156035922,40.0,92.82842712474618,143.33854141237833,116.54633713569541,22.80350850198276,143.33854141237833,114.74633713569541,0.0,40.0,17.0,10.0,10.0,10.0,815,880,87,158,0
50,34,22.20360331117452,112.20360331117452,20.0,92.82842712474618,143.33854141237833,116.54633713569541,22.80350850198276,143.33854141237833,114.74633713569541,0.0,40.0,17.0,10.0,10.0,10.0,815,880,751,816,0
50,35,21.213203435596427,111.21320343559643,10.0,92.82842712474618,143.33854141237833,116.54633713569541,22.80350850198276,143.33854141237833,114.74633713569541,0.0,40.0,17.0,10.0,10.0,10.0,815,880,283,344,0
50,36,24.698178070456937,114.69817807045693,10.0,92.82842712474618,143.33854141237833,116.54633713569541,22.80350850198276,143.33854141237833,114.74633713569541,0.0,40.0,17.0,10.0,10.0,10.0,815,880,665,716,0
50,37,25.298221281347036,115.29822128134704,20.0,92.82842712474618,143.33854141237833,116.54633713569541,22.80350850198276,143.33854141237833,114.74633713569541,0.0,40.0,17.0,10.0,10.0,10.0,815,880,383,434,0
50,38,27.202941017470888,117.20294101747089,30.0,92.82842712474618,143.33854141237833,116.54633713569541,22.80350850198276,143.33854141237833,114.74633713569541,0.0,40.0,17.0,10.0,10.0,10.0,815,880,479,522,0
50,39,29.068883707497267,119.06888370749726,20.0,92.82842712474618,143.33854141237833,116.54633713569541,22.80350850198276,143.33854141237833,114.74633713569541,0.0,40.0,17.0,10.0,10.0,10.0,815,880,567,624,0
50,40,9.219544457292887,99.21954445729288,10.0,92.82842712474618,143.33854141237833,116.54633713569541,22.80350850198276,143.33854141237833,114.74633713569541,0.0,40.0,17.0,10.0,10.0,10.0,815,880,264,321,0
50,41,9.0,99.0,10.0,92.82842712474618,143.33854141237833,116.54633713569541,22.80350850198276,143.33854141237833,114.74633713569541,0.0,40.0,17.0,10.0,10.0,10.0,815,880,166,235,0
50,42,7.0,97.0,20.0,92.82842712474618,143.33854141237833,116.54633713569541,22.80350850198276,143.33854141237833,114.74633713569541,0.0,40.0,17.0,10.0,10.0,10.0,815,880,68,149,0
50,43,7.615773105863909,97.61577310586391,10.0,92.82842712474618,143.33854141237833,116.54633713569541,22.80350850198276,143.33854141237833,114.74633713569541,0.0,40.0,17.0,10.0,10.0,10.0,815,880,16,80,0
50,44,6.324555320336759,96.32455532033676,10.0,92.82842712474618,143.33854141237833,116.54633713569541,22.80350850198276,143.33854141237833,114.74633713569541,0.0,40.0,17.0,10.0,10.0,10.0,815,880,359,412,0
50,45,4.47213595499958,94.47213595499957,10.0,92.82842712474618,143.33854141237833,116.54633713569541,22.80350850198276,143.33854141237833,114.74633713569541,0.0,40.0,17.0,10.0,10.0,10.0,815,880,541,600,0
50,46,4.0,94.0,30.0,92.82842712474618,143.33854141237833,116.54633713569541,22.80350850198276,143.33854141237833,114.74633713569541,0.0,40.0,17.0,10.0,10.0,10.0,815,880,448,509,0
50,47,5.0,95.0,10.0,92.82842712474618,143.33854141237833,116.54633713569541,22.80350850198276,143.33854141237833,114.74633713569541,0.0,40.0,17.0,10.0,10.0,10.0,815,880,1054,1127,1
50,48,2.8284271247461903,92.82842712474618,10.0,92.82842712474618,143.33854141237833,116.54633713569541,22.80350850198276,143.33854141237833,114.74633713569541,0.0,40.0,17.0,10.0,10.0,10.0,815,880,632,693,0
50,49,3.605551275463989,93.605551275464,10.0,92.82842712474618,143.33854141237833,116.54633713569541,22.80350850198276,143.33854141237833,114.74633713569541,0.0,40.0,17.0,10.0,10.0,10.0,815,880,1001,1066,1
